2026-04-14 17:00:46,795 [INFO] LAC 已加载
2026-04-14 17:00:52,899 [DEBUG] Building prefix dict from the default dictionary ...
2026-04-14 17:00:52,902 [DEBUG] Loading model from cache C:\Users\25485\AppData\Local\Temp\jieba.cache
2026-04-14 17:00:53,434 [DEBUG] Loading model cost 0.535 seconds.
2026-04-14 17:00:53,434 [DEBUG] Prefix dict has been built successfully.
2026-04-14 17:00:53,437 [INFO] 
处理: 0001_[临时公告]鑫融基被列入失信被执行人的公告.pdf
2026-04-14 17:00:53,548 [INFO]   分类: 公司被纳入 | 公司: 挂牌公司，河南鑫融基金控股份有限公司 | 姓名: 
2026-04-14 17:00:53,549 [INFO] 
处理: 0002_[临时公告]奇才股份关于公司控股股东、实际控制人被纳入失信被执行人及公司被纳入失信被执行人进展的公告.pdf
2026-04-14 17:00:53,769 [INFO]   分类: 个人被纳入 | 公司: 苏州奇才电子科技股份有限公司 | 姓名: 费福根
2026-04-14 17:00:53,769 [INFO] 
处理: 0003_[临时公告]中标集团被列入失信被执行人的公告.pdf
2026-04-14 17:00:53,878 [INFO]   分类: 公司被纳入 | 公司: 中标建设集团股份有限公司 | 姓名: 
2026-04-14 17:00:53,878 [INFO] 
处理: 0004_[临时公告]ST宇宁被列入失信被执行人的公告.pdf
2026-04-14 17:00:54,039 [INFO]   分类: 公司被纳入 | 公司: 安徽宇宁果胶股份有限公司，徽宇宁果胶股份有限公司 | 姓名: 
2026-04-14 17:00:54,040 [INFO] 
处理: 0005_[临时公告]徒河食品被列入失信被执行人的公告.pdf
2026-04-14 17:00:54,222 [INFO]   分类: 公司被纳入 | 公司: 西藏徒河食品股份有限公司 | 姓名: 
2026-04-14 17:00:54,222 [INFO] 
处理: 0006_[临时公告]中标集团被列入失信被执行人的公告.pdf
2026-04-14 17:00:54,321 [INFO]   分类: 公司被纳入 | 公司: 中标建设集团股份有限公司 | 姓名: 
2026-04-14 17:00:54,321 [INFO] 
处理: 0007_[临时公告]中标集团被列入失信被执行人的公告.pdf
2026-04-14 17:00:54,453 [INFO]   分类: 公司被纳入 | 公司: 中标建设集团股份有限公司 | 姓名: 
2026-04-14 17:00:54,453 [INFO] 
处理: 0008_[临时公告]春秋园林被列入失信被执行人的公告.pdf
2026-04-14 17:00:54,550 [INFO]   分类: 公司被纳入 | 公司: 新疆春秋园林股份有限公司 | 姓名: 
2026-04-14 17:00:54,550 [INFO] 
处理: 0009_[临时公告]中标集团被列入失信被执行人的公告.pdf
2026-04-14 17:00:54,634 [INFO]   分类: 公司被纳入 | 公司: 中标建设集团股份有限公司 | 姓名: 
2026-04-14 17:00:54,634 [INFO] 
处理: 0010_[临时公告]ST玉兔被列入失信被执行人的公告.pdf
2026-04-14 17:00:54,764 [INFO]   分类: 公司被纳入 | 公司:  | 姓名: 
2026-04-14 17:00:54,764 [INFO] 
处理: 0011_[临时公告]华维电瓷被列入失信被执行人的公告.pdf
2026-04-14 17:00:54,855 [INFO]   分类: 公司被纳入 | 公司: 萍乡华维电瓷科技股份有限公司 | 姓名: 
2026-04-14 17:00:54,856 [INFO] 
处理: 0012_[临时公告]盈谷股份关于公司撤销失信被执行人公告.pdf
2026-04-14 17:00:54,994 [INFO]   分类: 公司被撤销 | 公司:  | 姓名: 
2026-04-14 17:00:54,994 [INFO] 
处理: 0013_[临时公告]佳瑞高科公司被列入失信被执行人的公告.pdf
2026-04-14 17:00:55,068 [INFO]   分类: 公司被纳入 | 公司: 平顶山佳瑞高科实业股份有限公司 | 姓名: 
2026-04-14 17:00:55,068 [INFO] 
处理: 0014_[临时公告]添庆股份被列入失信被执行人的公告(补发).pdf
2026-04-14 17:00:55,168 [INFO]   分类: 公司被纳入 | 公司: 宁波昌昱电子商务有限公司 | 姓名: 
2026-04-14 17:00:55,168 [INFO] 
处理: 0015_[临时公告]ST峻岭被列入失信被执行人的公告(补发).pdf
2026-04-14 17:00:55,250 [INFO]   分类: 公司被纳入 | 公司: 重庆峻岭能源股份有限公司 | 姓名: 
2026-04-14 17:00:55,250 [INFO] 
处理: 0016_[临时公告]ST大地生被列入失信被执行人的公告(补发).pdf
2026-04-14 17:00:55,451 [INFO]   分类: 公司被纳入 | 公司:  | 姓名: 
2026-04-14 17:00:55,451 [INFO] 
处理: 0017_[临时公告]诺威尔关于公司被纳入失信被执行人的公告.pdf
2026-04-14 17:00:55,722 [INFO]   分类: 公司被纳入 | 公司:  | 姓名: 
2026-04-14 17:00:55,722 [INFO] 
处理: 0018_[临时公告]诺威尔关于公司被纳入失信被执行人的公告.pdf
2026-04-14 17:00:56,150 [INFO]   分类: 公司被纳入 | 公司:  | 姓名: 
2026-04-14 17:00:56,150 [INFO] 
处理: 0019_[临时公告]西倍健关于公司被列入失信被执行人的公告.pdf
2026-04-14 17:00:56,253 [INFO]   分类: 公司被纳入 | 公司: 深圳市西倍健生物工程股份有限公司 | 姓名: 
2026-04-14 17:00:56,253 [INFO] 
处理: 0020_[临时公告]壹办公关于公司被纳入失信被执行人的公告.pdf
2026-04-14 17:00:56,557 [INFO]   分类: 公司被纳入 | 公司: 深圳市壹办公科技股份有限公司 | 姓名: 
2026-04-14 17:00:56,557 [INFO] 
处理: 0021_[临时公告]信中利关于公司被纳入失信被执行人的公告.pdf
2026-04-14 17:00:56,648 [INFO]   分类: 公司被纳入 | 公司: 北京信中利投资股份有限公司 | 姓名: 
2026-04-14 17:00:56,649 [INFO] 
处理: 0022_[临时公告]中节环关于公司被纳入失信被执行人的公告.pdf
2026-04-14 17:00:56,848 [INFO]   分类: 公司被纳入 | 公司:  | 姓名: 
2026-04-14 17:00:56,848 [INFO] 
处理: 0023_[临时公告]蓝贝望关于公司被纳入失信被执行人的公告.pdf
2026-04-14 17:00:56,997 [INFO]   分类: 公司被纳入 | 公司: 北京蓝贝望生物医药科技股份有限公司 | 姓名: 
2026-04-14 17:00:56,997 [INFO] 
处理: 0024_[临时公告]四季青关于公司被移出失信被执行人的公告.pdf
2026-04-14 17:00:57,094 [INFO]   分类: 公司被撤销 | 公司:  | 姓名: 
2026-04-14 17:00:57,094 [INFO] 
处理: 0025_[临时公告]四季青关于公司被纳入失信被执行人的公告.pdf
2026-04-14 17:00:57,403 [INFO]   分类: 公司被纳入 | 公司: 山东四季青生态环境科技集团股份有限公司 | 姓名: 
2026-04-14 17:00:57,403 [INFO] 
处理: 0026_[临时公告]建装业关于公司被列入失信被执行人的公告.pdf
2026-04-14 17:00:57,542 [INFO]   分类: 公司被纳入 | 公司: 深圳市建装业集团股份有限公司 | 姓名: 
2026-04-14 17:00:57,543 [INFO] 
处理: 0027_[临时公告]建装业关于公司被列入失信被执行人的公告.pdf
2026-04-14 17:00:57,870 [INFO]   分类: 公司被纳入 | 公司: 深圳市建装业集团股份有限公司 | 姓名: 
2026-04-14 17:00:57,870 [INFO] 
处理: 0028_[临时公告]盛运退管理人关于公司被列入失信被执行人.pdf
2026-04-14 17:00:58,403 [INFO]   分类: 公司被纳入 | 公司: 安徽盛运建筑安装工程有限公司，安徽盛运环保工程有限公司 | 姓名: 
2026-04-14 17:00:58,403 [INFO] 
处理: 0029_[临时公告]建装业关于公司被列入失信被执行人的公告.pdf
2026-04-14 17:00:58,542 [INFO]   分类: 公司被纳入 | 公司: 深圳市建装业集团股份有限公司 | 姓名: 
2026-04-14 17:00:58,542 [INFO] 
处理: 0030_[临时公告]建装业关于公司被列入失信被执行人的公告.pdf
2026-04-14 17:00:58,671 [INFO]   分类: 公司被纳入 | 公司: 深圳市建装业集团股份有限公司 | 姓名: 
2026-04-14 17:00:58,671 [INFO] 
处理: 0031_[临时公告]建装业关于公司被列入失信被执行人的公告.pdf
2026-04-14 17:00:58,818 [INFO]   分类: 公司被纳入 | 公司: 深圳市建装业集团股份有限公司 | 姓名: 
2026-04-14 17:00:58,818 [INFO] 
处理: 0032_[临时公告]盛运退关于公司被列入失信被执行人的公告.pdf
2026-04-14 17:00:59,538 [INFO]   分类: 公司被纳入 | 公司:  | 姓名: 
2026-04-14 17:00:59,538 [INFO] 
处理: 0033_[临时公告]建装业关于公司被纳入失信被执行人的公告.pdf
2026-04-14 17:00:59,671 [INFO]   分类: 公司被纳入 | 公司: 深圳市建装业集团股份有限公司 | 姓名: 
2026-04-14 17:00:59,671 [INFO] 
处理: 0034_[临时公告]鑫固环保关于公司被移出失信被执行人的公告.pdf
2026-04-14 17:00:59,783 [INFO]   分类: 公司被撤销 | 公司:  | 姓名: 
2026-04-14 17:00:59,783 [INFO] 
处理: 0035_[临时公告]ST赞普关于公司被纳入失信被执行人的公告.pdf
2026-04-14 17:00:59,934 [INFO]   分类: 公司被纳入 | 公司: 天津赞普科技股份有限公司 | 姓名: 
2026-04-14 17:00:59,934 [INFO] 
处理: 0036_[临时公告]牧标股份关于公司被纳入失信被执行人的公告.pdf
2026-04-14 17:01:00,156 [INFO]   分类: 公司被纳入 | 公司: 山西牧标牛业股份有限公司 | 姓名: 
2026-04-14 17:01:00,156 [INFO] 
处理: 0037_[临时公告]ST大家关于公司被纳入失信被执行人的公告.pdf
2026-04-14 17:01:00,352 [INFO]   分类: 公司被纳入 | 公司: 浙江大家食品股份有限公司 | 姓名: 
2026-04-14 17:01:00,352 [INFO] 
处理: 0038_[临时公告]ST洲线关于公司被纳入失信被执行人的公告.pdf
2026-04-14 17:01:00,610 [INFO]   分类: 公司被纳入 | 公司: 深圳五洲无线股份有限公司 | 姓名: 
2026-04-14 17:01:00,610 [INFO] 
处理: 0039_[临时公告]ST赞普关于公司被纳入失信被执行人的公告.pdf
2026-04-14 17:01:00,808 [INFO]   分类: 公司被纳入 | 公司: 天津赞普科技股份有限公司 | 姓名: 
2026-04-14 17:01:00,808 [INFO] 
处理: 0040_[临时公告]尚慧能源关于公司被纳入失信被执行人的公告.pdf
2026-04-14 17:01:00,973 [INFO]   分类: 公司被纳入 | 公司: 江苏尚慧新能源科技股份有限公司 | 姓名: 
2026-04-14 17:01:00,974 [INFO] 
处理: 0041_[临时公告]力好科技关于公司被纳入失信被执行人的公告.pdf
2026-04-14 17:01:01,160 [INFO]   分类: 公司被纳入 | 公司: 江西力好新能源科技股份有限公司 | 姓名: 
2026-04-14 17:01:01,161 [INFO] 
处理: 0042_[临时公告]鑫固环保关于公司被纳入失信被执行人的公告.pdf
2026-04-14 17:01:01,302 [INFO]   分类: 公司被纳入 | 公司: 安徽鑫固环保股份有限公司 | 姓名: 
2026-04-14 17:01:01,302 [INFO] 
处理: 0043_[临时公告]基骏股份关于公司被纳入失信被执行人的公告.pdf
2026-04-14 17:01:01,428 [INFO]   分类: 公司被纳入 | 公司: 江西基骏科技股份有限公司 | 姓名: 
2026-04-14 17:01:01,428 [INFO] 
处理: 0044_[临时公告]摘牌诺威关于公司被纳入失信被执行人的公告.pdf
2026-04-14 17:01:01,640 [INFO]   分类: 公司被纳入 | 公司:  | 姓名: 
2026-04-14 17:01:01,641 [INFO] 
处理: 0045_[临时公告]ST赞普关于公司被纳入失信被执行人的公告.pdf
2026-04-14 17:01:01,804 [INFO]   分类: 公司被纳入 | 公司: 天津赞普科技股份有限公司 | 姓名: 
2026-04-14 17:01:01,804 [INFO] 
处理: 0046_[临时公告]ST赞普关于公司被纳入失信被执行人的公告.pdf
2026-04-14 17:01:02,001 [INFO]   分类: 公司被纳入 | 公司: 天津赞普科技股份有限公司 | 姓名: 
2026-04-14 17:01:02,001 [INFO] 
处理: 0047_[临时公告]馨格股份关于公司被纳入失信被执行人的公告.pdf
2026-04-14 17:01:02,178 [INFO]   分类: 公司被纳入 | 公司: 苏州馨格家居用品股份有限公司 | 姓名: 
2026-04-14 17:01:02,179 [INFO] 
处理: 0048_[临时公告]ST童石关于公司被纳入失信被执行人的公告.pdf
2026-04-14 17:01:02,562 [INFO]   分类: 公司被纳入 | 公司: 上海童石网络科技股份有限公司 | 姓名: 
2026-04-14 17:01:02,562 [INFO] 
处理: 0049_[临时公告]中大股份关于公司被纳入失信被执行人的公告.pdf
2026-04-14 17:01:02,835 [INFO]   分类: 公司被纳入 | 公司: 中大建设股份有限公司 | 姓名: 
2026-04-14 17:01:02,835 [INFO] 
处理: 0050_[临时公告]中大股份关于公司被移出失信被执行人的公告.pdf
2026-04-14 17:01:02,976 [INFO]   分类: 公司被撤销 | 公司: 股份有限公司关于公司 | 姓名: 
2026-04-14 17:01:02,976 [INFO] 
处理: 0051_[临时公告]西倍健关于公司新增失信被执行人信息的公告.pdf
2026-04-14 17:01:03,190 [INFO]   分类: 公司被纳入 | 公司: 深圳市西倍健生物工程股份有限公司 | 姓名: 
2026-04-14 17:01:03,190 [INFO] 
处理: 0052_[临时公告]尚慧能源关于公司被纳入失信被执行人的公告.pdf
2026-04-14 17:01:03,371 [INFO]   分类: 公司被纳入 | 公司: 江苏尚慧新能源科技股份有限公司 | 姓名: 
2026-04-14 17:01:03,372 [INFO] 
处理: 0053_[临时公告]恒瑞能源关于公司被纳入失信被执行人的公告.pdf
2026-04-14 17:01:03,502 [INFO]   分类: 公司被纳入 | 公司: 安徽恒瑞新能源股份有限公司 | 姓名: 
2026-04-14 17:01:03,503 [INFO] 
处理: 0054_[临时公告]宏辉石油关于董事被纳入失信被执行人的公告.pdf
2026-04-14 17:01:03,745 [INFO]   分类: 个人被纳入 | 公司:  | 姓名: 接替，金冬玥
2026-04-14 17:01:03,745 [INFO] 
处理: 0055_[临时公告]盛运3关于子公司被列入失信被执行人的公告.pdf
2026-04-14 17:01:03,941 [INFO]   分类: 公司被纳入 | 公司: 安徽盛运建筑安装工程有限公司，济宁中科环保电力有限公司 | 姓名: 
2026-04-14 17:01:03,941 [INFO] 
处理: 0056_[临时公告]清芝融科关于公司被纳入失信被执行人的公告.pdf
2026-04-14 17:01:04,217 [INFO]   分类: 公司被纳入 | 公司: 安徽清芝商用机器有限公司，清芝融科商用机器股份有限公司 | 姓名: 
2026-04-14 17:01:04,217 [INFO] 
处理: 0057_[临时公告]宏力能源关于公司被列入失信被执行人的公告.pdf
2026-04-14 17:01:04,448 [INFO]   分类: 公司被纳入 | 公司: 山东宏力热泵能源股份有限公司 | 姓名: 
2026-04-14 17:01:04,448 [INFO] 
处理: 0058_[临时公告]退市银鸽关于公司被列为失信被执行人的公告.pdf
2026-04-14 17:01:04,624 [INFO]   分类: 个人被纳入 | 公司: 获悉公司 | 姓名: 保证本
2026-04-14 17:01:04,624 [INFO] 
处理: 0059_[临时公告]润涛科技关于公司被纳入失信被执行人的公告.pdf
2026-04-14 17:01:04,922 [INFO]   分类: 公司被纳入 | 公司: 河北润涛牧业科技股份有限公司 | 姓名: 
2026-04-14 17:01:04,922 [INFO] 
处理: 0060_[临时公告]弛达科技关于公司被纳入失信被执行人的公告.pdf
2026-04-14 17:01:05,076 [INFO]   分类: 公司被纳入 | 公司: 浙江弛达信息科技股份有限公司 | 姓名: 
2026-04-14 17:01:05,076 [INFO] 
处理: 0061_[临时公告]大业创智关于公司被列入失信被执行人的公告.pdf
2026-04-14 17:01:05,244 [INFO]   分类: 公司被纳入 | 公司: 大业创智互动传媒股份有限公司 | 姓名: 
2026-04-14 17:01:05,244 [INFO] 
处理: 0062_[临时公告]利树股份关于公司被纳入失信被执行人的公告.pdf
2026-04-14 17:01:05,413 [INFO]   分类: 公司被纳入 | 公司: 福建利树股份有限公司 | 姓名: 
2026-04-14 17:01:05,413 [INFO] 
处理: 0063_[临时公告]盛运3关于子公司被列入失信被执行人的公告.pdf
2026-04-14 17:01:05,748 [INFO]   分类: 公司被纳入 | 公司: 北京中科通用能源环保有限责任公司，安徽盛运建筑安装工程有限公司，安徽盛运环保工程有限公司 | 姓名: 
2026-04-14 17:01:05,748 [INFO] 
处理: 0064_[临时公告]ST火柴关于公司被列入失信被执行人的公告.pdf
2026-04-14 17:01:05,904 [INFO]   分类: 公司被纳入 | 公司: 北京火柴互娱科技股份有限公司 | 姓名: 
2026-04-14 17:01:05,905 [INFO] 
处理: 0065_[临时公告]ST睿智被纳入失信被执行人公告的补发声明.pdf
2026-04-14 17:01:06,002 [INFO]   分类: 公司被纳入 | 公司: 北京睿智互动文化传媒股份有限公司 | 姓名: 
2026-04-14 17:01:06,002 [INFO] 
处理: 0066_[临时公告]弛达科技关于公司被列入失信被执行人的公告.pdf
2026-04-14 17:01:06,136 [INFO]   分类: 公司被纳入 | 公司: 浙江弛达信息科技股份有限公司 | 姓名: 
2026-04-14 17:01:06,137 [INFO] 
处理: 0067_[临时公告]ST圣目关于公司被纳入失信被执行人的公告.pdf
2026-04-14 17:01:06,328 [INFO]   分类: 公司被纳入 | 公司: 天津圣目技术股份有限公司 | 姓名: 
2026-04-14 17:01:06,328 [INFO] 
处理: 0068_[临时公告]玛诺生物关于公司被纳入失信被执行人的公告.pdf
2026-04-14 17:01:06,509 [INFO]   分类: 公司被纳入 | 公司: 北京玛诺生物制药股份有限公司 | 姓名: 
2026-04-14 17:01:06,509 [INFO] 
处理: 0069_[临时公告]山水环境关于公司被移出失信被执行人的公告.pdf
2026-04-14 17:01:06,699 [INFO]   分类: 公司被撤销 | 公司: 山水环境科技股份有限公司 | 姓名: 
2026-04-14 17:01:06,700 [INFO] 
处理: 0070_[临时公告]易销科技关于公司被纳入失信被执行人的公告.pdf
2026-04-14 17:01:06,990 [INFO]   分类: 公司被纳入 | 公司: 上海易销科技股份有限公司 | 姓名: 
2026-04-14 17:01:06,990 [INFO] 
处理: 0071_[临时公告]易销科技关于公司被纳入失信被执行人的公告.pdf
2026-04-14 17:01:07,206 [INFO]   分类: 公司被纳入 | 公司: 上海易销科技股份有限公司 | 姓名: 
2026-04-14 17:01:07,206 [INFO] 
处理: 0072_[临时公告]中喜股份关于公司被纳入失信被执行人的公告.pdf
2026-04-14 17:01:07,400 [INFO]   分类: 公司被纳入 | 公司: 中喜生态产业股份有限公司 | 姓名: 
2026-04-14 17:01:07,400 [INFO] 
处理: 0073_[临时公告]安科运达关于公司被纳入失信被执行人的公告.pdf
2026-04-14 17:01:07,599 [INFO]   分类: 公司被纳入 | 公司: 天津安科运达航空服务股份有限公司 | 姓名: 
2026-04-14 17:01:07,600 [INFO] 
处理: 0074_[临时公告]西藏能源关于公司被纳入失信被执行人的公告.pdf
2026-04-14 17:01:07,810 [INFO]   分类: 公司被纳入 | 公司: 西藏金凯新能源股份有限公司 | 姓名: 
2026-04-14 17:01:07,810 [INFO] 
处理: 0075_[临时公告]金大股份关于公司被纳入失信被执行人的公告.pdf
2026-04-14 17:01:07,954 [INFO]   分类: 公司被纳入 | 公司: 金大智能技术股份有限公司 | 姓名: 
2026-04-14 17:01:07,954 [INFO] 
处理: 0076_[临时公告]ST体娱关于公司被纳入失信被执行人的公告.pdf
2026-04-14 17:01:08,091 [INFO]   分类: 公司被纳入 | 公司:  | 姓名: 
2026-04-14 17:01:08,092 [INFO] 
处理: 0077_[临时公告]ST峻岭关于公司被纳入失信被执行人的公告.pdf
2026-04-14 17:01:08,321 [INFO]   分类: 公司被纳入 | 公司: 重庆峻岭能源股份有限公司 | 姓名: 
2026-04-14 17:01:08,321 [INFO] 
处理: 0078_[临时公告]揽月科技关于公司被纳入失信被执行人的公告.pdf
2026-04-14 17:01:08,538 [INFO]   分类: 公司被纳入 | 公司: 江苏揽月工程科技发展股份有限公司 | 姓名: 
2026-04-14 17:01:08,538 [INFO] 
处理: 0079_[临时公告]ST峻岭关于公司被纳入失信被执行人的公告.pdf
2026-04-14 17:01:08,735 [INFO]   分类: 公司被纳入 | 公司: 重庆峻岭能源股份有限公司 | 姓名: 
2026-04-14 17:01:08,736 [INFO] 
处理: 0080_[临时公告]竹邦能源关于公司被纳入失信被执行人的公告.pdf
2026-04-14 17:01:08,896 [INFO]   分类: 公司被纳入 | 公司: 北京世纪竹邦能源技术股份有限公司 | 姓名: 
2026-04-14 17:01:08,896 [INFO] 
处理: 0081_[临时公告]竹邦能源关于公司被纳入失信被执行人的公告.pdf
2026-04-14 17:01:09,074 [INFO]   分类: 公司被纳入 | 公司: 北京世纪竹邦能源技术股份有限公司 | 姓名: 
2026-04-14 17:01:09,074 [INFO] 
处理: 0082_[临时公告]ST峻岭关于公司被纳入失信被执行人的公告.pdf
2026-04-14 17:01:09,280 [INFO]   分类: 公司被纳入 | 公司: 重庆峻岭能源股份有限公司 | 姓名: 
2026-04-14 17:01:09,280 [INFO] 
处理: 0083_[临时公告]ST容德关于公司被纳入失信被执行人的公告.pdf
2026-04-14 17:01:09,480 [INFO]   分类: 公司被纳入 | 公司: 河南省容德电子科技股份有限公司 | 姓名: 
2026-04-14 17:01:09,481 [INFO] 
处理: 0084_[临时公告]大森机电关于公司被纳入失信被执行人的公告.pdf
2026-04-14 17:01:09,724 [INFO]   分类: 公司被纳入 | 公司: 河南大森机电股份有限公司 | 姓名: 
2026-04-14 17:01:09,724 [INFO] 
处理: 0085_[临时公告]竹邦能源关于公司被纳入失信被执行人的公告.pdf
2026-04-14 17:01:09,886 [INFO]   分类: 公司被纳入 | 公司: 北京世纪竹邦能源技术股份有限公司 | 姓名: 
2026-04-14 17:01:09,886 [INFO] 
处理: 0086_[临时公告]ST捷尚关于公司被纳入失信被执行人的公告.pdf
2026-04-14 17:01:10,147 [INFO]   分类: 公司被纳入 | 公司: 浙江捷尚视觉科技股份有限公司 | 姓名: 
2026-04-14 17:01:10,148 [INFO] 
处理: 0087_[临时公告]安科运达关于公司被纳入失信被执行人的公告.pdf
2026-04-14 17:01:10,357 [INFO]   分类: 公司被纳入 | 公司: 天津安科运达航空服务股份有限公司 | 姓名: 
2026-04-14 17:01:10,358 [INFO] 
处理: 0088_[临时公告]ST睿智被纳入失信被执行人公告的补发声明.pdf
2026-04-14 17:01:10,457 [INFO]   分类: 公司被纳入 | 公司: 北京睿智互动文化传媒股份有限公司 | 姓名: 
2026-04-14 17:01:10,457 [INFO] 
处理: 0089_[临时公告]ST捷尚关于公司被纳入失信被执行人的公告.pdf
2026-04-14 17:01:10,625 [INFO]   分类: 公司被纳入 | 公司: 浙江捷尚视觉科技股份有限公司 | 姓名: 
2026-04-14 17:01:10,625 [INFO] 
处理: 0090_[临时公告]清芝融科关于公司被纳入失信被执行人的公告.pdf
2026-04-14 17:01:11,186 [INFO]   分类: 公司被纳入 | 公司: 清芝融科商用机器股份有限公司 | 姓名: 
2026-04-14 17:01:11,186 [INFO] 
处理: 0091_[临时公告]竹邦能源关于公司被纳入失信被执行人的公告.pdf
2026-04-14 17:01:11,443 [INFO]   分类: 公司被纳入 | 公司: 北京世纪竹邦能源技术股份有限公司 | 姓名: 
2026-04-14 17:01:11,443 [INFO] 
处理: 0092_[临时公告]竹邦能源关于公司被纳入失信被执行人的公告.pdf
2026-04-14 17:01:11,629 [INFO]   分类: 公司被纳入 | 公司: 北京世纪竹邦能源技术股份有限公司 | 姓名: 
2026-04-14 17:01:11,630 [INFO] 
处理: 0093_[临时公告]瀚正科技关于公司被撤销失信被执行人的公告.pdf
2026-04-14 17:01:11,806 [INFO]   分类: 公司被撤销 | 公司: 本案导致的公司 | 姓名: 
2026-04-14 17:01:11,806 [INFO] 
处理: 0094_[临时公告]海航冷链关于公司被纳入失信被执行人的公告.pdf
2026-04-14 17:01:11,982 [INFO]   分类: 公司被纳入 | 公司:  | 姓名: 
2026-04-14 17:01:11,982 [INFO] 
处理: 0095_[临时公告]瀚正科技关于公司被纳入失信被执行人的公告.pdf
2026-04-14 17:01:13,779 [INFO]   分类: 公司被纳入 | 公司: 上海瀚正信息科技股份有限公司 | 姓名: 
2026-04-14 17:01:13,780 [INFO] 
处理: 0096_[临时公告]赞普科技关于公司被纳入失信被执行人的公告.pdf
2026-04-14 17:01:14,283 [INFO]   分类: 公司被纳入 | 公司: 天津赞普科技股份有限公司 | 姓名: 
2026-04-14 17:01:14,283 [INFO] 
处理: 0097_[临时公告]大盛微电关于公司被撤销失信被执行人的公告.pdf
2026-04-14 17:01:14,455 [INFO]   分类: 公司被撤销 | 公司:  | 姓名: 
2026-04-14 17:01:14,455 [INFO] 
处理: 0098_[临时公告]鑫固环保关于子公司被纳入失信被执行人的公告.pdf
2026-04-14 17:01:14,609 [INFO]   分类: 公司被纳入 | 公司: 萧县沃德化工科技有限公司 | 姓名: 
2026-04-14 17:01:14,610 [INFO] 
处理: 0099_[临时公告]智诚安环关于分公司被纳入失信被执行人的公告.pdf
2026-04-14 17:01:14,783 [INFO]   分类: 公司被纳入 | 公司: 宁夏智诚安环科技发展股份有限公司 | 姓名: 
2026-04-14 17:01:14,783 [INFO] 
处理: 0100_[临时公告]ST云路桥关于公司被纳入失信被执行人的公告.pdf
2026-04-14 17:01:14,977 [INFO]   分类: 公司被纳入 | 公司: 云南路桥股份有限公司 | 姓名: 
2026-04-14 17:01:14,977 [INFO] 
处理: 0101_[临时公告]ST云路桥关于公司被纳入失信被执行人的公告.pdf
2026-04-14 17:01:15,165 [INFO]   分类: 公司被纳入 | 公司: 云南路桥股份有限公司 | 姓名: 
2026-04-14 17:01:15,165 [INFO] 
处理: 0102_[临时公告]斯盛能源关于子公司被纳入失信被执行人的公告.pdf
2026-04-14 17:01:15,391 [INFO]   分类: 公司被纳入 | 公司: 控股子公司，湖南省斯盛新能源有限责任公司 | 姓名: 
2026-04-14 17:01:15,392 [INFO] 
处理: 0103_[临时公告]紫光新能关于子公司被纳入失信被执行人的公告.pdf
2026-04-14 17:01:15,927 [INFO]   分类: 公司被纳入 | 公司: 哈尔滨玄武信息科技有限公司，控股子公司 | 姓名: 
2026-04-14 17:01:15,927 [INFO] 
处理: 0104_[临时公告]ST云路桥关于公司被纳入失信被执行人的公告.pdf
2026-04-14 17:01:16,144 [INFO]   分类: 公司被纳入 | 公司: 云南路桥股份有限公司 | 姓名: 
2026-04-14 17:01:16,144 [INFO] 
处理: 0105_[临时公告]ST云路桥关于公司被纳入失信被执行人的公告.pdf
2026-04-14 17:01:16,282 [INFO]   分类: 公司被纳入 | 公司: 云南路桥股份有限公司 | 姓名: 
2026-04-14 17:01:16,282 [INFO] 
处理: 0106_[临时公告]ST云路桥关于公司被纳入失信被执行人的公告.pdf
2026-04-14 17:01:16,458 [INFO]   分类: 公司被纳入 | 公司: 云南路桥股份有限公司 | 姓名: 
2026-04-14 17:01:16,458 [INFO] 
处理: 0107_[临时公告]ST捷思锐关于公司被纳入失信被执行人的公告.pdf
2026-04-14 17:01:16,800 [INFO]   分类: 公司被纳入 | 公司: 北京捷思锐科技股份有限公司，已在首次通过企查查发现公司 | 姓名: 
2026-04-14 17:01:16,801 [INFO] 
处理: 0108_[临时公告]ST点点客关于公司被纳入失信被执行人的公告.pdf
2026-04-14 17:01:16,985 [INFO]   分类: 公司被纳入 | 公司: 点点客信息技术股份有限公司 | 姓名: 
2026-04-14 17:01:16,985 [INFO] 
处理: 0109_[临时公告]ST云路桥关于公司被纳入失信被执行人的公告.pdf
2026-04-14 17:01:17,154 [INFO]   分类: 公司被纳入 | 公司: 云南路桥股份有限公司 | 姓名: 
2026-04-14 17:01:17,154 [INFO] 
处理: 0110_[临时公告]ST云路桥关于公司被纳入失信被执行人的公告.pdf
2026-04-14 17:01:17,297 [INFO]   分类: 公司被纳入 | 公司:  | 姓名: 
2026-04-14 17:01:17,297 [INFO] 
处理: 0111_[临时公告]ST云路桥关于公司被纳入失信被执行人的公告.pdf
2026-04-14 17:01:17,423 [INFO]   分类: 公司被纳入 | 公司: 云南路桥股份有限公司 | 姓名: 
2026-04-14 17:01:17,423 [INFO] 
处理: 0112_[临时公告]ST点点客关于公司被纳入失信被执行人的公告.pdf
2026-04-14 17:01:18,100 [INFO]   分类: 公司被纳入 | 公司: 控股子公司，深圳点点客信息技术有限公司，点点客信息技术股份有限公司 | 姓名: 
2026-04-14 17:01:18,101 [INFO] 
处理: 0113_[临时公告]信中利关于公司解除被纳入失信被执行人的公告.pdf
2026-04-14 17:01:18,281 [INFO]   分类: 公司被撤销 | 公司: 北京信中利投资股份有限公司 | 姓名: 
2026-04-14 17:01:18,281 [INFO] 
处理: 0114_[临时公告]安碧捷关于公司被移出失信被执行人名单的公告.pdf
2026-04-14 17:01:18,485 [INFO]   分类: 公司被撤销 | 公司: 获悉公司 | 姓名: 
2026-04-14 17:01:18,485 [INFO] 
处理: 0115_[临时公告]ST量子花关于公司被纳入失信被执行人的公告.pdf
2026-04-14 17:01:18,717 [INFO]   分类: 公司被纳入 | 公司: 上海量子花光艺科技股份有限公司，及子公司 | 姓名: 
2026-04-14 17:01:18,718 [INFO] 
处理: 0116_[临时公告]ST云路桥关于公司被纳入失信被执行人的公告.pdf
2026-04-14 17:01:18,991 [INFO]   分类: 公司被纳入 | 公司: 云南路桥股份有限公司 | 姓名: 
2026-04-14 17:01:18,991 [INFO] 
处理: 0117_[临时公告]建装业关于公司被列入失信被执行人的公告(补发).pdf
2026-04-14 17:01:23,641 [INFO]   分类: 公司被纳入 | 公司: 深圳市建装业集团股份有限公司 | 姓名: 
2026-04-14 17:01:23,641 [INFO] 
处理: 0118_[临时公告]ST云路桥关于公司被纳入失信被执行人的公告.pdf
2026-04-14 17:01:23,836 [INFO]   分类: 公司被纳入 | 公司: 云南路桥股份有限公司 | 姓名: 
2026-04-14 17:01:23,836 [INFO] 
处理: 0119_[临时公告]润涛科技关于王润申被纳入失信被执行人的公告.pdf
2026-04-14 17:01:24,118 [INFO]   分类: 公司被纳入 | 公司:  | 姓名: 
2026-04-14 17:01:24,118 [INFO] 
处理: 0120_[临时公告]ST云路桥关于公司被纳入失信被执行人的公告.pdf
2026-04-14 17:01:24,442 [INFO]   分类: 公司被纳入 | 公司: 云南路桥股份有限公司 | 姓名: 
2026-04-14 17:01:24,443 [INFO] 
处理: 0121_[临时公告]诺威尔关于公司新增被纳入失信被执行人的公告.pdf
2026-04-14 17:01:24,911 [INFO]   分类: 公司被纳入 | 公司:  | 姓名: 
2026-04-14 17:01:24,911 [INFO] 
处理: 0122_[临时公告]ST云路桥关于公司被纳入失信被执行人的公告.pdf
2026-04-14 17:01:25,103 [INFO]   分类: 公司被纳入 | 公司: 云南路桥股份有限公司 | 姓名: 
2026-04-14 17:01:25,104 [INFO] 
处理: 0123_[临时公告]ST捷思锐关于公司被纳入失信被执行人的公告.pdf
2026-04-14 17:01:25,390 [INFO]   分类: 公司被纳入 | 公司: 北京捷思锐科技股份有限公司 | 姓名: 
2026-04-14 17:01:25,391 [INFO] 
处理: 0124_[临时公告]ST竹邦能关于公司被纳入失信被执行人的公告.pdf
2026-04-14 17:01:25,602 [INFO]   分类: 公司被纳入 | 公司: 北京世纪竹邦能源技术股份有限公司 | 姓名: 
2026-04-14 17:01:25,603 [INFO] 
处理: 0125_[临时公告]ST金旭股关于公司被纳入失信被执行人的公告.pdf
2026-04-14 17:01:25,824 [INFO]   分类: 公司被纳入 | 公司: 辽宁金旭特种玻璃科技股份有限公司 | 姓名: 
2026-04-14 17:01:25,824 [INFO] 
处理: 0126_[临时公告]ST云路桥关于公司被纳入失信被执行人的公告.pdf
2026-04-14 17:01:26,018 [INFO]   分类: 公司被纳入 | 公司: 云南路桥股份有限公司 | 姓名: 
2026-04-14 17:01:26,018 [INFO] 
处理: 0127_[临时公告]发现者关于公司被纳入失信被执行人的公告(补发).pdf
2026-04-14 17:01:26,254 [INFO]   分类: 公司被纳入 | 公司: 黑龙江省发现者机器人股份有限公司 | 姓名: 
2026-04-14 17:01:26,255 [INFO] 
处理: 0128_[临时公告]ST量子花关于公司被纳入失信被执行人的公告.pdf
2026-04-14 17:01:26,843 [INFO]   分类: 公司被纳入 | 公司: 上海量子花光艺科技股份有限公司，及子公司 | 姓名: 
2026-04-14 17:01:26,844 [INFO] 
处理: 0129_[临时公告]ST云路桥关于公司被纳入失信被执行人的公告.pdf
2026-04-14 17:01:27,028 [INFO]   分类: 公司被纳入 | 公司: 云南路桥股份有限公司 | 姓名: 
2026-04-14 17:01:27,028 [INFO] 
处理: 0130_[临时公告]维尔思关于挂牌公司被纳入失信被执行人的公告.pdf
2026-04-14 17:01:27,562 [INFO]   分类: 公司被纳入 | 公司: 江苏维尔思环境工程股份有限公司 | 姓名: 
2026-04-14 17:01:27,562 [INFO] 
处理: 0131_[临时公告]诺威尔关于公司被纳入失信被执行人的公告(补发).pdf
2026-04-14 17:01:27,996 [INFO]   分类: 公司被纳入 | 公司:  | 姓名: 
2026-04-14 17:01:27,996 [INFO] 
处理: 0132_[临时公告]ST云路桥关于公司被纳入失信被执行人的公告.pdf
2026-04-14 17:01:28,415 [INFO]   分类: 公司被纳入 | 公司: 云南路桥股份有限公司 | 姓名: 
2026-04-14 17:01:28,415 [INFO] 
处理: 0133_[临时公告]ST云路桥关于公司被纳入失信被执行人的公告.pdf
2026-04-14 17:01:28,931 [INFO]   分类: 公司被纳入 | 公司: 云南路桥股份有限公司 | 姓名: 
2026-04-14 17:01:28,931 [INFO] 
处理: 0134_[临时公告]德利得关于公司被移出失信被执行人名单的公告.pdf
2026-04-14 17:01:29,066 [INFO]   分类: 公司被撤销 | 公司: 天津德利得供应链管理股份有限公司关于公司 | 姓名: 
2026-04-14 17:01:29,066 [INFO] 
处理: 0135_[临时公告]ST优森关于子公司被撤销失信被执行人的公告.pdf
2026-04-14 17:01:29,257 [INFO]   分类: 公司被撤销 | 公司:  | 姓名: 
2026-04-14 17:01:29,257 [INFO] 
处理: 0136_[临时公告]ST华盛控关于公司被纳入失信被执行人的公告.pdf
2026-04-14 17:01:29,556 [INFO]   分类: 公司被纳入 | 公司: 华盛科技控股股份有限公司 | 姓名: 
2026-04-14 17:01:29,556 [INFO] 
处理: 0137_[临时公告]华意隆关于公司被纳入失信被执行人的公告（补发）.pdf
2026-04-14 17:01:29,774 [INFO]   分类: 公司被纳入 | 公司: 深圳华意隆电气股份有限公司 | 姓名: 
2026-04-14 17:01:29,774 [INFO] 
处理: 0138_[临时公告]ST云路桥关于公司被纳入失信被执行人的公告.pdf
2026-04-14 17:01:30,172 [INFO]   分类: 公司被纳入 | 公司: 云南路桥股份有限公司 | 姓名: 
2026-04-14 17:01:30,172 [INFO] 
处理: 0139_[临时公告]ST中科云关于公司被纳入失信被执行人的公告.pdf
2026-04-14 17:01:30,352 [INFO]   分类: 公司被纳入 | 公司: 湖北中科云巢信息科技股份有限公司 | 姓名: 
2026-04-14 17:01:30,352 [INFO] 
处理: 0140_[临时公告]维尔思关于挂牌公司被纳入失信被执行人的公告.pdf
2026-04-14 17:01:30,770 [INFO]   分类: 公司被纳入 | 公司: 江苏维尔思环境工程股份有限公司 | 姓名: 
2026-04-14 17:01:30,770 [INFO] 
处理: 0141_[临时公告]ST点点客关于公司被纳入失信被执行人的公告.pdf
2026-04-14 17:01:31,049 [INFO]   分类: 公司被纳入 | 公司: 点点客信息技术股份有限公司 | 姓名: 
2026-04-14 17:01:31,050 [INFO] 
处理: 0142_[临时公告]大盛微电关于挂牌公司被纳入失信被执行人的公告.pdf
2026-04-14 17:01:31,232 [INFO]   分类: 公司被纳入 | 公司: 大盛微电科技股份有限公司 | 姓名: 
2026-04-14 17:01:31,233 [INFO] 
处理: 0143_[临时公告]尚慧能源关于公司被移出失信被执行人名单的公告.pdf
2026-04-14 17:01:31,387 [INFO]   分类: 公司被撤销 | 公司: 江苏尚慧新能源科技股份有限公司关于公司 | 姓名: 
2026-04-14 17:01:31,388 [INFO] 
处理: 0144_[临时公告]大盛微电关于挂牌公司被纳入失信被执行人的公告.pdf
2026-04-14 17:01:31,726 [INFO]   分类: 公司被纳入 | 公司: 大盛微电科技股份有限公司 | 姓名: 
2026-04-14 17:01:31,726 [INFO] 
处理: 0145_[临时公告]中拓石油关于公司被纳入失信被执行人的公告(补发).pdf
2026-04-14 17:01:31,896 [INFO]   分类: 公司被纳入 | 公司: 河南中拓石油工程技术股份有限公司 | 姓名: 
2026-04-14 17:01:31,896 [INFO] 
处理: 0146_[临时公告]英网股份关于公司监事被纳入失信被执行人的公告.pdf
2026-04-14 17:01:32,109 [INFO]   分类: 个人被纳入 | 公司:  | 姓名: 范政民
2026-04-14 17:01:32,110 [INFO] 
处理: 0147_[临时公告]大盛微电关于挂牌公司被纳入失信被执行人的公告.pdf
2026-04-14 17:01:32,316 [INFO]   分类: 公司被纳入 | 公司: 大盛微电科技股份有限公司 | 姓名: 
2026-04-14 17:01:32,316 [INFO] 
处理: 0148_[临时公告]馨格股份关于公司被纳入失信被执行人的公告(补发).pdf
2026-04-14 17:01:32,583 [INFO]   分类: 公司被纳入 | 公司: 苏州馨格家居用品股份有限公司 | 姓名: 
2026-04-14 17:01:32,583 [INFO] 
处理: 0149_[临时公告]先锋机械关于董事被纳入失信联合惩戒对象的公告.pdf
2026-04-14 17:01:32,945 [INFO]   分类: 个人被纳入 | 公司:  | 姓名: 声明，黎东
2026-04-14 17:01:32,945 [INFO] 
处理: 0150_[临时公告]英网股份关于公司董事被纳入失信被执行人的公告.pdf
2026-04-14 17:01:33,260 [INFO]   分类: 个人被纳入 | 公司:  | 姓名: 李仁阳
2026-04-14 17:01:33,260 [INFO] 
处理: 0151_[临时公告]西藏能源关于公司解除失信被执行人的提示性公告.pdf
2026-04-14 17:01:33,431 [INFO]   分类: 公司被撤销 | 公司:  | 姓名: 
2026-04-14 17:01:33,432 [INFO] 
处理: 0152_[临时公告]ST赞普关于公司被纳入失信被执行人的公告(补发).pdf
2026-04-14 17:01:33,702 [INFO]   分类: 公司被纳入 | 公司: 天津赞普科技股份有限公司 | 姓名: 
2026-04-14 17:01:33,703 [INFO] 
处理: 0153_[临时公告]尚慧能源关于公司被移出失信被执行人名单的公告.pdf
2026-04-14 17:01:33,885 [INFO]   分类: 公司被撤销 | 公司: 技股份有限公司关于公司，江苏尚慧新能源科技股份有限公司关于公司 | 姓名: 
2026-04-14 17:01:33,885 [INFO] 
处理: 0154_[临时公告]名品彩叶关于公司解除失信被执行人的提示性公告.pdf
2026-04-14 17:01:34,007 [INFO]   分类: 公司被撤销 | 公司:  | 姓名: 
2026-04-14 17:01:34,008 [INFO] 
处理: 0155_[临时公告]名品彩叶关于公司被纳入失信被执行人的公告(补发).pdf
2026-04-14 17:01:34,259 [INFO]   分类: 公司被纳入 | 公司: 河南名品彩叶苗木股份有限公司 | 姓名: 
2026-04-14 17:01:34,259 [INFO] 
处理: 0156_[临时公告]ST大境关于公司被纳入失信被执行人的公告(补发).pdf
2026-04-14 17:01:34,726 [INFO]   分类: 公司被纳入 | 公司: 烟台大境生态环境科技股份有限公司 | 姓名: 
2026-04-14 17:01:34,727 [INFO] 
处理: 0157_[临时公告]中林木业关于公司被纳入失信被执行人的公告(补发).pdf
2026-04-14 17:01:35,134 [INFO]   分类: 公司被纳入 | 公司: 浙江中林木业股份有限公司 | 姓名: 
2026-04-14 17:01:35,135 [INFO] 
处理: 0158_[临时公告]ST赞普关于公司被纳入失信被执行人的公告(补发).pdf
2026-04-14 17:01:35,439 [INFO]   分类: 公司被纳入 | 公司: 天津赞普科技股份有限公司 | 姓名: 
2026-04-14 17:01:35,439 [INFO] 
处理: 0159_[临时公告]贵交科关于控股子公司被纳入失信被执行人的公告.pdf
2026-04-14 17:01:35,745 [INFO]   分类: 公司被纳入 | 公司:  | 姓名: 
2026-04-14 17:01:35,745 [INFO] 
处理: 0160_[临时公告]弛达科技关于公司被列入失信被执行人的公告(补发).pdf
2026-04-14 17:01:35,951 [INFO]   分类: 公司被纳入 | 公司: 浙江弛达信息科技股份有限公司 | 姓名: 
2026-04-14 17:01:35,951 [INFO] 
处理: 0161_[临时公告]正方农牧关于公司被纳入失信被执行人的公告(补发).pdf
2026-04-14 17:01:36,388 [INFO]   分类: 公司被纳入 | 公司: 吉林正方农牧股份有限公司 | 姓名: 
2026-04-14 17:01:36,389 [INFO] 
处理: 0162_[临时公告]正方农牧关于公司被列入失信被执行人的声明公告.pdf
2026-04-14 17:01:36,559 [INFO]   分类: 公司被纳入 | 公司:  | 姓名: 
2026-04-14 17:01:36,559 [INFO] 
处理: 0163_[临时公告]奇才股份关于公司被纳入失信被执行人的进展公告.pdf
2026-04-14 17:01:37,047 [INFO]   分类: 公司被纳入 | 公司: 实际控制人及公司，苏州奇才电子科技股份有限公司，际控制人及公司 | 姓名: 
2026-04-14 17:01:37,048 [INFO] 
处理: 0164_[临时公告]尚慧能源关于公司被纳入失信被执行人的公告(补发).pdf
2026-04-14 17:01:37,231 [INFO]   分类: 公司被纳入 | 公司: 江苏尚慧新能源科技股份有限公司 | 姓名: 
2026-04-14 17:01:37,231 [INFO] 
处理: 0165_[临时公告]蓝贝望关于公司曾被纳入失信被执行人的公告(补发).pdf
2026-04-14 17:01:37,600 [INFO]   分类: 公司被纳入 | 公司: 北京蓝贝望生物医药科技股份有限公司 | 姓名: 
2026-04-14 17:01:37,601 [INFO] 
处理: 0166_[临时公告]赞普科技关于公司被纳入失信被执行人的公告(补发).pdf
2026-04-14 17:01:38,555 [INFO]   分类: 公司被纳入 | 公司: 天津赞普科技股份有限公司，天津赞迪软件技术开发有限公司 | 姓名: 
2026-04-14 17:01:38,555 [INFO] 
处理: 0167_[临时公告]中御建设关于公司被纳入失信被执行人的公告(补发).pdf
2026-04-14 17:01:39,091 [INFO]   分类: 公司被纳入 | 公司:  | 姓名: 
2026-04-14 17:01:39,092 [INFO] 
处理: 0168_[临时公告]大业创智关于公司被列入失信被执行人的公告(补发).pdf
2026-04-14 17:01:39,364 [INFO]   分类: 公司被纳入 | 公司: 大业创智互动传媒股份有限公司 | 姓名: 
2026-04-14 17:01:39,364 [INFO] 
处理: 0169_[临时公告]玛诺生物关于公司被移出失信被执行人名单的公告.pdf
2026-04-14 17:01:39,653 [INFO]   分类: 公司被撤销 | 公司:  | 姓名: 
2026-04-14 17:01:39,654 [INFO] 
处理: 0170_[临时公告]ST睿智关于公司被纳入失信被执行人的公告(补发).pdf
2026-04-14 17:01:39,910 [INFO]   分类: 公司被纳入 | 公司: 北京睿智互动文化传媒股份有限公司 | 姓名: 
2026-04-14 17:01:39,911 [INFO] 
处理: 0171_[临时公告]体娱股份关于公司被移出失信被执行人名单的公告.pdf
2026-04-14 17:01:40,120 [INFO]   分类: 公司被撤销 | 公司: 文化传媒股份有限公司关于公司 | 姓名: 
2026-04-14 17:01:40,121 [INFO] 
处理: 0172_[临时公告]ST万星关于公司被纳入失信被执行人的公告(补发).pdf
2026-04-14 17:01:40,565 [INFO]   分类: 公司被纳入 | 公司: 湖北万星面业股份有限公司 | 姓名: 
2026-04-14 17:01:40,565 [INFO] 
处理: 0173_[临时公告]盛世量子关于公司被纳入失信被执行人的公告(补发).pdf
2026-04-14 17:01:40,823 [INFO]   分类: 公司被纳入 | 公司: 北京盛世光明量子科技股份有限公司 | 姓名: 
2026-04-14 17:01:40,823 [INFO] 
处理: 0174_[临时公告]华彩信和关于公司被纳入失信被执行人的公告(补发).pdf
2026-04-14 17:01:41,118 [INFO]   分类: 公司被纳入 | 公司: 天津华彩信和电子科技集团 | 姓名: 
2026-04-14 17:01:41,118 [INFO] 
处理: 0175_[临时公告]饶电科技关于公司被纳入失信被执行人的公告(补发).pdf
2026-04-14 17:01:41,326 [INFO]   分类: 公司被纳入 | 公司: 江西饶电科技股份有限公司 | 姓名: 
2026-04-14 17:01:41,326 [INFO] 
处理: 0176_[临时公告]饶电科技关于公司被纳入失信被执行人的补发公告.pdf
2026-04-14 17:01:41,521 [INFO]   分类: 公司被纳入 | 公司:  | 姓名: 
2026-04-14 17:01:41,521 [INFO] 
处理: 0177_[临时公告]ST广建关于公司被纳入失信被执行人的公告(补发).pdf
2026-04-14 17:01:41,979 [INFO]   分类: 公司被纳入 | 公司: 重庆广建装饰股份有限公司 | 姓名: 
2026-04-14 17:01:41,980 [INFO] 
处理: 0178_[临时公告]宇航重工关于公司被纳入失信被执行人的公告(补发).pdf
2026-04-14 17:01:42,349 [INFO]   分类: 公司被纳入 | 公司: 披露了公司，洛阳宇航重工科技股份有限公司 | 姓名: 
2026-04-14 17:01:42,350 [INFO] 
处理: 0179_[临时公告]金旭股份关于公司被纳入失信被执行人的公告(补发).pdf
2026-04-14 17:01:42,549 [INFO]   分类: 公司被纳入 | 公司: 辽宁金旭特种玻璃科技股份有限公司 | 姓名: 
2026-04-14 17:01:42,550 [INFO] 
处理: 0180_[临时公告]九生堂关于子公司被纳入失信被执行人的公告(补发).pdf
2026-04-14 17:01:42,741 [INFO]   分类: 公司被纳入 | 公司: 武汉九生堂电子商务有限公司 | 姓名: 
2026-04-14 17:01:42,742 [INFO] 
处理: 0181_[临时公告]奇才股份关于公司被纳入失信被执行人的进展公告.pdf
2026-04-14 17:01:43,247 [INFO]   分类: 公司被纳入 | 公司: 实际控制人及公司，实际控制人被纳入失信被执行人及公司，苏州奇才电子科技股份有限公司 | 姓名: 
2026-04-14 17:01:43,247 [INFO] 
处理: 0182_[临时公告]易销科技关于公司被纳入失信被执行人的公告（补发）.pdf
2026-04-14 17:01:43,557 [INFO]   分类: 公司被纳入 | 公司: 上海易销科技股份有限公司 | 姓名: 
2026-04-14 17:01:43,557 [INFO] 
处理: 0183_[临时公告]雅荷科技关于监事被纳入失信被执行人的公告(补发).pdf
2026-04-14 17:01:43,742 [INFO]   分类: 个人被纳入 | 公司:  | 姓名: 徐涛
2026-04-14 17:01:43,742 [INFO] 
处理: 0184_[临时公告]昱祥股份关于公司被纳入失信被执行人的公告(补发).pdf
2026-04-14 17:01:44,149 [INFO]   分类: 公司被纳入 | 公司: 河南昱祥再生资源利用股份有限公司 | 姓名: 
2026-04-14 17:01:44,150 [INFO] 
处理: 0185_[临时公告]昇和新材关于公司被纳入失信被执行人的公告(补发).pdf
2026-04-14 17:01:44,358 [INFO]   分类: 公司被纳入 | 公司: 江苏昇和新材料科技股份有限公司 | 姓名: 
2026-04-14 17:01:44,359 [INFO] 
处理: 0186_[临时公告]奇才股份关于公司被纳入失信被执行人的进展公告.pdf
2026-04-14 17:01:44,893 [INFO]   分类: 公司被纳入 | 公司: 失信被执行人及公司，实际控制人及公司，苏州奇才电子科技股份有限公司 | 姓名: 
2026-04-14 17:01:44,893 [INFO] 
处理: 0187_[临时公告]牧标股份关于公司被纳入失信被执行人的公告(补发).pdf
2026-04-14 17:01:45,126 [INFO]   分类: 公司被纳入 | 公司: 山西牧标牛业股份有限公司 | 姓名: 
2026-04-14 17:01:45,126 [INFO] 
处理: 0188_[临时公告]奇才股份关于公司被纳入失信被执行人的进展公告.pdf
2026-04-14 17:01:45,847 [INFO]   分类: 公司被纳入 | 公司: 实际控制人及公司，实际控制人被纳入失信被执行人及公司，苏州奇才电子科技股份有限公司 | 姓名: 
2026-04-14 17:01:45,847 [INFO] 
处理: 0189_[临时公告]大盛微电关于挂牌公司被纳入失信被执行人的公告.pdf
2026-04-14 17:01:46,237 [INFO]   分类: 公司被纳入 | 公司: 大盛微电科技股份有限公司 | 姓名: 
2026-04-14 17:01:46,238 [INFO] 
处理: 0190_[临时公告]帝通新材关于公司被列入失信被执行人的公告 (补发).pdf
2026-04-14 17:01:46,643 [INFO]   分类: 公司被纳入 | 公司:  | 姓名: 
2026-04-14 17:01:46,643 [INFO] 
处理: 0191_[临时公告]宇航重工关于公司被纳入失信被执行人的公告(补发).pdf
2026-04-14 17:01:46,935 [INFO]   分类: 公司被纳入 | 公司: 披露了公司，洛阳宇航重工科技股份有限公司 | 姓名: 
2026-04-14 17:01:46,936 [INFO] 
处理: 0192_[临时公告]大盛微电关于挂牌公司被纳入失信被执行人的公告.pdf
2026-04-14 17:01:47,274 [INFO]   分类: 公司被纳入 | 公司: 大盛微电科技股份有限公司 | 姓名: 
2026-04-14 17:01:47,274 [INFO] 
处理: 0193_[临时公告]ST童石关于公司被纳入失信被执行人的公告(补发).pdf
2026-04-14 17:01:47,849 [INFO]   分类: 公司被纳入 | 公司: 上海童石网络科技股份有限公司 | 姓名: 
2026-04-14 17:01:47,849 [INFO] 
处理: 0194_[临时公告]ST睿智关于公司被列入失信被执行人的公告(补发).pdf
2026-04-14 17:01:48,084 [INFO]   分类: 公司被纳入 | 公司: 北京睿智互动文化传媒股份有限公司 | 姓名: 
2026-04-14 17:01:48,084 [INFO] 
处理: 0195_[临时公告]兴和鹏关于全资子公司被撤销失信被执行人的公告.pdf
2026-04-14 17:01:48,286 [INFO]   分类: 公司被撤销 | 公司:  | 姓名: 
2026-04-14 17:01:48,286 [INFO] 
处理: 0196_[临时公告]华彩信和关于公司被纳入失信被执行人的公告(补发).pdf
2026-04-14 17:01:48,949 [INFO]   分类: 公司被纳入 | 公司: 天津华彩信和电子科技集团 | 姓名: 
2026-04-14 17:01:48,949 [INFO] 
处理: 0197_[临时公告]兴和鹏关于全资子公司被纳入失信被执行人的公告.pdf
2026-04-14 17:01:49,210 [INFO]   分类: 公司被纳入 | 公司: 全资子公司 | 姓名: 
2026-04-14 17:01:49,211 [INFO] 
处理: 0198_[临时公告]ST润股关于控股股东被纳入失信被执行人的公告.pdf
2026-04-14 17:01:49,483 [INFO]   分类: 个人被纳入 | 公司: 镇江润杰通讯技术服务有限公司 | 姓名: 表示正
2026-04-14 17:01:49,483 [INFO] 
处理: 0199_[临时公告]大森机电关于公司被纳入失信被执行人的公告(补发).pdf
2026-04-14 17:01:50,474 [INFO]   分类: 公司被纳入 | 公司: 河南大森机电股份有限公司 | 姓名: 
2026-04-14 17:01:50,475 [INFO] 
处理: 0200_[临时公告]盛达电机关于公司新增被纳入失信被执行人的公告.pdf
2026-04-14 17:01:50,701 [INFO]   分类: 公司被纳入 | 公司: 河南省盛达电机技术股份有限公司 | 姓名: 
2026-04-14 17:01:50,702 [INFO] 
处理: 0201_[临时公告]美特桥架关于公司被纳入失信被执行人的公告(补发).pdf
2026-04-14 17:01:51,065 [INFO]   分类: 公司被纳入 | 公司: 此次我公司 | 姓名: 
2026-04-14 17:01:51,065 [INFO] 
处理: 0202_[临时公告]ST中科云关于子公司被纳入失信被执行人的公告.pdf
2026-04-14 17:01:51,288 [INFO]   分类: 公司被纳入 | 公司: 合肥中科云巢科技有限公司，子公司合肥中科云巢科技有限公司 | 姓名: 
2026-04-14 17:01:51,288 [INFO] 
处理: 0203_[临时公告]尚慧能源关于公司被移出失信被执行人名单的公告.pdf
2026-04-14 17:01:51,473 [INFO]   分类: 公司被撤销 | 公司: 江苏尚慧新能源科技股份有限公司关于公司 | 姓名: 
2026-04-14 17:01:51,473 [INFO] 
处理: 0204_[临时公告]ST睿智关于公司被纳入失信被执行人的公告(补发).pdf
2026-04-14 17:01:51,679 [INFO]   分类: 公司被纳入 | 公司: 北京睿智互动文化传媒股份有限公司 | 姓名: 
2026-04-14 17:01:51,679 [INFO] 
处理: 0205_[临时公告]ST欢乐关于公司被纳入失信被执行人的公告(补发).pdf
2026-04-14 17:01:51,863 [INFO]   分类: 公司被纳入 | 公司: 日发布了公司，深圳市欢乐动漫股份有限公司 | 姓名: 
2026-04-14 17:01:51,864 [INFO] 
处理: 0206_[临时公告]乾元泽孚关于控股子公司被纳入失信被执行人的公告.pdf
2026-04-14 17:01:52,248 [INFO]   分类: 公司被纳入 | 公司: 山东乾元馥华集成建筑科技有限公司，控股子公司 | 姓名: 
2026-04-14 17:01:52,249 [INFO] 
处理: 0207_[临时公告]华仪电子关于实际控制人被纳入失信被执行人的公告.pdf
2026-04-14 17:01:52,696 [INFO]   分类: 个人被纳入 | 公司:  | 姓名: 陈道荣
2026-04-14 17:01:52,697 [INFO] 
处理: 0208_[临时公告]郑州水务关于实际控制人被纳入失信被执行人的公告.pdf
2026-04-14 17:01:53,159 [INFO]   分类: 个人被纳入 | 公司:  | 姓名: 
2026-04-14 17:01:53,160 [INFO] 
处理: 0209_[临时公告]澳凯富汇关于实际控制人被移出失信被执行人的公告.pdf
2026-04-14 17:01:53,350 [INFO]   分类: 个人被撤销 | 公司:  | 姓名: 刘鹏
2026-04-14 17:01:53,350 [INFO] 
处理: 0210_[临时公告]澳凯富汇关于实际控制人被纳入失信被执行人的公告.pdf
2026-04-14 17:01:53,628 [INFO]   分类: 个人被纳入 | 公司:  | 姓名: 刘鹏
2026-04-14 17:01:53,628 [INFO] 
处理: 0211_[临时公告]ST威德关于全资子公司被纳入失信被执行人的公告.pdf
2026-04-14 17:01:53,944 [INFO]   分类: 公司被纳入 | 公司: 河北中科威德环境工程有限公司 | 姓名: 
2026-04-14 17:01:53,944 [INFO] 
处理: 0212_[临时公告]ST博恩关于实际控制人被纳入失信被执行人的公告.pdf
2026-04-14 17:01:54,316 [INFO]   分类: 个人被纳入 | 公司:  | 姓名: 熊新翔
2026-04-14 17:01:54,317 [INFO] 
处理: 0213_[临时公告]ST陆海股关于公司被纳入失信被执行人的公告(补发).pdf
2026-04-14 17:01:54,552 [INFO]   分类: 公司被纳入 | 公司: 山东陆海石油技术股份有限公司 | 姓名: 
2026-04-14 17:01:54,553 [INFO] 
处理: 0214_[临时公告]澳凯富汇关于实际控制人被移出失信被执行人的公告.pdf
2026-04-14 17:01:54,807 [INFO]   分类: 个人被撤销 | 公司:  | 姓名: 刘鹏
2026-04-14 17:01:54,807 [INFO] 
处理: 0215_[临时公告]刚泰3关于公司及子公司被纳入失信被执行人的公告.pdf
2026-04-14 17:01:55,706 [INFO]   分类: 公司被纳入 | 公司: 公司及公司子公司上海刚泰黄金饰品有限公司 | 姓名: 
2026-04-14 17:01:55,707 [INFO] 
处理: 0216_[临时公告]新宁酒业关于董事伍晓慧被纳入失信被执行人的公告.pdf
2026-04-14 17:01:55,961 [INFO]   分类: 个人被纳入 | 公司:  | 姓名: 伍晓慧
2026-04-14 17:01:55,962 [INFO] 
处理: 0217_[临时公告]盛运3管理人关于子公司被列入失信被执行人的公告.pdf
2026-04-14 17:01:56,360 [INFO]   分类: 公司被纳入 | 公司: 北京中科通用能源环保有限责任公司，安徽盛运环保工程有限公司 | 姓名: 
2026-04-14 17:01:56,361 [INFO] 
处理: 0218_[临时公告]ST贵之步关于公司新增被纳入失信被执行人的公告.pdf
2026-04-14 17:01:56,605 [INFO]   分类: 公司被纳入 | 公司: 湖南贵之步科教股份有限公司 | 姓名: 
2026-04-14 17:01:56,605 [INFO] 
处理: 0219_[临时公告]揽月科技关于全资子公司被纳入失信被执行人的公告.pdf
2026-04-14 17:01:56,869 [INFO]   分类: 公司被纳入 | 公司: 江苏揽月模板工程有限公司 | 姓名: 
2026-04-14 17:01:56,869 [INFO] 
处理: 0220_[临时公告]派诺生物关于高级管理人被纳入失信被执行人的公告.pdf
2026-04-14 17:01:57,086 [INFO]   分类: 公司被纳入 | 公司:  | 姓名: 
2026-04-14 17:01:57,086 [INFO] 
处理: 0221_[临时公告]兴润金控关于控股子公司被纳入失信被执行人的公告.pdf
2026-04-14 17:01:57,575 [INFO]   分类: 公司被纳入 | 公司: 盘锦市中小企业融资担保有限公司 | 姓名: 
2026-04-14 17:01:57,575 [INFO] 
处理: 0222_[临时公告]高和智能019-关于补发高管被列入失信名单的声明.pdf
2026-04-14 17:01:57,730 [INFO]   分类: 个人被纳入 | 公司:  | 姓名: 刘斌
2026-04-14 17:01:57,731 [INFO] 
处理: 0223_[临时公告]ST经纬云关于被纳入失信被执行人公告的补发说明.pdf
2026-04-14 17:01:57,892 [INFO]   分类: 公司被纳入 | 公司:  | 姓名: 
2026-04-14 17:01:57,893 [INFO] 
处理: 0224_[临时公告]ST宇航重关于公司被纳入失信被执行人的公告(补发).pdf
2026-04-14 17:01:58,097 [INFO]   分类: 公司被纳入 | 公司: 披露了公司，洛阳宇航重工科技股份有限公司 | 姓名: 
2026-04-14 17:01:58,097 [INFO] 
处理: 0225_[临时公告]ST捷尚关于实际控制人被纳入失信被执行人的公告.pdf
2026-04-14 17:01:58,444 [INFO]   分类: 个人被纳入 | 公司:  | 姓名: 尚凌辉
2026-04-14 17:01:58,444 [INFO] 
处理: 0226_[临时公告]盛运3管理人关于子公司被列入失信被执行人的公告.pdf
2026-04-14 17:01:58,594 [INFO]   分类: 公司被纳入 | 公司: 安徽盛运建筑安装工程有限公司 | 姓名: 
2026-04-14 17:01:58,594 [INFO] 
处理: 0227_[临时公告]商翔科技关于实际控制人被纳入失信被执行人的公告.pdf
2026-04-14 17:01:59,267 [INFO]   分类: 个人被纳入 | 公司:  | 姓名: 何利琴，王文军
2026-04-14 17:01:59,267 [INFO] 
处理: 0228_[临时公告]ST云路桥关于公司被撤销失信被执行人名单的公告.pdf
2026-04-14 17:01:59,418 [INFO]   分类: 公司被撤销 | 公司: 知悉公司 | 姓名: 
2026-04-14 17:01:59,418 [INFO] 
处理: 0229_[临时公告]房掌柜关于被列入失信被执行人公告补发的说明公告.pdf
2026-04-14 17:01:59,707 [INFO]   分类: 公司被纳入 | 公司:  | 姓名: 
2026-04-14 17:01:59,707 [INFO] 
处理: 0230_[临时公告]ST魔山关于控股子公司被纳入失信被执行人的公告.pdf
2026-04-14 17:01:59,978 [INFO]   分类: 公司被纳入 | 公司: 霍城星座魔山影业有限公司 | 姓名: 
2026-04-14 17:01:59,979 [INFO] 
处理: 0231_[临时公告]京华新材关于控股子公司被纳入失信被执行人的公告.pdf
2026-04-14 17:02:00,259 [INFO]   分类: 公司被纳入 | 公司: 控股子公司贵州博华新材料科技有限公司，贵州博华新材料科技有限公司 | 姓名: 
2026-04-14 17:02:00,259 [INFO] 
处理: 0232_[临时公告]家电网关于公司及关联方被纳入失信被执行人的公告.pdf
2026-04-14 17:02:00,688 [INFO]   分类: 公司被纳入 | 公司:  | 姓名: 
2026-04-14 17:02:00,689 [INFO] 
处理: 0233_[临时公告]盛运3关于公司控股股东被列入失信被执行人的公告.pdf
2026-04-14 17:02:00,888 [INFO]   分类: 个人被纳入 | 公司:  | 姓名: 开晓胜
2026-04-14 17:02:00,889 [INFO] 
处理: 0234_[临时公告]软汇科技关于实际控制人被纳入失信被执行人的公告.pdf
2026-04-14 17:02:01,207 [INFO]   分类: 个人被纳入 | 公司:  | 姓名: 童俊平
2026-04-14 17:02:01,207 [INFO] 
处理: 0235_[临时公告]广晟健发关于原监事被纳入失信被执行人的公告(补发).pdf
2026-04-14 17:02:01,500 [INFO]   分类: 个人被纳入 | 公司:  | 姓名: 李晓琼
2026-04-14 17:02:01,500 [INFO] 
处理: 0236_[临时公告]曼氏生物关于控股子公司被撤销失信被执行人的公告.pdf
2026-04-14 17:02:01,742 [INFO]   分类: 公司被撤销 | 公司: 本案导致的控股子公司 | 姓名: 
2026-04-14 17:02:01,743 [INFO] 
处理: 0237_[临时公告]蓝山科技关于公司、子公司被纳入失信被执行人的公告.pdf
2026-04-14 17:02:02,062 [INFO]   分类: 公司被纳入 | 公司: 北京中经赛博科技有限公司，北京蓝山科技股份有限公司 | 姓名: 
2026-04-14 17:02:02,062 [INFO] 
处理: 0238_[临时公告]郑州水务关于实际控制人被纳入失信被执行人的公告.pdf
2026-04-14 17:02:02,465 [INFO]   分类: 个人被纳入 | 公司: 花王国际建设集团有限公司 | 姓名: 花王
2026-04-14 17:02:02,466 [INFO] 
处理: 0239_[临时公告]ST捷尚关于控股子公司被纳入失信被执行人的公告.pdf
2026-04-14 17:02:02,683 [INFO]   分类: 公司被纳入 | 公司: 杭州信鸽智尚科技股份有限公司 | 姓名: 
2026-04-14 17:02:02,683 [INFO] 
处理: 0240_[临时公告]ST云路桥关于公司被撤销失信被执行人名单的公告.pdf
2026-04-14 17:02:02,827 [INFO]   分类: 公司被撤销 | 公司: 知悉公司 | 姓名: 
2026-04-14 17:02:02,827 [INFO] 
处理: 0241_[临时公告]ST合一康关于公司被纳入失信被执行人的公告(补发).pdf
2026-04-14 17:02:03,021 [INFO]   分类: 公司被纳入 | 公司: 深圳市合一康生物科技股份有限公司 | 姓名: 
2026-04-14 17:02:03,021 [INFO] 
处理: 0242_[临时公告]中航前海公司实际控制人被列入失信被执行人的公告.pdf
2026-04-14 17:02:03,417 [INFO]   分类: 个人被纳入 | 公司:  | 姓名: 连志杰
2026-04-14 17:02:03,417 [INFO] 
处理: 0243_[临时公告]华仪电子关于实际控制人被纳入失信被执行人的公告.pdf
2026-04-14 17:02:03,746 [INFO]   分类: 个人被纳入 | 公司:  | 姓名: 陈道荣
2026-04-14 17:02:03,746 [INFO] 
处理: 0244_[临时公告]ST白茶关于子公司被纳入失信被执行人的公告 (补发).pdf
2026-04-14 17:02:03,951 [INFO]   分类: 公司被纳入 | 公司: 北京茶未来网络科技有限公司 | 姓名: 
2026-04-14 17:02:03,952 [INFO] 
处理: 0245_[临时公告]ST东和关于公司被纳入失信被执行人的公告（补发）(补发).pdf
2026-04-14 17:02:04,252 [INFO]   分类: 公司被纳入 | 公司: 河南东和环保科技股份有限公司 | 姓名: 
2026-04-14 17:02:04,252 [INFO] 
处理: 0246_[临时公告]ST捷尚关于控股子公司被列入失信被执行人的公告.pdf
2026-04-14 17:02:04,477 [INFO]   分类: 公司被纳入 | 公司: 杭州信鸽智尚科技股份有限公司 | 姓名: 
2026-04-14 17:02:04,478 [INFO] 
处理: 0247_[临时公告]华仪电子关于实际控制人被纳入失信被执行人的公告.pdf
2026-04-14 17:02:04,771 [INFO]   分类: 个人被纳入 | 公司:  | 姓名: 陈道荣
2026-04-14 17:02:04,772 [INFO] 
处理: 0248_[临时公告]智诚安环关于分公司被纳入失信被执行人的公告(补发).pdf
2026-04-14 17:02:05,144 [INFO]   分类: 公司被纳入 | 公司: 宁夏智诚安环科技发展股份有限公司 | 姓名: 
2026-04-14 17:02:05,144 [INFO] 
处理: 0249_[临时公告]ST华盛控关于公司被纳入失信被执行人的公告（一）(补发).pdf
2026-04-14 17:02:05,436 [INFO]   分类: 公司被纳入 | 公司: 华盛科技控股股份有限公司 | 姓名: 
2026-04-14 17:02:05,436 [INFO] 
处理: 0250_[临时公告]ST华盛控关于公司被纳入失信被执行人的公告（二）(补发).pdf
2026-04-14 17:02:05,762 [INFO]   分类: 公司被纳入 | 公司: 华盛科技控股股份有限公司 | 姓名: 
2026-04-14 17:02:05,763 [INFO] 
处理: 0251_[临时公告]ST华盛控关于公司被纳入失信被执行人的公告（三）(补发).pdf
2026-04-14 17:02:06,058 [INFO]   分类: 公司被纳入 | 公司: 华盛科技控股股份有限公司 | 姓名: 
2026-04-14 17:02:06,058 [INFO] 
处理: 0252_[临时公告]ST华盛控关于公司被纳入失信被执行人的公告（八）(补发).pdf
2026-04-14 17:02:06,399 [INFO]   分类: 公司被纳入 | 公司: 华盛科技控股股份有限公司 | 姓名: 
2026-04-14 17:02:06,399 [INFO] 
处理: 0253_[临时公告]ST华盛控关于公司被纳入失信被执行人的公告（十）(补发).pdf
2026-04-14 17:02:06,605 [INFO]   分类: 公司被纳入 | 公司: 华盛科技控股股份有限公司 | 姓名: 
2026-04-14 17:02:06,605 [INFO] 
处理: 0254_[临时公告]ST华盛控关于公司被纳入失信被执行人的公告（四）(补发).pdf
2026-04-14 17:02:06,870 [INFO]   分类: 公司被纳入 | 公司: 华盛科技控股股份有限公司 | 姓名: 
2026-04-14 17:02:06,871 [INFO] 
处理: 0255_[临时公告]ST华盛控关于公司被纳入失信被执行人的公告（五）(补发).pdf
2026-04-14 17:02:07,181 [INFO]   分类: 公司被纳入 | 公司: 华盛科技控股股份有限公司 | 姓名: 
2026-04-14 17:02:07,181 [INFO] 
处理: 0256_[临时公告]ST华盛控关于公司被纳入失信被执行人的公告（六）(补发).pdf
2026-04-14 17:02:07,479 [INFO]   分类: 公司被纳入 | 公司: 华盛科技控股股份有限公司 | 姓名: 
2026-04-14 17:02:07,479 [INFO] 
处理: 0257_[临时公告]ST华盛控关于公司被纳入失信被执行人的公告（七）(补发).pdf
2026-04-14 17:02:07,792 [INFO]   分类: 公司被纳入 | 公司: 华盛科技控股股份有限公司 | 姓名: 
2026-04-14 17:02:07,792 [INFO] 
处理: 0258_[临时公告]ST华盛控关于公司被纳入失信被执行人的公告（九）(补发).pdf
2026-04-14 17:02:08,098 [INFO]   分类: 公司被纳入 | 公司: 华盛科技控股股份有限公司 | 姓名: 
2026-04-14 17:02:08,098 [INFO] 
处理: 0259_[临时公告]杰事杰关于实际控制人被纳入失信被执行人的公告(补发).pdf
2026-04-14 17:02:08,380 [INFO]   分类: 个人被纳入 | 公司:  | 姓名: 任职，杨桂生
2026-04-14 17:02:08,380 [INFO] 
处理: 0260_[临时公告]联力股份关于挂牌公司被纳入失信被执行人的公告(补发).pdf
2026-04-14 17:02:08,686 [INFO]   分类: 公司被纳入 | 公司: 无锡联力电子科技股份有限公司 | 姓名: 
2026-04-14 17:02:08,686 [INFO] 
处理: 0261_[临时公告]联力股份关于补发公司被纳入失信被执行人的声明公告.pdf
2026-04-14 17:02:08,790 [INFO]   分类: 公司被纳入 | 公司: 限公司关于挂牌公司 | 姓名: 
2026-04-14 17:02:08,790 [INFO] 
处理: 0262_[临时公告]正兴玉关于实际控制人新增被纳入失信被执行人的公告.pdf
2026-04-14 17:02:09,931 [INFO]   分类: 个人被纳入 | 公司:  | 姓名: 丁立红，余世友，庄卫东，李国强，蔡少河，蔡镇顺，表示正，陈雪汶，陈鸿成
2026-04-14 17:02:09,931 [INFO] 
处理: 0263_[临时公告]馨格股份关于公司被纳入失信被执行人的公告补发声明.pdf
2026-04-14 17:02:10,118 [INFO]   分类: 公司被纳入 | 公司: 苏州馨格家居用品股份有限公司关于公司 | 姓名: 
2026-04-14 17:02:10,119 [INFO] 
处理: 0264_[临时公告]ST绿色关于董事、总经理被纳入失信被执行人的公告(补发).pdf
2026-04-14 17:02:10,542 [INFO]   分类: 个人被纳入 | 公司:  | 姓名: 刘芳，后生效，和高级
2026-04-14 17:02:10,543 [INFO] 
处理: 0265_[临时公告]宏祥新材关于公司新增被纳入失信被执行人的公告(补发).pdf
2026-04-14 17:02:10,901 [INFO]   分类: 公司被纳入 | 公司:  | 姓名: 
2026-04-14 17:02:10,901 [INFO] 
处理: 0266_[临时公告]正兴玉关于实际控制人新增被纳入失信被执行人的公告.pdf
2026-04-14 17:02:11,914 [INFO]   分类: 个人被纳入 | 公司:  | 姓名: 丁立红，余世友，庄卫东，李国强，蔡少河，蔡镇顺，表示正，郑国刚，陈雪汶，陈鸿成
2026-04-14 17:02:11,915 [INFO] 
处理: 0267_[临时公告]ST赞普关于补发公司被纳入失信被执行人公告的说明.pdf
2026-04-14 17:02:12,052 [INFO]   分类: 公司被纳入 | 公司:  | 姓名: 
2026-04-14 17:02:12,053 [INFO] 
处理: 0268_[临时公告]ST通捷关于公司新增被纳入失信被执行人的公告(补发).pdf
2026-04-14 17:02:12,381 [INFO]   分类: 公司被纳入 | 公司: 北京通捷智慧水务股份有限公司 | 姓名: 
2026-04-14 17:02:12,382 [INFO] 
处理: 0269_[临时公告]正兴玉关于实际控制人新增被纳入失信被执行人的公告.pdf
2026-04-14 17:02:13,158 [INFO]   分类: 个人被纳入 | 公司:  | 姓名: 余世友，庄卫东，李国强，蔡少河，蔡镇顺，表示正，郑国刚，陈鸿成
2026-04-14 17:02:13,158 [INFO] 
处理: 0270_[临时公告]杰事杰关于实际控制人被移出失信被执行人名单的公告.pdf
2026-04-14 17:02:13,434 [INFO]   分类: 个人被撤销 | 公司:  | 姓名: 杨桂生
2026-04-14 17:02:13,434 [INFO] 
处理: 0271_[临时公告]名品彩叶关于补发公司被纳入失信被执行人的申明公告.pdf
2026-04-14 17:02:13,538 [INFO]   分类: 公司被纳入 | 公司:  | 姓名: 
2026-04-14 17:02:13,538 [INFO] 
处理: 0272_[临时公告]ST大境关于补发被纳入失信被执行人公告的声明公告.pdf
2026-04-14 17:02:13,668 [INFO]   分类: 公司被纳入 | 公司:  | 姓名: 
2026-04-14 17:02:13,669 [INFO] 
处理: 0273_[临时公告]ST赞普关于补发公司被纳入失信被执行人公告的说明.pdf
2026-04-14 17:02:13,791 [INFO]   分类: 公司被纳入 | 公司: 津赞普科技股份有限公司，赞普科技股份有限公司公司 | 姓名: 
2026-04-14 17:02:13,791 [INFO] 
处理: 0274_[临时公告]希益智能公司及实际控制人被纳入失信被执行人的公告.pdf
2026-04-14 17:02:14,117 [INFO]   分类: 公司及个人被纳入 | 公司: 河北亚创天然气股份有限公司 | 姓名: 邵亚
2026-04-14 17:02:14,117 [INFO] 
处理: 0275_[临时公告]杰事杰关于实际控制人被纳入失信被执行人的公告(补发).pdf
2026-04-14 17:02:14,532 [INFO]   分类: 个人被纳入 | 公司:  | 姓名: 任职，杨桂生
2026-04-14 17:02:14,533 [INFO] 
处理: 0276_[临时公告]大业创智关于控股股东被列入失信被执行人的公告(补发).pdf
2026-04-14 17:02:14,756 [INFO]   分类: 个人被纳入 | 公司: 大业传媒集团有限公司 | 姓名: 
2026-04-14 17:02:14,756 [INFO] 
处理: 0277_[临时公告]华仪电子关于控股股东被纳入失信被执行人的公告(补发).pdf
2026-04-14 17:02:15,026 [INFO]   分类: 个人被纳入 | 公司: 华仪集团有限公司 | 姓名: 华仪
2026-04-14 17:02:15,026 [INFO] 
处理: 0278_[临时公告]凌志股份公司及关联方被列入失信被执行人的公告(补发).pdf
2026-04-14 17:02:15,658 [INFO]   分类: 公司被纳入 | 公司: 内蒙古凌志马铃薯科技股份有限公司 | 姓名: 
2026-04-14 17:02:15,658 [INFO] 
处理: 0279_[临时公告]赞普科技关于补发公司被纳入失信被执行人公告的说明.pdf
2026-04-14 17:02:15,784 [INFO]   分类: 公司被纳入 | 公司: 津赞普科技股份有限公司，赞普科技股份有限公司关于全资子公司 | 姓名: 
2026-04-14 17:02:15,784 [INFO] 
处理: 0280_[临时公告]大业创智关于公司被纳入失信被执行人的公告补发声明.pdf
2026-04-14 17:02:15,982 [INFO]   分类: 公司被纳入 | 公司:  | 姓名: 
2026-04-14 17:02:15,983 [INFO] 
处理: 0281_[临时公告]大盛微电关于挂牌公司被纳入失信被执行人的公告(补发).pdf
2026-04-14 17:02:16,465 [INFO]   分类: 公司被纳入 | 公司: 大盛微电科技股份有限公司 | 姓名: 
2026-04-14 17:02:16,465 [INFO] 
处理: 0282_[临时公告]大盛微电关于挂牌公司被纳入失信被执行人的公告(补发).pdf
2026-04-14 17:02:16,828 [INFO]   分类: 公司被纳入 | 公司: 大盛微电科技股份有限公司 | 姓名: 
2026-04-14 17:02:16,829 [INFO] 
处理: 0283_[临时公告]大团结关于公司第一大股东被纳入失信被执行人的公告.pdf
2026-04-14 17:02:17,119 [INFO]   分类: 个人被纳入 | 公司: 安徽恒岩混凝土有限公司 | 姓名: 
2026-04-14 17:02:17,120 [INFO] 
处理: 0284_[临时公告]华彩信和关于公司被纳入失信被执行人公告的补发声明.pdf
2026-04-14 17:02:17,276 [INFO]   分类: 公司被纳入 | 公司: 彩信和电子科技集团股份有限公司关于公司 | 姓名: 
2026-04-14 17:02:17,277 [INFO] 
处理: 0285_[临时公告]九生堂关于补发子公司被列为失信被执行人的声明公告.pdf
2026-04-14 17:02:17,442 [INFO]   分类: 其他 | 公司:  | 姓名: 
2026-04-14 17:02:17,442 [INFO] 
处理: 0286_[临时公告]狮子城关于公司实际控制人被纳入失信被执行人的公告.pdf
2026-04-14 17:02:17,696 [INFO]   分类: 个人被纳入 | 公司:  | 姓名: 吴晓翔
2026-04-14 17:02:17,696 [INFO] 
处理: 0287_[临时公告]ST新元太关于公司被纳入失信被执行人的公告（补发）(补发).pdf
2026-04-14 17:02:17,901 [INFO]   分类: 公司被纳入 | 公司: 山西新元太生物科技股份有限公司 | 姓名: 
2026-04-14 17:02:17,902 [INFO] 
处理: 0288_[临时公告]ST新元太关于公司被纳入失信被执行人的公告（补发）(补发).pdf
2026-04-14 17:02:18,159 [INFO]   分类: 公司被纳入 | 公司: 山西新元太生物科技股份有限公司 | 姓名: 
2026-04-14 17:02:18,159 [INFO] 
处理: 0289_[临时公告]ST新元太关于公司被纳入失信被执行人的公告（补发）(补发).pdf
2026-04-14 17:02:18,392 [INFO]   分类: 公司被纳入 | 公司: 山西新元太生物科技股份有限公司 | 姓名: 
2026-04-14 17:02:18,392 [INFO] 
处理: 0290_[临时公告]盛达电机关于公司新增被纳入失信被执行人的公告(补发).pdf
2026-04-14 17:02:18,578 [INFO]   分类: 公司被纳入 | 公司: 河南省盛达电机技术股份有限公司 | 姓名: 
2026-04-14 17:02:18,579 [INFO] 
处理: 0291_[临时公告]帝通新材关于公司被纳入失信被执行人的补发声明公告.pdf
2026-04-14 17:02:18,752 [INFO]   分类: 公司被纳入 | 公司: 广东帝通新材料股份有限公司关于公司 | 姓名: 
2026-04-14 17:02:18,752 [INFO] 
处理: 0292_[临时公告]国臻堂关于公司已被撤销纳入失信被执行人名单的公告.pdf
2026-04-14 17:02:18,910 [INFO]   分类: 公司被撤销 | 公司:  | 姓名: 
2026-04-14 17:02:18,910 [INFO] 
处理: 0293_[临时公告]华彩信和关于公司被纳入失信被执行人公告的补发声明.pdf
2026-04-14 17:02:19,094 [INFO]   分类: 公司被纳入 | 公司: 彩信和电子科技集团股份有限公司关于公司 | 姓名: 
2026-04-14 17:02:19,094 [INFO] 
处理: 0294_[临时公告]大森机电关于公司被纳入失信被执行人的补发声明公告.pdf
2026-04-14 17:02:19,273 [INFO]   分类: 公司被纳入 | 公司:  | 姓名: 
2026-04-14 17:02:19,273 [INFO] 
处理: 0295_[临时公告]ST睿智关于公司被纳入失信被执行人公告的补发声明.pdf
2026-04-14 17:02:19,427 [INFO]   分类: 公司被纳入 | 公司: 北京睿智互动文化传媒股份有限公司 | 姓名: 
2026-04-14 17:02:19,427 [INFO] 
处理: 0296_[临时公告]奇才股份关于公司被纳入失信被执行人的进展公告(补发).pdf
2026-04-14 17:02:19,683 [INFO]   分类: 公司被纳入 | 公司: 尽早申请撤销公司，苏州奇才电子科技股份有限公司 | 姓名: 
2026-04-14 17:02:19,683 [INFO] 
处理: 0297_[临时公告]ST华盛控关于公司被纳入失信被执行人的公告（十一）(补发).pdf
2026-04-14 17:02:19,977 [INFO]   分类: 公司被纳入 | 公司: 华盛科技控股股份有限公司 | 姓名: 
2026-04-14 17:02:19,978 [INFO] 
处理: 0298_[临时公告]ST华盛控关于公司被纳入失信被执行人的公告（十二）(补发).pdf
2026-04-14 17:02:20,263 [INFO]   分类: 公司被纳入 | 公司: 华盛科技控股股份有限公司 | 姓名: 
2026-04-14 17:02:20,263 [INFO] 
处理: 0299_[临时公告]漯效王关于监事、监事会主席被纳入失信被执行人的公告.pdf
2026-04-14 17:02:20,463 [INFO]   分类: 个人被纳入 | 公司:  | 姓名: 胡建厂
2026-04-14 17:02:20,463 [INFO] 
处理: 0300_[临时公告]海欣药业关于公司副总经理被纳入失信被执行人的公告.pdf
2026-04-14 17:02:20,893 [INFO]   分类: 个人被纳入 | 公司:  | 姓名: 黄洁
2026-04-14 17:02:20,894 [INFO] 
处理: 0301_[临时公告]易元堂关于实际控制人被纳入失信被执行人的公告(补发).pdf
2026-04-14 17:02:21,235 [INFO]   分类: 个人被纳入 | 公司:  | 姓名: 和高级，王辉
2026-04-14 17:02:21,235 [INFO] 
处理: 0302_[券商公告]京立医院中原证券关于鹤壁京立医院股份有限公司再次被纳入失信被执行人及控股股东、实际控制人被纳入失信被执行人的风险提示性公告.pdf
2026-04-14 17:02:21,622 [INFO]   分类: 个人被纳入 | 公司:  | 姓名: 葛庆因
2026-04-14 17:02:21,622 [INFO] 
处理: 0303_[临时公告]鑫固环保关于公司被纳入及移出失信被执行人的公告(补发).pdf
2026-04-14 17:02:21,882 [INFO]   分类: 公司被撤销 | 公司: 安徽鑫固环保股份有限公司 | 姓名: 
2026-04-14 17:02:21,882 [INFO] 
处理: 0304_[临时公告]红枫高科关于控股子公司被纳入失信被执行人的公告(补发).pdf
2026-04-14 17:02:22,159 [INFO]   分类: 公司被纳入 | 公司: 山东天序农林科技有限公司 | 姓名: 
2026-04-14 17:02:22,159 [INFO] 
处理: 0305_[临时公告]智诚安环关于实际控制人被移出失信被执行人名单的公告.pdf
2026-04-14 17:02:22,360 [INFO]   分类: 个人被撤销 | 公司:  | 姓名: 
2026-04-14 17:02:22,360 [INFO] 
处理: 0306_[临时公告]ST赞普关于全资子公司被纳入失信被执行人的公告(补发).pdf
2026-04-14 17:02:22,572 [INFO]   分类: 公司被纳入 | 公司: 天津市秦鼎科技有限公司 | 姓名: 
2026-04-14 17:02:22,572 [INFO] 
处理: 0307_[临时公告]天际数字关于控股子公司再次被纳入失信被执行人的公告.pdf
2026-04-14 17:02:22,828 [INFO]   分类: 公司被纳入 | 公司: 河北天际方工建筑科技有限公司 | 姓名: 
2026-04-14 17:02:22,829 [INFO] 
处理: 0308_[临时公告]兴润金控关于控股子公司被纳入失信被执行人的公告(补发).pdf
2026-04-14 17:02:23,091 [INFO]   分类: 公司被纳入 | 公司: 盘锦市中小企业融资担保有限公司 | 姓名: 
2026-04-14 17:02:23,091 [INFO] 
处理: 0309_[临时公告]中润新能关于实际控制人被移出失信被执行人名单的公告.pdf
2026-04-14 17:02:23,427 [INFO]   分类: 个人被撤销 | 公司:  | 姓名: 王菊林
2026-04-14 17:02:23,428 [INFO] 
处理: 0310_[临时公告]天际数字关于控股子公司被纳入失信被执行人的公告(补发).pdf
2026-04-14 17:02:23,790 [INFO]   分类: 公司被纳入 | 公司:  | 姓名: 
2026-04-14 17:02:23,791 [INFO] 
处理: 0311_[临时公告]ST通捷关于全资子公司被纳入失信被执行人的公告(补发).pdf
2026-04-14 17:02:24,109 [INFO]   分类: 公司被纳入 | 公司: 全资子公司，新疆通捷智慧水务有限公司 | 姓名: 
2026-04-14 17:02:24,110 [INFO] 
处理: 0312_[临时公告]ST通捷关于全资子公司被纳入失信被执行人的声明公告.pdf
2026-04-14 17:02:24,253 [INFO]   分类: 公司被纳入 | 公司:  | 姓名: 
2026-04-14 17:02:24,253 [INFO] 
处理: 0313_[临时公告]澳凯富汇关于实际控制人被纳入失信被执行人的公告(补发).pdf
2026-04-14 17:02:24,623 [INFO]   分类: 个人被纳入 | 公司:  | 姓名: 刘鹏
2026-04-14 17:02:24,623 [INFO] 
处理: 0314_[临时公告]白山国旅关于公司控股子公司被移出失信被执行人的公告.pdf
2026-04-14 17:02:24,796 [INFO]   分类: 公司被撤销 | 公司: 控股子公司 | 姓名: 
2026-04-14 17:02:24,796 [INFO] 
处理: 0315_[临时公告]国恒1关于子公司涉诉并被列入失信执行人的提示性公告.pdf
2026-04-14 17:02:24,840 [INFO]   分类:  | 公司:  | 姓名: 
2026-04-14 17:02:24,840 [INFO] 
处理: 0316_[临时公告]ST中凰关于董事被纳入失信被执行人的公告的补发声明.pdf
2026-04-14 17:02:25,054 [INFO]   分类: 个人被纳入 | 公司:  | 姓名: 
2026-04-14 17:02:25,055 [INFO] 
处理: 0317_[临时公告]正方农牧关于公司被纳入失信被执行人的公告的更正公告.pdf
2026-04-14 17:02:25,206 [INFO]   分类: 公司被纳入 | 公司:  | 姓名: 
2026-04-14 17:02:25,207 [INFO] 
处理: 0318_[临时公告]建装业关于公司被纳入失信被执行人的公告（补发）的声明公告.pdf
2026-04-14 17:02:25,333 [INFO]   分类: 公司被纳入 | 公司: 装业集团股份有限公司 | 姓名: 
2026-04-14 17:02:25,334 [INFO] 
处理: 0319_[临时公告]ST元亨利关于公司被纳入失信被执行人名单的公告(补发).pdf
2026-04-14 17:02:25,561 [INFO]   分类: 公司被纳入 | 公司: 元亨利珠宝股份有限公司 | 姓名: 
2026-04-14 17:02:25,561 [INFO] 
处理: 0320_[临时公告]华彩信和关于实际控制人被纳入失信被执行人的公告(补发).pdf
2026-04-14 17:02:25,801 [INFO]   分类: 个人被纳入 | 公司:  | 姓名: 李树华
2026-04-14 17:02:25,801 [INFO] 
处理: 0321_[临时公告]ST广建关于实际控制人被纳入失信被执行人的公告(补发).pdf
2026-04-14 17:02:26,508 [INFO]   分类: 个人被纳入 | 公司:  | 姓名: 李云
2026-04-14 17:02:26,508 [INFO] 
处理: 0322_[临时公告]亚创股份关于公司及董事被纳入失信被执行人的公告(补发).pdf
2026-04-14 17:02:27,535 [INFO]   分类: 公司及个人被纳入 | 公司: 河北亚创天然气股份有限公司，河北亚创物流有限公司 | 姓名: 邵亚南，邵亚辉，陈景涛
2026-04-14 17:02:27,535 [INFO] 
处理: 0323_[临时公告]格林披治关于公司实际控制人被纳入失信被执行人的公告.pdf
2026-04-14 17:02:27,770 [INFO]   分类: 个人被纳入 | 公司:  | 姓名: 吴晓翔
2026-04-14 17:02:27,770 [INFO] 
处理: 0324_[临时公告]易销科技关于公司被纳入失信被执行人的公告的补发声明.pdf
2026-04-14 17:02:27,928 [INFO]   分类: 公司被纳入 | 公司:  | 姓名: 
2026-04-14 17:02:27,928 [INFO] 
处理: 0325_[临时公告]白山国旅关于控股孙公司被纳入失信被执行人的公告(补发).pdf
2026-04-14 17:02:28,708 [INFO]   分类: 公司被纳入 | 公司: 安图县仙境冰雪乐园文化旅游景区有限公司，控股孙公司 | 姓名: 
2026-04-14 17:02:28,708 [INFO] 
处理: 0326_[临时公告]北直通航关于全资子公司被列入失信被执行人的公告(补发)（已取消）.pdf
2026-04-14 17:02:29,000 [INFO]   分类: 公司被纳入 | 公司: 珠海毅飞通用航空有限公司 | 姓名: 
2026-04-14 17:02:29,000 [INFO] 
处理: 0327_[临时公告]诺威尔关于补发公司被纳入失信被执行人公告的声明公告.pdf
2026-04-14 17:02:29,143 [INFO]   分类: 公司被纳入 | 公司:  | 姓名: 
2026-04-14 17:02:29,143 [INFO] 
处理: 0328_[临时公告]ST峻岭2021-039被纳入失信被执行人的补发声明.pdf
2026-04-14 17:02:29,288 [INFO]   分类: 公司被纳入 | 公司:  | 姓名: 
2026-04-14 17:02:29,290 [INFO] 
处理: 0329_[临时公告]ST峻岭2021-041被纳入失信被执行人的补发声明.pdf
2026-04-14 17:02:29,413 [INFO]   分类: 公司被纳入 | 公司:  | 姓名: 
2026-04-14 17:02:29,413 [INFO] 
处理: 0330_[临时公告]ST峻岭2021-047被纳入失信被执行人的补发声明.pdf
2026-04-14 17:02:29,534 [INFO]   分类: 公司被纳入 | 公司:  | 姓名: 
2026-04-14 17:02:29,535 [INFO] 
处理: 0331_[临时公告]易家科技关于全资子公司被纳入失信被执行人的公告(补发).pdf
2026-04-14 17:02:29,862 [INFO]   分类: 公司被纳入 | 公司: 厦门爱易家信息科技有限公司 | 姓名: 
2026-04-14 17:02:29,863 [INFO] 
处理: 0332_[临时公告]诺威尔关于公司及实际控制人被纳入失信被执行人的公告.pdf
2026-04-14 17:02:30,916 [INFO]   分类: 公司及个人被纳入 | 公司:  | 姓名: 苏顺良，诺威尔
2026-04-14 17:02:30,916 [INFO] 
处理: 0333_[临时公告]ST峻岭2021-025被纳入失信被执行人的补发声明.pdf
2026-04-14 17:02:31,028 [INFO]   分类: 公司被纳入 | 公司:  | 姓名: 
2026-04-14 17:02:31,029 [INFO] 
处理: 0334_[临时公告]ST童石关于实际控制人被纳入失信被执行人的公告(补发).pdf
2026-04-14 17:02:31,418 [INFO]   分类: 个人被纳入 | 公司:  | 姓名: 王红君
2026-04-14 17:02:31,418 [INFO] 
处理: 0335_[临时公告]华彩信和关于实际控制人被纳入失信被执行人的公告(补发).pdf
2026-04-14 17:02:31,851 [INFO]   分类: 个人被纳入 | 公司:  | 姓名: 李树华
2026-04-14 17:02:31,852 [INFO] 
处理: 0336_[临时公告]ST社忧关于公司实际控制人被纳入失信被执行人的公告.pdf
2026-04-14 17:02:32,163 [INFO]   分类: 个人被纳入 | 公司:  | 姓名: 胡祝帮
2026-04-14 17:02:32,164 [INFO] 
处理: 0337_[临时公告]华仪电子关于实际控制人被纳入失信被执行人的公告(补发).pdf
2026-04-14 17:02:32,595 [INFO]   分类: 个人被纳入 | 公司:  | 姓名: 陈道荣
2026-04-14 17:02:32,595 [INFO] 
处理: 0338_[临时公告]易家科技关于控股子公司被纳入失信被执行人的公告(补发).pdf
2026-04-14 17:02:32,794 [INFO]   分类: 公司被纳入 | 公司: 莆田易家报警网络服务有限公司 | 姓名: 
2026-04-14 17:02:32,795 [INFO] 
处理: 0339_[临时公告]ST华盛控关于补发公司被纳入失信被执行人（二）的声明公告.pdf
2026-04-14 17:02:33,006 [INFO]   分类: 公司被纳入 | 公司: 华盛科技控股股份有限公司 | 姓名: 
2026-04-14 17:02:33,006 [INFO] 
处理: 0340_[临时公告]ST华盛控关于补发公司被纳入失信被执行人（四）的声明公告.pdf
2026-04-14 17:02:33,200 [INFO]   分类: 公司被纳入 | 公司: 华盛科技控股股份有限公司 | 姓名: 
2026-04-14 17:02:33,201 [INFO] 
处理: 0341_[临时公告]ST华盛控关于补发公司被纳入失信被执行人（五）的声明公告.pdf
2026-04-14 17:02:33,373 [INFO]   分类: 公司被纳入 | 公司: 华盛科技控股股份有限公司 | 姓名: 
2026-04-14 17:02:33,374 [INFO] 
处理: 0342_[临时公告]ST华盛控关于补发公司被纳入失信被执行人（六）的声明公告.pdf
2026-04-14 17:02:33,563 [INFO]   分类: 公司被纳入 | 公司: 华盛科技控股股份有限公司 | 姓名: 
2026-04-14 17:02:33,563 [INFO] 
处理: 0343_[临时公告]ST华盛控关于补发公司被纳入失信被执行人（七）的声明公告.pdf
2026-04-14 17:02:33,745 [INFO]   分类: 公司被纳入 | 公司: 华盛科技控股股份有限公司 | 姓名: 
2026-04-14 17:02:33,745 [INFO] 
处理: 0344_[临时公告]ST华盛控关于补发公司被纳入失信被执行人（八）的声明公告.pdf
2026-04-14 17:02:33,922 [INFO]   分类: 公司被纳入 | 公司: 华盛科技控股股份有限公司 | 姓名: 
2026-04-14 17:02:33,922 [INFO] 
处理: 0345_[临时公告]ST华盛控关于补发公司被纳入失信被执行人（一）的声明公告.pdf
2026-04-14 17:02:34,102 [INFO]   分类: 公司被纳入 | 公司: 华盛科技控股股份有限公司 | 姓名: 
2026-04-14 17:02:34,102 [INFO] 
处理: 0346_[临时公告]ST华盛控关于补发公司被纳入失信被执行人（三）的声明公告.pdf
2026-04-14 17:02:34,292 [INFO]   分类: 公司被纳入 | 公司: 华盛科技控股股份有限公司 | 姓名: 
2026-04-14 17:02:34,292 [INFO] 
处理: 0347_[临时公告]ST华盛控关于补发公司被纳入失信被执行人（九）的声明公告.pdf
2026-04-14 17:02:34,492 [INFO]   分类: 公司被纳入 | 公司: 华盛科技控股股份有限公司 | 姓名: 
2026-04-14 17:02:34,492 [INFO] 
处理: 0348_[临时公告]ST华盛控关于补发公司被纳入失信被执行人（十）的声明公告.pdf
2026-04-14 17:02:34,686 [INFO]   分类: 公司被纳入 | 公司: 华盛科技控股股份有限公司 | 姓名: 
2026-04-14 17:02:34,686 [INFO] 
处理: 0349_[临时公告]北方数据关于公司董事、高管被纳入失信被执行人的公告(补发).pdf
2026-04-14 17:02:35,212 [INFO]   分类: 个人被纳入 | 公司:  | 姓名: 丁凤琴，张庆敏，张衡，郭敏
2026-04-14 17:02:35,212 [INFO] 
处理: 0350_[临时公告]聚智未来关于实际控制人被纳入失信被执行人的公告(补发).pdf
2026-04-14 17:02:35,420 [INFO]   分类: 不属于失信人 | 公司:  | 姓名: 顾海波
2026-04-14 17:02:35,420 [INFO] 
处理: 0351_[临时公告]杰事杰关于补发实际控制人被纳入失信被执行人的声明公告.pdf
2026-04-14 17:02:35,679 [INFO]   分类: 个人被纳入 | 公司:  | 姓名: 杨桂生
2026-04-14 17:02:35,679 [INFO] 
处理: 0352_[临时公告]摘牌中林关于公司及法定代表人被纳入失信被执行人的公告.pdf
2026-04-14 17:02:36,062 [INFO]   分类: 公司及个人被纳入 | 公司: 浙江中林木业股份有限公司 | 姓名: 蒋首尧
2026-04-14 17:02:36,063 [INFO] 
处理: 0353_[临时公告]红枫高科关于补发控股子公司被列入失信被执行人的声明公告.pdf
2026-04-14 17:02:36,217 [INFO]   分类: 公司被纳入 | 公司: 补发控股子公司 | 姓名: 
2026-04-14 17:02:36,217 [INFO] 
处理: 0354_[临时公告]中拓石油关于补发公司被纳入失信被执行人公告的说明公告.pdf
2026-04-14 17:02:36,390 [INFO]   分类: 公司被纳入 | 公司:  | 姓名: 
2026-04-14 17:02:36,390 [INFO] 
处理: 0355_[临时公告]智诚安环关于实际控制人被纳入失信被执行人的公告（补发）(补发).pdf
2026-04-14 17:02:36,657 [INFO]   分类: 个人被纳入 | 公司:  | 姓名: 刘国辰
2026-04-14 17:02:36,657 [INFO] 
处理: 0356_[临时公告]ST赞普关于补发全资子公司被纳入失信被执行人公告的说明.pdf
2026-04-14 17:02:36,786 [INFO]   分类: 公司被纳入 | 公司:  | 姓名: 
2026-04-14 17:02:36,786 [INFO] 
处理: 0357_[临时公告]兴润金控关于控股子公司被列入失信被执行的公告补发声明.pdf
2026-04-14 17:02:36,883 [INFO]   分类: 公司被纳入 | 公司:  | 姓名: 
2026-04-14 17:02:36,884 [INFO] 
处理: 0358_[临时公告]ST绿色关于补发董事、总经理被纳入失信被执行人的声明公告.pdf
2026-04-14 17:02:37,077 [INFO]   分类: 个人被纳入 | 公司:  | 姓名: 刘芳，后生效
2026-04-14 17:02:37,077 [INFO] 
处理: 0359_[临时公告]金易通关于公司及法定代表人被移出失信被执行人名单的公告.pdf
2026-04-14 17:02:37,215 [INFO]   分类: 公司及个人被撤销 | 公司:  | 姓名: 常建勇
2026-04-14 17:02:37,215 [INFO] 
处理: 0360_[临时公告]天际数字关于补发控股子公司被纳入失信被执行人的声明公告.pdf
2026-04-14 17:02:37,361 [INFO]   分类: 公司被纳入 | 公司: 技术股份公司关于控股子公司 | 姓名: 
2026-04-14 17:02:37,361 [INFO] 
处理: 0361_[临时公告]兴润金控关于控股子公司被列入失信被执行的公告补发声明.pdf
2026-04-14 17:02:37,498 [INFO]   分类: 公司被纳入 | 公司:  | 姓名: 
2026-04-14 17:02:37,498 [INFO] 
处理: 0362_[临时公告]ST易茂关于公司实际控制人被纳入失信被执行人的公告(补发).pdf
2026-04-14 17:02:37,822 [INFO]   分类: 个人被纳入 | 公司:  | 姓名: 田津举
2026-04-14 17:02:37,823 [INFO] 
处理: 0363_[临时公告]ST经纬云关于公司、控股子公司被纳入失信被执行人的公告(补发).pdf
2026-04-14 17:02:38,110 [INFO]   分类: 公司被纳入 | 公司: 控股子公司，江苏新世寰宇再生资源科技有限公司，江苏经纬盛世腾云再生资源股份有限公司 | 姓名: 
2026-04-14 17:02:38,110 [INFO] 
处理: 0364_[临时公告]澳凯富汇关于补发实际控制人被纳入失信被执行人的声明公告.pdf
2026-04-14 17:02:38,301 [INFO]   分类: 个人被纳入 | 公司:  | 姓名: 刘鹏
2026-04-14 17:02:38,301 [INFO] 
处理: 0365_[临时公告]杰事杰关于补发实际控制人被纳入失信被执行人的声明公告.pdf
2026-04-14 17:02:38,540 [INFO]   分类: 个人被纳入 | 公司:  | 姓名: 杨桂生
2026-04-14 17:02:38,540 [INFO] 
处理: 0366_[临时公告]ST宇航重关于补发公司被纳入失信被执行人公告的说明公告.pdf
2026-04-14 17:02:38,684 [INFO]   分类: 公司被纳入 | 公司:  | 姓名: 
2026-04-14 17:02:38,684 [INFO] 
处理: 0367_[临时公告]晓沃环保关于公司及实际控制人被移出失信被执行人的公告.pdf
2026-04-14 17:02:38,905 [INFO]   分类: 公司及个人被撤销 | 公司:  | 姓名: 孙雷宇，陈多多
2026-04-14 17:02:38,905 [INFO] 
处理: 0368_[临时公告]ST中凰关于董事被纳入失信被执行人的公告的补发声明(补发).pdf
2026-04-14 17:02:39,197 [INFO]   分类: 个人被纳入 | 公司:  | 姓名: 方美林
2026-04-14 17:02:39,197 [INFO] 
处理: 0369_[临时公告]大业创智关于控股股东被纳入失信被执行人的公告补发声明.pdf
2026-04-14 17:02:39,388 [INFO]   分类: 个人被纳入 | 公司:  | 姓名: 
2026-04-14 17:02:39,388 [INFO] 
处理: 0370_[临时公告]弛达科技关于补发公司被列入失信被执行人公告的声明公告.pdf
2026-04-14 17:02:39,608 [INFO]   分类:  | 公司:  | 姓名: 
2026-04-14 17:02:39,608 [INFO] 
处理: 0371_[临时公告]华仪电子关于控股股东被纳入失信被执行人公告的补发声明.pdf
2026-04-14 17:02:39,816 [INFO]   分类: 个人被纳入 | 公司: 股股东华仪集团有限公司 | 姓名: 
2026-04-14 17:02:39,816 [INFO] 
处理: 0372_[临时公告]蓝贝望关于补发公司曾被列入失信被执行人公告的声明公告.pdf
2026-04-14 17:02:39,971 [INFO]   分类: 公司被纳入 | 公司:  | 姓名: 
2026-04-14 17:02:39,971 [INFO] 
处理: 0373_[临时公告]凌志股份关于补发公司及关联方被纳入失信被执行人的公告.pdf
2026-04-14 17:02:40,129 [INFO]   分类: 公司被纳入 | 公司:  | 姓名: 
2026-04-14 17:02:40,129 [INFO] 
处理: 0374_[临时公告]华彩信和关于实际控制人被纳入失信被执行人公告的补发声明.pdf
2026-04-14 17:02:40,328 [INFO]   分类: 个人被纳入 | 公司:  | 姓名: 李树华
2026-04-14 17:02:40,329 [INFO] 
处理: 0375_[临时公告]大业创智关于公司控股股东被纳入失信被执行人的公告(补发).pdf
2026-04-14 17:02:40,608 [INFO]   分类: 个人被纳入 | 公司: 大业传媒集团有限公司 | 姓名: 
2026-04-14 17:02:40,610 [INFO] 
处理: 0376_[临时公告]大业创智关于公司控股股东被纳入失信被执行人的公告(补发).pdf
2026-04-14 17:02:40,822 [INFO]   分类: 个人被纳入 | 公司: 大业传媒集团有限公司 | 姓名: 
2026-04-14 17:02:40,822 [INFO] 
处理: 0377_[临时公告]汇购科技关于公司被纳入失信被执行人的公告[2021-012].pdf
2026-04-14 17:02:41,145 [INFO]   分类: 公司被纳入 | 公司: 浙江汇购科技股份有限公司 | 姓名: 
2026-04-14 17:02:41,145 [INFO] 
处理: 0378_[临时公告]ST万星关于补发公司被纳入失信被执行人公告的声明公告.pdf
2026-04-14 17:02:41,304 [INFO]   分类: 公司被纳入 | 公司:  | 姓名: 
2026-04-14 17:02:41,305 [INFO] 
处理: 0379_[临时公告]澳凯龙关于控股股东、实际控制人被列入失信被执行人的公告(补发).pdf
2026-04-14 17:02:41,581 [INFO]   分类: 个人被纳入 | 公司:  | 姓名: 童俊平
2026-04-14 17:02:41,581 [INFO] 
处理: 0380_[临时公告]晓沃环保关于公司及实际控制人被纳入失信被执行人的公告.pdf
2026-04-14 17:02:42,996 [INFO]   分类: 公司及个人被纳入 | 公司: 天津晓沃环保工程股份公司 | 姓名: 孙雷宇，陈多多
2026-04-14 17:02:42,997 [INFO] 
处理: 0381_[临时公告]ST捷尚关于公司及控股子公司被纳入失信被执行人的公告.pdf
2026-04-14 17:02:43,355 [INFO]   分类: 公司被纳入 | 公司: 司控股子公司杭州信鸽智尚科技股份有限公司，杭州信鸽智尚科技股份有限公司，浙江捷尚视觉科技股份有限公司 | 姓名: 
2026-04-14 17:02:43,355 [INFO] 
处理: 0382_[临时公告]发现者补发关于公司被纳入失信被执行人的公告的声明公告.pdf
2026-04-14 17:02:43,600 [INFO]   分类: 公司被纳入 | 公司: 补发关于公司 | 姓名: 
2026-04-14 17:02:43,600 [INFO] 
处理: 0383_[临时公告]墨麟股份关于公司被纳入失信被执行人现已解除的公告(补发).pdf
2026-04-14 17:02:43,840 [INFO]   分类: 公司被纳入 | 公司: 深圳墨麟科技股份有限公司 | 姓名: 
2026-04-14 17:02:43,840 [INFO] 
处理: 0384_[临时公告]华江股份关于公司高管被纳入失信联合惩戒对象的公告(补发).pdf
2026-04-14 17:02:44,034 [INFO]   分类: 个人被纳入 | 公司:  | 姓名: 刘敏先
2026-04-14 17:02:44,034 [INFO] 
处理: 0385_[临时公告]中财股份关于高级管理人员被纳入失信被执行人的公告(补发).pdf
2026-04-14 17:02:44,524 [INFO]   分类: 个人被纳入 | 公司:  | 姓名: 黄万洲
2026-04-14 17:02:44,525 [INFO] 
处理: 0386_[临时公告]顺康生物关于子公司被列入严重违法失信企业名单的公告(补发).pdf
2026-04-14 17:02:44,710 [INFO]   分类: 公司被纳入 | 公司: 开平市滴滴田园网络信息有限公司 | 姓名: 
2026-04-14 17:02:44,711 [INFO] 
处理: 0387_[临时公告]宇航重工关于补发公司被纳入失信被执行人公告的说明公告.pdf
2026-04-14 17:02:44,865 [INFO]   分类: 公司被纳入 | 公司:  | 姓名: 
2026-04-14 17:02:44,865 [INFO] 
处理: 0388_[临时公告]金旭股份关于公司被纳入失信被执行人公告的补发声明公告.pdf
2026-04-14 17:02:45,031 [INFO]   分类: 公司被纳入 | 公司:  | 姓名: 
2026-04-14 17:02:45,032 [INFO] 
处理: 0389_[临时公告]美诺科技关于子公司被列入严重违法失信企业名单的公告(补发).pdf
2026-04-14 17:02:45,291 [INFO]   分类: 公司被纳入 | 公司:  | 姓名: 
2026-04-14 17:02:45,291 [INFO] 
处理: 0390_[临时公告]ST合一康关于补发公司被列为失信被执行人公告的声明公告.pdf
2026-04-14 17:02:45,461 [INFO]   分类: 其他 | 公司:  | 姓名: 
2026-04-14 17:02:45,462 [INFO] 
处理: 0391_[临时公告]北直通航关于补发全资子公司被纳入失信被执行人的说明公告.pdf
2026-04-14 17:02:45,480 [INFO]   分类:  | 公司:  | 姓名: 
2026-04-14 17:02:45,480 [INFO] 
处理: 0392_[临时公告]昱祥股份关于补发公司被纳入失信被执行人公告的说明公告.pdf
2026-04-14 17:02:45,600 [INFO]   分类: 公司被纳入 | 公司:  | 姓名: 
2026-04-14 17:02:45,601 [INFO] 
处理: 0393_[临时公告]昇和新材关于补发公司被纳入失信被执行人公告的说明公告.pdf
2026-04-14 17:02:45,740 [INFO]   分类: 公司被纳入 | 公司:  | 姓名: 
2026-04-14 17:02:45,740 [INFO] 
处理: 0394_[临时公告]ST捷尚关于公司及控股子公司被纳入失信被执行人的公告.pdf
2026-04-14 17:02:46,513 [INFO]   分类: 公司被纳入 | 公司: 司控股子公司杭州信鸽智尚科技股份有限公司，杭州信鸽智尚科技股份有限公司，浙江捷尚视觉科技股份有限公司 | 姓名: 
2026-04-14 17:02:46,513 [INFO] 
处理: 0395_[临时公告]易家科技关于全资子公司被列入失信被执行人公告的补发声明.pdf
2026-04-14 17:02:46,669 [INFO]   分类: 公司被纳入 | 公司:  | 姓名: 
2026-04-14 17:02:46,669 [INFO] 
处理: 0396_[临时公告]ST东和关于补发公司被纳入失信被执行人公告的声明公告.pdf
2026-04-14 17:02:46,786 [INFO]   分类: 公司被纳入 | 公司: 河南东和环保技股份有限公司关于公司，河南东和环保科技股份有限公司 | 姓名: 
2026-04-14 17:02:46,786 [INFO] 
处理: 0397_[临时公告]ST峻岭关于公司全资子公司被纳入失信被执行人的公告(补发).pdf
2026-04-14 17:02:46,965 [INFO]   分类: 公司被纳入 | 公司: 全资子公司，思南峻岭能源有限公司 | 姓名: 
2026-04-14 17:02:46,965 [INFO] 
处理: 0398_[临时公告]ST峻岭关于公司全资子公司被纳入失信被执行人的公告(补发).pdf
2026-04-14 17:02:47,235 [INFO]   分类: 公司被纳入 | 公司: 全资子公司，思南峻岭能源有限公司 | 姓名: 
2026-04-14 17:02:47,235 [INFO] 
处理: 0399_[临时公告]宇航重工关于补发公司被纳入失信被执行人公告的说明公告.pdf
2026-04-14 17:02:47,362 [INFO]   分类: 公司被纳入 | 公司:  | 姓名: 
2026-04-14 17:02:47,362 [INFO] 
处理: 0400_[临时公告]天阶生物关于挂牌公司及子公司被纳入失信被执行人的公告.pdf
2026-04-14 17:02:47,768 [INFO]   分类: 公司被纳入 | 公司: 北京世贸天阶生物科技股份有限公司 | 姓名: 
2026-04-14 17:02:47,769 [INFO] 
处理: 0401_[临时公告]华彩信和关于实际控制人被纳入失信被执行人公告的补发声明.pdf
2026-04-14 17:02:47,963 [INFO]   分类: 个人被纳入 | 公司:  | 姓名: 李树华
2026-04-14 17:02:47,964 [INFO] 
处理: 0402_[临时公告]张铁军关于实际控制人、董事长、总经理被纳入失信被执行人的公告.pdf
2026-04-14 17:02:48,239 [INFO]   分类: 个人被纳入 | 公司:  | 姓名: 张铁军
2026-04-14 17:02:48,240 [INFO] 
处理: 0403_[临时公告]华仪电子关于实际控制人被纳入失信被执行人公告的补发声明.pdf
2026-04-14 17:02:48,435 [INFO]   分类: 个人被纳入 | 公司:  | 姓名: 陈道荣
2026-04-14 17:02:48,435 [INFO] 
处理: 0404_[临时公告]易家科技关于控股子公司被列入失信被执行人公告的补发声明.pdf
2026-04-14 17:02:48,613 [INFO]   分类: 公司被纳入 | 公司:  | 姓名: 
2026-04-14 17:02:48,614 [INFO] 
处理: 0405_[临时公告]金易通关于公司及法定代表人被纳入失信被执行人的公告(补发).pdf
2026-04-14 17:02:49,008 [INFO]   分类: 公司及个人被纳入 | 公司:  | 姓名: 常建勇
2026-04-14 17:02:49,008 [INFO] 
处理: 0406_[临时公告]ST华盛控关于补发公司被纳入失信被执行人（十一）的声明公告.pdf
2026-04-14 17:02:49,175 [INFO]   分类: 公司被纳入 | 公司: 华盛科技控股股份有限公司 | 姓名: 
2026-04-14 17:02:49,175 [INFO] 
处理: 0407_[临时公告]ST华盛控关于补发公司被纳入失信被执行人（十二）的声明公告.pdf
2026-04-14 17:02:49,381 [INFO]   分类: 公司被纳入 | 公司: 华盛科技控股股份有限公司 | 姓名: 
2026-04-14 17:02:49,382 [INFO] 
处理: 0408_[临时公告]聚智未来关于补发实际控制人被纳入失信被执行人的声明公告.pdf
2026-04-14 17:02:49,526 [INFO]   分类: 不属于失信人 | 公司:  | 姓名: 顾海波
2026-04-14 17:02:49,526 [INFO] 
处理: 0409_[临时公告]力天世纪关于公司子公司被纳入失信被执行人的公告（补发）(补发).pdf
2026-04-14 17:02:50,218 [INFO]   分类: 公司被纳入 | 公司: 全资子公司，全资子公司梅州卡纳婚庆文化有限公司，梅州卡纳婚庆文化有限公司 | 姓名: 
2026-04-14 17:02:50,218 [INFO] 
处理: 0410_[临时公告]力天世纪关于补发公司子公司被纳入失信被执行人的声明公告.pdf
2026-04-14 17:02:50,381 [INFO]   分类: 公司被纳入 | 公司:  | 姓名: 
2026-04-14 17:02:50,381 [INFO] 
处理: 0411_[临时公告]易元堂关于补发实际控制人被纳入失信被执行人公告的声明.pdf
2026-04-14 17:02:50,535 [INFO]   分类: 个人被纳入 | 公司:  | 姓名: 王辉
2026-04-14 17:02:50,535 [INFO] 
处理: 0412_[临时公告]ST欢乐关于补发公司被纳入失信被执行人公告的声明公告.pdf
2026-04-14 17:02:50,656 [INFO]   分类: 公司被纳入 | 公司:  | 姓名: 
2026-04-14 17:02:50,656 [INFO] 
处理: 0413_[临时公告]鑫固环保关于公司被纳入及移出失信被执行人的公告的补发声明.pdf
2026-04-14 17:02:50,759 [INFO]   分类: 公司被撤销 | 公司:  | 姓名: 
2026-04-14 17:02:50,760 [INFO] 
处理: 0414_[临时公告]嘉泰数控关于公司控股股东、实际控制人被列入失信被执行人的公告.pdf
2026-04-14 17:02:50,980 [INFO]   分类: 个人被纳入 | 公司:  | 姓名: 苏亚帅
2026-04-14 17:02:50,980 [INFO] 
处理: 0415_[临时公告]地浦科技关于控股股东及实际控制人被纳入失信被执行人的公告.pdf
2026-04-14 17:02:51,208 [INFO]   分类: 个人被纳入 | 公司:  | 姓名: 段孝宁
2026-04-14 17:02:51,208 [INFO] 
处理: 0416_[临时公告]正兴玉关于控股股东、实际控制人新增被纳入失信被执行人的公告.pdf
2026-04-14 17:02:52,199 [INFO]   分类: 个人被纳入 | 公司: 深圳日昇创沅资产管理有限公司 | 姓名: 丁立红，余世友，庄卫东，李国强，蔡少河，蔡镇顺，表示正，陈雪汶，陈鸿成
2026-04-14 17:02:52,199 [INFO] 
处理: 0417_[临时公告]ST鑫物流关于公司及实际控制人被列入失信被执行人的公告(补发).pdf
2026-04-14 17:02:52,649 [INFO]   分类: 公司及个人被纳入 | 公司: 河南华鑫漯阜物流股份有限公司 | 姓名: 宋征先
2026-04-14 17:02:52,650 [INFO] 
处理: 0418_[临时公告]ST捷尚关于控股股东及实际控制人被纳入失信被执行人的公告.pdf
2026-04-14 17:02:52,996 [INFO]   分类: 个人被纳入 | 公司: 杭州捷尚投资管理有限公司 | 姓名: 尚凌辉
2026-04-14 17:02:52,996 [INFO] 
处理: 0419_[临时公告]中林木业关于公司及法定代表人被纳入失信被执行人的公告(补发).pdf
2026-04-14 17:02:53,442 [INFO]   分类: 公司及个人被纳入 | 公司: 浙江中林木业股份有限公司 | 姓名: 蒋首尧
2026-04-14 17:02:53,443 [INFO] 
处理: 0420_[临时公告]中林木业关于公司及法定代表人被纳入失信被执行人的公告(补发).pdf
2026-04-14 17:02:53,855 [INFO]   分类: 公司及个人被纳入 | 公司: 浙江中林木业股份有限公司 | 姓名: 蒋首尧
2026-04-14 17:02:53,856 [INFO] 
处理: 0421_[临时公告]宏祥新材关于补发公司新增被纳入失信被执行人情况的声明公告.pdf
2026-04-14 17:02:54,026 [INFO]   分类: 公司被纳入 | 公司:  | 姓名: 
2026-04-14 17:02:54,027 [INFO] 
处理: 0422_[临时公告]嘉泰数控关于公司控股股东、实际控制人被纳入失信被执行人的公告.pdf
2026-04-14 17:02:54,277 [INFO]   分类: 个人被纳入 | 公司:  | 姓名: 苏亚帅
2026-04-14 17:02:54,278 [INFO] 
处理: 0423_[临时公告]ST通捷关于补发公司新增被纳入失信被执行人情况的声明公告.pdf
2026-04-14 17:02:54,455 [INFO]   分类: 公司被纳入 | 公司:  | 姓名: 
2026-04-14 17:02:54,455 [INFO] 
处理: 0424_[临时公告]越盛腾关于公司控股股东、实际控制人被纳入失信被执行人的公告(补发).pdf
2026-04-14 17:02:54,708 [INFO]   分类: 个人被纳入 | 公司:  | 姓名: 冯中轩
2026-04-14 17:02:54,709 [INFO] 
处理: 0425_[临时公告]格林披治关于公司控股股东、实际控制人被纳入失信被执行人的公告.pdf
2026-04-14 17:02:54,998 [INFO]   分类: 个人被纳入 | 公司: 狮子城控股集团有限公司 | 姓名: 业务，吴晓翔
2026-04-14 17:02:54,998 [INFO] 
处理: 0426_[临时公告]狮子城关于公司控股股东、实际控制人被纳入失信被执行人的公告.pdf
2026-04-14 17:02:55,245 [INFO]   分类: 个人被纳入 | 公司: 狮子城控股集团有限公司 | 姓名: 吴晓翔
2026-04-14 17:02:55,245 [INFO] 
处理: 0427_[临时公告]盈谷股份关于公司及公司控股股东被纳入失信被执行人的公告(补发).pdf
2026-04-14 17:02:55,571 [INFO]   分类: 公司及个人被纳入 | 公司: 北京盈谷信晔投资有限公司，宁夏盈谷实业股份有限公司 | 姓名: 
2026-04-14 17:02:55,571 [INFO] 
处理: 0428_[临时公告]华彩信和关于公司及控股子公司被纳入失信被执行人的公告(补发).pdf
2026-04-14 17:02:56,377 [INFO]   分类: 公司被纳入 | 公司: 天津华彩信和电子科技集团 | 姓名: 
2026-04-14 17:02:56,377 [INFO] 
处理: 0429_[临时公告]伊赛牛肉关于公司、子公司及实际控制人被纳入失信被执行人的公告.pdf
2026-04-14 17:02:56,766 [INFO]   分类: 公司及个人被纳入 | 公司: 修武县伊赛牛肉有限公司，内蒙古伊赛牛肉有限公司 | 姓名: 买银胖
2026-04-14 17:02:56,767 [INFO] 
处理: 0430_[临时公告]中林木业关于公司及法定代表人被纳入失信被执行人的公告(补发).pdf
2026-04-14 17:02:57,521 [INFO]   分类: 公司及个人被纳入 | 公司: 浙江中林木业股份有限公司 | 姓名: 蒋首尧
2026-04-14 17:02:57,522 [INFO] 
处理: 0431_[临时公告]元潮科技关于公司董事、财务负责人被纳入失信被执行人的公告(补发).pdf
2026-04-14 17:02:57,892 [INFO]   分类: 个人被纳入 | 公司:  | 姓名: 刘传印，印先生
2026-04-14 17:02:57,892 [INFO] 
处理: 0432_[临时公告]ST峻岭关于公司被纳入失信被执行人并被出具限制消费令的公告.pdf
2026-04-14 17:02:58,257 [INFO]   分类: 个人被纳入 | 公司: 重庆峻岭能源股份有限公司 | 姓名: 周俊
2026-04-14 17:02:58,257 [INFO] 
处理: 0433_[临时公告]中润新能关于实际控制人、董事长、总经理被纳入失信被执行人的公告.pdf
2026-04-14 17:02:58,627 [INFO]   分类: 个人被纳入 | 公司:  | 姓名: 王菊林
2026-04-14 17:02:58,628 [INFO] 
处理: 0434_[临时公告]ST通捷关于公司全资子公司新增被纳入失信被执行人情况的公告.pdf
2026-04-14 17:02:58,870 [INFO]   分类: 公司被纳入 | 公司: 全资子公司，四川玖鸿建设工程有限公司 | 姓名: 
2026-04-14 17:02:58,870 [INFO] 
处理: 0435_[临时公告]大业创智关于公司控股股东被纳入失信被执行人的公告补发声明.pdf
2026-04-14 17:02:59,020 [INFO]   分类: 个人被纳入 | 公司:  | 姓名: 
2026-04-14 17:02:59,020 [INFO] 
处理: 0436_[临时公告]大业创智关于公司控股股东被纳入失信被执行人的公告补发声明.pdf
2026-04-14 17:02:59,177 [INFO]   分类: 个人被纳入 | 公司:  | 姓名: 
2026-04-14 17:02:59,177 [INFO] 
处理: 0437_[临时公告]中凰国际关于控股股东、实际控制人被纳入失信被执行人的公告(补发).pdf
2026-04-14 17:02:59,453 [INFO]   分类: 个人被纳入 | 公司:  | 姓名: 方美强
2026-04-14 17:02:59,454 [INFO] 
处理: 0438_[临时公告]速原中天关于控股股东、实际控制人被纳入失信被执行人的公告(补发).pdf
2026-04-14 17:02:59,763 [INFO]   分类: 个人被纳入 | 公司:  | 姓名: 时庆，洪美云
2026-04-14 17:02:59,764 [INFO] 
处理: 0439_[临时公告]广晟健发关于补发公司原监事被纳入失信被执行人公告的声明公告.pdf
2026-04-14 17:02:59,928 [INFO]   分类: 个人被纳入 | 公司:  | 姓名: 李晓琼
2026-04-14 17:02:59,928 [INFO] 
处理: 0440_[临时公告]华映文化关于公司控股股东、实际控制人被纳入失信被执行人的公告.pdf
2026-04-14 17:03:00,542 [INFO]   分类: 个人被纳入 | 公司:  | 姓名: 刘可欣，胡劲松
2026-04-14 17:03:00,542 [INFO] 
处理: 0441_[临时公告]ST魔山关于挂牌公司、实际控制人被列入失信被执行人的公告(补发).pdf
2026-04-14 17:03:00,862 [INFO]   分类: 公司及个人被纳入 | 公司:  | 姓名: 
2026-04-14 17:03:00,862 [INFO] 
处理: 0442_[临时公告]ST海益宝关于挂牌公司、控股股东被纳入失信被执行人的公告(补发).pdf
2026-04-14 17:03:01,440 [INFO]   分类: 公司及个人被纳入 | 公司: 山东玖龙海洋产业股份有限公司，海益宝科技股份有限公司 | 姓名: 
2026-04-14 17:03:01,440 [INFO] 
处理: 0443_[临时公告]聚芯芯片关于控股股东、实际控制人被列入失信被执行人的公告 (补发).pdf
2026-04-14 17:03:01,682 [INFO]   分类: 个人被纳入 | 公司:  | 姓名: 沈歆煜
2026-04-14 17:03:01,682 [INFO] 
处理: 0444_[临时公告]顺康生物关于子公司被列入严重违法失信企业名单的补发声明公告.pdf
2026-04-14 17:03:01,819 [INFO]   分类: 公司被纳入 | 公司:  | 姓名: 
2026-04-14 17:03:01,819 [INFO] 
处理: 0445_[临时公告]美诺科技关于补发子公司被列入严重违法失信企业名单公告的说明.pdf
2026-04-14 17:03:01,963 [INFO]   分类: 公司被纳入 | 公司:  | 姓名: 
2026-04-14 17:03:01,963 [INFO] 
处理: 0446_[临时公告]白山国旅关于补发控股孙公司被纳入失信被执行人公告的声明公告.pdf
2026-04-14 17:03:02,107 [INFO]   分类: 公司被纳入 | 公司: 社股份有限公司关于控股孙公司 | 姓名: 
2026-04-14 17:03:02,107 [INFO] 
处理: 0447_[临时公告]ST峻岭关于公司股东、监事会主席被纳入失信被执行人的公告(补发).pdf
2026-04-14 17:03:02,449 [INFO]   分类: 个人被纳入 | 公司:  | 姓名: 周莉
2026-04-14 17:03:02,449 [INFO] 
处理: 0448_[临时公告]ST峻岭关于公司股东、监事会主席被纳入失信被执行人的公告(补发).pdf
2026-04-14 17:03:02,714 [INFO]   分类: 个人被纳入 | 公司:  | 姓名: 周莉
2026-04-14 17:03:02,714 [INFO] 
处理: 0449_[临时公告]盈谷股份关于公司及公司控股股东被撤销失信被执行人名单的公告.pdf
2026-04-14 17:03:02,959 [INFO]   分类: 公司及个人被撤销 | 公司:  | 姓名: 
2026-04-14 17:03:02,960 [INFO] 
处理: 0450_[临时公告]ST白茶2021-004 关于子公司仲裁及失信被执行补发声明公告.pdf
2026-04-14 17:03:03,162 [INFO]   分类: 其他 | 公司:  | 姓名: 
2026-04-14 17:03:03,163 [INFO] 
处理: 0451_[临时公告]盈谷股份关于公司及公司控股股东被纳入失信被执行人的公告(补发).pdf
2026-04-14 17:03:03,430 [INFO]   分类: 公司及个人被纳入 | 公司: 北京盈谷信晔投资有限公司，宁夏盈谷实业股份有限公司 | 姓名: 
2026-04-14 17:03:03,430 [INFO] 
处理: 0452_[临时公告]黑尊生物关于公司董事、实际控制人被纳入失信被执行人的公告(补发).pdf
2026-04-14 17:03:03,940 [INFO]   分类: 个人被纳入 | 公司:  | 姓名: 孙虹
2026-04-14 17:03:03,941 [INFO] 
处理: 0453_[临时公告]ST捷尚关于实际控制人、控股子公司被纳入失信被执行人的公告.pdf
2026-04-14 17:03:04,550 [INFO]   分类: 个人被纳入 | 公司: 控股子公司，杭州信鸽智尚科技股份有限公司 | 姓名: 尚凌辉
2026-04-14 17:03:04,550 [INFO] 
处理: 0454_[临时公告]奇才股份关于补发公司被纳入失信被执行人的进展公告的声明公告.pdf
2026-04-14 17:03:04,747 [INFO]   分类: 公司被纳入 | 公司:  | 姓名: 
2026-04-14 17:03:04,747 [INFO] 
处理: 0455_[临时公告]ST易销关于公司实际控制人、董事长、总经理被纳入失信被执行人的公告.pdf
2026-04-14 17:03:05,162 [INFO]   分类: 个人被纳入 | 公司:  | 姓名: 薛俊
2026-04-14 17:03:05,162 [INFO] 
处理: 0456_[临时公告]沃达尔关于控股股东、实际控制人、董事长被纳入失信被执行人的公告(补发).pdf
2026-04-14 17:03:05,662 [INFO]   分类: 个人被纳入 | 公司:  | 姓名: 公告，张金德
2026-04-14 17:03:05,662 [INFO] 
处理: 0457_[临时公告]ST金润和关于子公司、公司实际控制人被纳入失信被执行人的公告(补发).pdf
2026-04-14 17:03:05,982 [INFO]   分类: 公司及个人被纳入 | 公司: 东莞市和冠智能设备有限公司 | 姓名: 李中林
2026-04-14 17:03:05,982 [INFO] 
处理: 0458_[临时公告]四季青关于公司实际控制人、控股股东、董事被纳入失信被执行人的公告(补发).pdf
2026-04-14 17:03:06,522 [INFO]   分类: 个人被纳入 | 公司: 山东国邦投资控股集团股份有限公司 | 姓名: 崔鑫已，张平
2026-04-14 17:03:06,523 [INFO] 
处理: 0459_[临时公告]ST鑫物流关于补发公司及实际控制人被纳入失信被执行人的说明公告.pdf
2026-04-14 17:03:06,644 [INFO]   分类: 公司及个人被纳入 | 公司:  | 姓名: 宋征先
2026-04-14 17:03:06,644 [INFO] 
处理: 0460_[临时公告]ST易销关于公司实际控制人、董事长、总经理被纳入失信被执行人的公告.pdf
2026-04-14 17:03:06,913 [INFO]   分类: 个人被纳入 | 公司:  | 姓名: 薛俊
2026-04-14 17:03:06,913 [INFO] 
处理: 0461_[临时公告]ST欧维客关于公司及控股股东、实际控制人被纳入失信被执行人的公告.pdf
2026-04-14 17:03:07,209 [INFO]   分类: 公司及个人被纳入 | 公司: 杭州欧维客信息科技股份有限公司 | 姓名: 冯军江
2026-04-14 17:03:07,209 [INFO] 
处理: 0462_[临时公告]ST帝通关于实际控制人、控股股东、董事麦鹤远被纳入失信被执行人的公告.pdf
2026-04-14 17:03:07,485 [INFO]   分类: 个人被纳入 | 公司:  | 姓名: 麦鹤远
2026-04-14 17:03:07,485 [INFO] 
处理: 0463_[临时公告]凯科科技关于董事长兼实际控制人王忠芳被纳入失信被执行人的公告.pdf
2026-04-14 17:03:07,716 [INFO]   分类: 个人被纳入 | 公司:  | 姓名: 和高级，王忠芳
2026-04-14 17:03:07,716 [INFO] 
处理: 0464_[临时公告]创世生态关于公司、控股股东、实际控制人被纳入失信被执行人的公告(补发).pdf
2026-04-14 17:03:08,465 [INFO]   分类: 公司及个人被纳入 | 公司: 天津创世生态景观建设股份有限公司 | 姓名: 刘士全，安同菊
2026-04-14 17:03:08,466 [INFO] 
处理: 0465_[临时公告]创世生态关于补发公司、控股股东、实际控制人被列入失信被执行人的公告.pdf
2026-04-14 17:03:08,638 [INFO]   分类: 公司及个人被纳入 | 公司:  | 姓名: 
2026-04-14 17:03:08,639 [INFO] 
处理: 0466_[临时公告]爱科凯能关于公司实际控制人、董事、总经理被纳入失信被执行人的公告(补发).pdf
2026-04-14 17:03:09,011 [INFO]   分类: 个人被纳入 | 公司:  | 姓名: 熊振宏
2026-04-14 17:03:09,011 [INFO] 
处理: 0467_[临时公告]华彩信和关于公司及控股子公司被纳入失信被执行人公告的补发声明.pdf
2026-04-14 17:03:09,172 [INFO]   分类: 公司被纳入 | 公司: 及控股子公司，天津华彩信和电子科技集团股份有限公司关于公司及控股子公司 | 姓名: 
2026-04-14 17:03:09,173 [INFO] 
处理: 0468_[临时公告]ST易茂关于补发公司实际控制人被纳入失信被执行人的公告的说明.pdf
2026-04-14 17:03:09,384 [INFO]   分类: 个人被纳入 | 公司: 北京锦易茂科技发展股份有限公司公司 | 姓名: 
2026-04-14 17:03:09,385 [INFO] 
处理: 0469_[临时公告]安碧捷关于公司及公司控股股东、 实际控制人被列入失信被执行人的公告.pdf
2026-04-14 17:03:09,785 [INFO]   分类: 公司及个人被纳入 | 公司: 重庆安碧捷高新技术产业集团有限公司 | 姓名: 刘林，本次，蒋进萍
2026-04-14 17:03:09,785 [INFO] 
处理: 0470_[临时公告]汇购科技关于法定代表人被纳入失信联合惩戒对象的公告[2021-045].pdf
2026-04-14 17:03:10,044 [INFO]   分类: 个人被纳入 | 公司:  | 姓名: 瞿红云
2026-04-14 17:03:10,044 [INFO] 
处理: 0471_[临时公告]摘牌奇才关于公司控股股东、实际控制人被纳入失信被执行人的进展公告.pdf
2026-04-14 17:03:10,806 [INFO]   分类: 个人被纳入 | 公司: 实际控制人及公司，纳入失信被执行人及公司 | 姓名: 费福根
2026-04-14 17:03:10,806 [INFO] 
处理: 0472_[临时公告]盛达电机关于公司及实际控制人新增被纳入失信被执行人的公告(补发).pdf
2026-04-14 17:03:12,199 [INFO]   分类: 公司及个人被纳入 | 公司: 开封盛达电机科技股份有限公司 | 姓名: 朱瑞贞，赵保良
2026-04-14 17:03:12,199 [INFO] 
处理: 0473_[临时公告]华茂林业关于公司控股股东、实际控制人、董事长被撤销失信被执行人的公告.pdf
2026-04-14 17:03:12,410 [INFO]   分类: 个人被撤销 | 公司:  | 姓名: 郑文韩
2026-04-14 17:03:12,410 [INFO] 
处理: 0474_[临时公告]鸿铭科技关于公司股东、实际控制人、董事被纳入失信被执行人的公告(补发).pdf
2026-04-14 17:03:12,775 [INFO]   分类: 个人被纳入 | 公司:  | 姓名: 侯爱忠，雷霆
2026-04-14 17:03:12,775 [INFO] 
处理: 0475_[临时公告]房掌柜关于挂牌公司、董事、高级管理人员被纳入失信被执行人的公告 (补发).pdf
2026-04-14 17:03:13,361 [INFO]   分类: 公司及个人被纳入 | 公司: 西藏房掌柜网络股份有限公司 | 姓名: 张伟，张毅
2026-04-14 17:03:13,361 [INFO] 
处理: 0476_[临时公告]ST欢乐关于公司控股股东、实际控制人被纳入失信被执行人的公告(补发).pdf
2026-04-14 17:03:13,577 [INFO]   分类: 个人被纳入 | 公司:  | 姓名: 王若明
2026-04-14 17:03:13,578 [INFO] 
处理: 0477_[临时公告]ST乐美关于公司实际控制人、控股股东被纳入失信被执行人的公告(补发).pdf
2026-04-14 17:03:14,378 [INFO]   分类: 个人被纳入 | 公司:  | 姓名: 胡婧璐
2026-04-14 17:03:14,378 [INFO] 
处理: 0478_[临时公告]ST乐美关于公司董事长、董事、财务总监被纳入失信被执行人的公告(补发).pdf
2026-04-14 17:03:15,723 [INFO]   分类: 个人被纳入 | 公司:  | 姓名: 张彦超，邵文杰
2026-04-14 17:03:15,723 [INFO] 
处理: 0479_[临时公告]汇购科技关于法定代表人被纳入失信联合惩戒对象的公告[2021-013].pdf
2026-04-14 17:03:15,892 [INFO]   分类: 个人被纳入 | 公司:  | 姓名: 瞿红云
2026-04-14 17:03:15,892 [INFO] 
处理: 0480_[临时公告]津宇嘉信关于公司收到因此前处罚事件被认定失信行为告知书的公告.pdf
2026-04-14 17:03:16,126 [INFO]   分类: 其他 | 公司:  | 姓名: 
2026-04-14 17:03:16,126 [INFO] 
处理: 0481_[临时公告]澳凯龙关于控股股东、实际控制人被纳入失信被执行人的公告的补发声明.pdf
2026-04-14 17:03:16,285 [INFO]   分类: 个人被纳入 | 公司:  | 姓名: 童俊平
2026-04-14 17:03:16,286 [INFO] 
处理: 0482_[临时公告]津宇嘉信关于公司收到因此前处罚事件被认定失信行为告知书的公告.pdf
2026-04-14 17:03:16,521 [INFO]   分类: 其他 | 公司:  | 姓名: 
2026-04-14 17:03:16,521 [INFO] 
处理: 0483_[临时公告]墨麟股份关于补发公司被纳入失信被执行人现已解除公告的说明公告.pdf
2026-04-14 17:03:16,719 [INFO]   分类: 公司被纳入 | 公司:  | 姓名: 
2026-04-14 17:03:16,719 [INFO] 
处理: 0484_[临时公告]宏良皮业关于甘肃宏良皮业股份有限公司被纳入失信被执行人的公告.pdf
2026-04-14 17:03:16,985 [INFO]   分类: 公司被纳入 | 公司: 甘肃宏良皮业股份有限公司 | 姓名: 
2026-04-14 17:03:16,985 [INFO] 
处理: 0485_[临时公告]杰事杰关于控股股东、实际控制人及董事被纳入失信被执行人的公告(补发).pdf
2026-04-14 17:03:18,235 [INFO]   分类: 个人被纳入 | 公司:  | 姓名: 任职资，杨桂生，范伟尽
2026-04-14 17:03:18,236 [INFO] 
处理: 0486_[临时公告]奇才股份关于公司控股股东、实际控制人被纳入失信被执行人的进展公告.pdf
2026-04-14 17:03:18,566 [INFO]   分类: 个人被纳入 | 公司: 实际控制人及公司，实际控制人被纳入失信被执行人及公司 | 姓名: 费福根
2026-04-14 17:03:18,566 [INFO] 
处理: 0487_[临时公告]ST峻岭2021-027全资子公司被纳入失信被执行人的补发声明.pdf
2026-04-14 17:03:18,683 [INFO]   分类: 公司被纳入 | 公司:  | 姓名: 
2026-04-14 17:03:18,683 [INFO] 
处理: 0488_[临时公告]ST峻岭2021-029全资子公司被纳入失信被执行人的补发声明.pdf
2026-04-14 17:03:18,792 [INFO]   分类: 公司被纳入 | 公司:  | 姓名: 
2026-04-14 17:03:18,792 [INFO] 
处理: 0489_[临时公告]唐山华熠关于公司及常余良被移出安全生产失信联合惩戒“黑名单”的公告.pdf
2026-04-14 17:03:18,944 [INFO]   分类: 公司被撤销 | 公司:  | 姓名: 
2026-04-14 17:03:18,944 [INFO] 
处理: 0490_[临时公告]地浦科技关于控股股东及实际控制人被纳入失信被执行人的公告(补发).pdf
2026-04-14 17:03:19,309 [INFO]   分类: 个人被纳入 | 公司:  | 姓名: 段孝宁，表示正
2026-04-14 17:03:19,309 [INFO] 
处理: 0491_[临时公告]飞日科技关于公司、实际控制人、董事长、总经理被纳入失信被执行人的公告.pdf
2026-04-14 17:03:19,706 [INFO]   分类: 公司及个人被纳入 | 公司:  | 姓名: 
2026-04-14 17:03:19,706 [INFO] 
处理: 0492_[临时公告]湘联股份关于公司实际控制人、董事、总经理被纳入失信被执行人的公告(补发).pdf
2026-04-14 17:03:19,988 [INFO]   分类: 个人被纳入 | 公司:  | 姓名: 陈为军
2026-04-14 17:03:19,988 [INFO] 
处理: 0493_[临时公告]成明节能控股股东、实际控制人、董事李琦被列入失信被执行人的公告(补发).pdf
2026-04-14 17:03:20,316 [INFO]   分类: 个人被纳入 | 公司:  | 姓名: 任职，李琦因，李琦已，资格
2026-04-14 17:03:20,317 [INFO] 
处理: 0494_[临时公告]方通客运关于董事、副总经理被纳入失信被执行人及被出具限制消费令的公告.pdf
2026-04-14 17:03:20,893 [INFO]   分类: 个人被纳入 | 公司:  | 姓名: 方勇
2026-04-14 17:03:20,893 [INFO] 
处理: 0495_[临时公告]方通客运关于董事、总经理被纳入失信被执行人及被出具限制消费令的公告(补发).pdf
2026-04-14 17:03:21,272 [INFO]   分类: 个人被纳入 | 公司:  | 姓名: 方勤
2026-04-14 17:03:21,272 [INFO] 
处理: 0496_[临时公告]方通客运关于董事、总经理被纳入失信被执行人及被出具限制消费令的公告.pdf
2026-04-14 17:03:21,740 [INFO]   分类: 个人被纳入 | 公司:  | 姓名: 方勤
2026-04-14 17:03:21,740 [INFO] 
处理: 0497_[临时公告]志诚教育关于公司被列入失信被执行人、法定代表人被限制高消费令的公告.pdf
2026-04-14 17:03:22,369 [INFO]   分类: 公司被纳入 | 公司: 合肥志诚教育股份有限公司 | 姓名: 
2026-04-14 17:03:22,369 [INFO] 
处理: 0498_[临时公告]ST欧维客关于公司及控股股东、实际控制人被移出失信被执行人名单的公告.pdf
2026-04-14 17:03:22,641 [INFO]   分类: 公司及个人被撤销 | 公司:  | 姓名: 冯军江
2026-04-14 17:03:22,641 [INFO] 
处理: 0499_[临时公告]沃达尔关于补发控股股东、实际控制人、董事长被纳入失信被执行人的说明公告.pdf
2026-04-14 17:03:22,762 [INFO]   分类: 个人被纳入 | 公司:  | 姓名: 
2026-04-14 17:03:22,762 [INFO] 
处理: 0500_[临时公告]景春园林关于遵义市新区开发投资有限责任公司被纳入失信被执行人的公告.pdf
2026-04-14 17:03:22,913 [INFO]   分类: 公司被纳入 | 公司: 遵义市新区开发投资有限责任公司 | 姓名: 
2026-04-14 17:03:22,913 [INFO] 
处理: 0501_[临时公告]ST盈黑金关于实际控制人、控股股东、董事麦鹤远被纳入失信被执行人的公告.pdf
2026-04-14 17:03:23,096 [INFO]   分类: 个人被纳入 | 公司:  | 姓名: 麦鹤远
2026-04-14 17:03:23,096 [INFO] 
处理: 0502_[临时公告]ST盈嘉关于董事长张存勇被列入失信被执行人的公告[2021-056](补发).pdf
2026-04-14 17:03:23,368 [INFO]   分类: 个人被纳入 | 公司:  | 姓名: 张存勇
2026-04-14 17:03:23,368 [INFO] 
处理: 0503_[临时公告]越盛腾关于补发公司控股股东、实际控制人被纳入失信被执行人的声明公告.pdf
2026-04-14 17:03:23,546 [INFO]   分类: 个人被纳入 | 公司:  | 姓名: 
2026-04-14 17:03:23,547 [INFO] 
处理: 0504_[临时公告]中浩紫云关于公司及其控股股东、实际控制人被纳入失信被执行人的进展公告.pdf
2026-04-14 17:03:23,955 [INFO]   分类: 公司及个人被纳入 | 公司:  | 姓名: 尚建华
2026-04-14 17:03:23,955 [INFO] 
处理: 0505_[临时公告]盛世量子2021-084盛世量子：关于补发纳入失信被执行人公告的补发声明.pdf
2026-04-14 17:03:24,078 [INFO]   分类: 公司被纳入 | 公司:  | 姓名: 
2026-04-14 17:03:24,078 [INFO] 
处理: 0506_[临时公告]派诺生物关于补发公司高级管理人员被纳入失信被执行人公告的说明公告.pdf
2026-04-14 17:03:24,225 [INFO]   分类: 个人被纳入 | 公司:  | 姓名: 
2026-04-14 17:03:24,225 [INFO] 
处理: 0507_[临时公告]清芝融科关于公司控股子公司及公司实际控制人被纳入失信被执行人的公告.pdf
2026-04-14 17:03:24,548 [INFO]   分类: 公司及个人被纳入 | 公司: 安徽清芝商用机器有限公司 | 姓名: 吴卫
2026-04-14 17:03:24,549 [INFO] 
处理: 0508_[临时公告]汇购科技关于公司及控股子公司被纳入失信被执行人的公告[2021-044].pdf
2026-04-14 17:03:25,100 [INFO]   分类: 公司被纳入 | 公司: 浙江汇购科技股份有限公司，浙江票量云数据科技股份有限公司 | 姓名: 
2026-04-14 17:03:25,100 [INFO] 
处理: 0509_[临时公告]元潮科技关于补发公司董事、财务负责人被纳入失信被执行人公告的声明公告.pdf
2026-04-14 17:03:25,309 [INFO]   分类: 个人被纳入 | 公司:  | 姓名: 
2026-04-14 17:03:25,309 [INFO] 
处理: 0510_[临时公告]尚慧能源2021-027尚慧能源：关于补发被纳入失信被执行人的说明公告.pdf
2026-04-14 17:03:25,420 [INFO]   分类: 公司被纳入 | 公司:  | 姓名: 
2026-04-14 17:03:25,421 [INFO] 
处理: 0511_[临时公告]中实能源关于公司及公司控股股东、实际控制人、董事被纳入失信被执行人的公告.pdf
2026-04-14 17:03:25,920 [INFO]   分类: 公司及个人被纳入 | 公司: 上海建抒商务咨询有限公司 | 姓名: 任大俊，陈斌
2026-04-14 17:03:25,920 [INFO] 
处理: 0512_[临时公告]ST元亨利2021-009：关于补发公司被纳入失信被执行人名单的声明公告.pdf
2026-04-14 17:03:26,067 [INFO]   分类: 公司被纳入 | 公司: 元亨利珠宝股份有限公司关于补发公司 | 姓名: 
2026-04-14 17:03:26,067 [INFO] 
处理: 0513_[临时公告]ST通捷关于公司及全资子公司新增被纳入失信被执行人情况的公告(补发).pdf
2026-04-14 17:03:26,557 [INFO]   分类: 公司被纳入 | 公司: 北京通捷智慧水务股份有限公司 | 姓名: 
2026-04-14 17:03:26,557 [INFO] 
处理: 0514_[临时公告]ST润高关于控股股东、实际控制人被列入失信被执行人的公告[2021-057].pdf
2026-04-14 17:03:26,834 [INFO]   分类: 个人被纳入 | 公司:  | 姓名: 李伟
2026-04-14 17:03:26,834 [INFO] 
处理: 0515_[临时公告]鑫科生物关于公司及公司控股股东、实际控制人被纳入失信被执行人的公告(补发).pdf
2026-04-14 17:03:27,664 [INFO]   分类: 公司及个人被纳入 | 公司: 山东鑫科生物科技股份有限公司 | 姓名: 崔阁
2026-04-14 17:03:27,664 [INFO] 
处理: 0516_[临时公告]ST天富关于公司及公司控股股东、实际控制人被纳入失信被执行人的公告（补发）.pdf
2026-04-14 17:03:28,067 [INFO]   分类: 公司及个人被纳入 | 公司: 广东天富电气股份有限公司 | 姓名: 郭振清，陈莉慧
2026-04-14 17:03:28,067 [INFO] 
处理: 0517_[临时公告]ST乐美关于公司董事长、董事、财务总监被纳入失信被执行人的公告的补发声明.pdf
2026-04-14 17:03:28,469 [INFO]   分类: 个人被纳入 | 公司:  | 姓名: 
2026-04-14 17:03:28,469 [INFO] 
处理: 0518_[临时公告]中凰国际关于控股股东、实际控制人被纳入失信被执行人的公告的补发声明.pdf
2026-04-14 17:03:28,682 [INFO]   分类: 个人被纳入 | 公司:  | 姓名: 
2026-04-14 17:03:28,683 [INFO] 
处理: 0519_[临时公告]ST贵之步关于公司及控股股东、实际控制人新增被纳入失信被执行人的公告.pdf
2026-04-14 17:03:28,989 [INFO]   分类: 公司及个人被纳入 | 公司: 湖南贵之步科教股份有限公司 | 姓名: 郑靖
2026-04-14 17:03:28,989 [INFO] 
处理: 0520_[临时公告]景春园林关于遵义市新区开发投资有限责任公司被纳入失信被执行人的公告.pdf
2026-04-14 17:03:29,214 [INFO]   分类: 公司被纳入 | 公司: 遵义市新区开发投资有限责任公司 | 姓名: 
2026-04-14 17:03:29,214 [INFO] 
处理: 0521_[临时公告]ST艺根关于公司及公司控股股东、实际控制人被纳入失信被执行人的公告(补发).pdf
2026-04-14 17:03:29,510 [INFO]   分类: 公司及个人被纳入 | 公司: 福建艺根科技股份有限公司 | 姓名: 李美耕
2026-04-14 17:03:29,511 [INFO] 
处理: 0522_[临时公告]ST魔山关于补发挂牌公司、实际控制人被纳入失信被执行人公告的声明公告.pdf
2026-04-14 17:03:29,655 [INFO]   分类: 公司及个人被纳入 | 公司:  | 姓名: 
2026-04-14 17:03:29,656 [INFO] 
处理: 0523_[临时公告]通捷水务关于公司及公司控股股东、实际控制人被纳入失信被执行人公告(补发).pdf
2026-04-14 17:03:30,287 [INFO]   分类: 公司及个人被纳入 | 公司: 北京通捷智慧水务股份有限公司 | 姓名: 李云松，邓玉梅
2026-04-14 17:03:30,287 [INFO] 
处理: 0524_[临时公告]中财股份关于补发公司高级管理人员被纳入失信被执行人公告的说明公告.pdf
2026-04-14 17:03:30,444 [INFO]   分类: 个人被纳入 | 公司:  | 姓名: 
2026-04-14 17:03:30,444 [INFO] 
处理: 0525_[临时公告]聚芯芯片关于控股股东、实际控制人被列入失信被执行人的公告的补发说明.pdf
2026-04-14 17:03:30,621 [INFO]   分类: 个人被纳入 | 公司:  | 姓名: 沈歆煜
2026-04-14 17:03:30,622 [INFO] 
处理: 0526_[临时公告]杰事杰关于补发控股股东、实际控制人及董事被纳入失信被执行人的声明公告.pdf
2026-04-14 17:03:31,042 [INFO]   分类: 个人被纳入 | 公司:  | 姓名: 杨桂生，范伟
2026-04-14 17:03:31,043 [INFO] 
处理: 0527_[临时公告]ST纳仕达关于控股股东、实际控制人和董事被纳入失信被执行人的公告(补发).pdf
2026-04-14 17:03:31,301 [INFO]   分类: 个人被纳入 | 公司:  | 姓名: 林翠雯，王昕，表示正
2026-04-14 17:03:31,302 [INFO] 
处理: 0528_[临时公告]张铁军关于实际控制人、董事长、总经理未被列入失信被执行人的情况说明公告.pdf
2026-04-14 17:03:31,427 [INFO]   分类: 不属于失信人 | 公司:  | 姓名: 张铁军
2026-04-14 17:03:31,427 [INFO] 
处理: 0529_[临时公告]奇才股份关于公司控股股东、实际控制人、公司被纳入失信被执行人进展的公告.pdf
2026-04-14 17:03:31,952 [INFO]   分类: 公司及个人被纳入 | 公司: 苏州奇才电子科技股份有限公司，际控制人被纳入失信被执行人及公司 | 姓名: 费福根
2026-04-14 17:03:31,953 [INFO] 
处理: 0530_[临时公告]ST经纬视关于公司及公司控股股东、实际控制人被纳入失信被执行人的公告.pdf
2026-04-14 17:03:32,547 [INFO]   分类: 公司及个人被纳入 | 公司: 武汉经纬视通科技股份有限公司 | 姓名: 张浩
2026-04-14 17:03:32,548 [INFO] 
处理: 0531_[临时公告]奇才股份关于公司控股股东、实际控制人、公司被纳入失信被执行人进展的公告.pdf
2026-04-14 17:03:33,013 [INFO]   分类: 公司及个人被纳入 | 公司: 实际控制人被纳入失信被执行人及公司，苏州奇才电子科技股份有限公司 | 姓名: 费福根
2026-04-14 17:03:33,013 [INFO] 
处理: 0532_[临时公告]ST天富关于公司及公司控股股东、实际控制人被纳入失信被执行人的公告(补发).pdf
2026-04-14 17:03:33,358 [INFO]   分类: 公司及个人被纳入 | 公司: 广东天富电气股份有限公司 | 姓名: 郭振清
2026-04-14 17:03:33,358 [INFO] 
处理: 0533_[临时公告]地浦科技关于补发控股股东及实际控制人被纳入失信被执行人公告的声明.pdf
2026-04-14 17:03:33,542 [INFO]   分类: 个人被纳入 | 公司:  | 姓名: 
2026-04-14 17:03:33,542 [INFO] 
处理: 0534_[临时公告]景春园林关于遵义市新区开发投资有限责任公司被移出失信被执行人的公告.pdf
2026-04-14 17:03:33,732 [INFO]   分类: 公司被撤销 | 公司:  | 姓名: 
2026-04-14 17:03:33,732 [INFO] 
处理: 0535_[临时公告]黑尊生物关于补发公司董事、实际控制人被纳入失信被执行人公告的声明公告.pdf
2026-04-14 17:03:33,881 [INFO]   分类: 个人被纳入 | 公司:  | 姓名: 孙虹于
2026-04-14 17:03:33,881 [INFO] 
处理: 0536_[临时公告]景春园林关于遵义市新区开发投资有限责任公司被纳入失信被执行人的公告.pdf
2026-04-14 17:03:34,076 [INFO]   分类: 公司被纳入 | 公司: 遵义市新区开发投资有限责任公司 | 姓名: 
2026-04-14 17:03:34,076 [INFO] 
处理: 0537_[临时公告]方通客运关于董事、副总经理被纳入失信被执行人及被出具限制消费令的公告(补发).pdf
2026-04-14 17:03:34,381 [INFO]   分类: 个人被纳入 | 公司:  | 姓名: 方勇
2026-04-14 17:03:34,381 [INFO] 
处理: 0538_[临时公告]方通客运关于补发董事、总经理被纳入失信被执行人及被出具限制消费令的公告.pdf
2026-04-14 17:03:34,738 [INFO]   分类: 个人被纳入 | 公司:  | 姓名: 方勤
2026-04-14 17:03:34,739 [INFO] 
处理: 0539_[临时公告]方通客运关于补发董事、副总经理被纳入失信被执行人及被出具限制消费令的公告.pdf
2026-04-14 17:03:34,992 [INFO]   分类: 个人被纳入 | 公司:  | 姓名: 方勇
2026-04-14 17:03:34,993 [INFO] 
处理: 0540_[临时公告]四季青关于补发公司实际控制人、控股股东、董事被纳入失信被执行人公告的声明公告.pdf
2026-04-14 17:03:35,151 [INFO]   分类: 个人被纳入 | 公司:  | 姓名: 
2026-04-14 17:03:35,152 [INFO] 
处理: 0541_[临时公告]ST盈嘉关于董事长张存勇被列入失信被执行人公告补发声明公告 [2021-057].pdf
2026-04-14 17:03:35,320 [INFO]   分类: 个人被纳入 | 公司:  | 姓名: 张存勇
2026-04-14 17:03:35,320 [INFO] 
处理: 0542_[临时公告]盛世量子关于公司、控股子公司、实际控制人及董事被纳入失信被执行人的公告(补发).pdf
2026-04-14 17:03:35,866 [INFO]   分类: 公司及个人被纳入 | 公司: 北京盛世光明量子科技股份有限公司，山东盛世光明数据服务有限公司，山东盛世光明软件技术有限公司 | 姓名: 孙伟力，朱国良
2026-04-14 17:03:35,866 [INFO] 
处理: 0543_[临时公告]华壹国际关于公司董事、总经理被纳入失信被执行人及被出具限制消费令的公告(补发).pdf
2026-04-14 17:03:36,243 [INFO]   分类: 个人被纳入 | 公司:  | 姓名: 刘杰
2026-04-14 17:03:36,243 [INFO] 
处理: 0544_[临时公告]ST通捷关于公司及公司控股股东、实际控制人新增被纳入失信被执行人的公告(补发).pdf
2026-04-14 17:03:36,663 [INFO]   分类: 公司及个人被纳入 | 公司: 北京通捷智慧水务股份有限公司 | 姓名: 邓玉梅
2026-04-14 17:03:36,663 [INFO] 
处理: 0545_[临时公告]高和智能关于高级管理人员被纳入失信被执行人并被出具限制消费令的公告(补发).pdf
2026-04-14 17:03:37,010 [INFO]   分类: 个人被纳入 | 公司:  | 姓名: 刘斌
2026-04-14 17:03:37,010 [INFO] 
处理: 0546_[临时公告]中置添颐关于公司实际控制人被纳入失信被执行人及被出具限制消费令的公告.pdf
2026-04-14 17:03:37,381 [INFO]   分类: 个人被纳入 | 公司:  | 姓名: 孙振文
2026-04-14 17:03:37,381 [INFO] 
处理: 0547_[临时公告]奇才股份关于公司及公司控股股东、实际控制人被纳入失信被执行人的进展公告.pdf
2026-04-14 17:03:38,870 [INFO]   分类: 公司及个人被纳入 | 公司: 实际控制人及公司，苏州奇才电子科技股份有限公司 | 姓名: 费福根
2026-04-14 17:03:38,870 [INFO] 
处理: 0548_[临时公告]ST通捷关于补发公司及全资子公司新增被纳入失信被执行人情况的声明公告.pdf
2026-04-14 17:03:39,049 [INFO]   分类: 公司被纳入 | 公司:  | 姓名: 
2026-04-14 17:03:39,049 [INFO] 
处理: 0549_[临时公告]华茂林业关于公司控股股东、实际控制人、董事长兼总经理被撤消失信被执行人的公告.pdf
2026-04-14 17:03:39,285 [INFO]   分类: 个人被纳入 | 公司:  | 姓名: 郑文韩
2026-04-14 17:03:39,285 [INFO] 
处理: 0550_[临时公告]ST欢乐关于补发公司控股股东、实际控制人被纳入失信被执行人公告的声明公告.pdf
2026-04-14 17:03:39,400 [INFO]   分类: 个人被纳入 | 公司:  | 姓名: 王若明
2026-04-14 17:03:39,400 [INFO] 
处理: 0551_[临时公告]ST乐美关于公司实际控制人、控股股东被纳入失信被执行人的公告的补发声明.pdf
2026-04-14 17:03:39,720 [INFO]   分类: 个人被纳入 | 公司:  | 姓名: 胡婧璐
2026-04-14 17:03:39,720 [INFO] 
处理: 0552_[临时公告]易销科技关于公司及公司实际控制人、董事长、总经理被纳入失信被执行人的公告(补发).pdf
2026-04-14 17:03:40,686 [INFO]   分类: 公司及个人被纳入 | 公司: 上海易销科技股份有限公司 | 姓名: 薛俊
2026-04-14 17:03:40,686 [INFO] 
处理: 0553_[临时公告]亚创股份关于补发涉及诉讼及公司及董事被纳入失信被执行人公告的声明公告.pdf
2026-04-14 17:03:40,938 [INFO]   分类: 公司及个人被纳入 | 公司:  | 姓名: 
2026-04-14 17:03:40,938 [INFO] 
处理: 0554_[临时公告]亚创股份关于补发涉及诉讼及公司及董事被纳入失信被执行人公告的声明公告.pdf
2026-04-14 17:03:41,156 [INFO]   分类: 公司及个人被纳入 | 公司:  | 姓名: 
2026-04-14 17:03:41,156 [INFO] 
处理: 0555_[临时公告]ST中科云关于实际控制人、董事长、总经理、法定代表人被纳入失信被执行人的公告.pdf
2026-04-14 17:03:41,377 [INFO]   分类: 个人被纳入 | 公司:  | 姓名: 李宏宇
2026-04-14 17:03:41,377 [INFO] 
处理: 0556_[临时公告]雅荷科技835514_关于补发监事徐涛被纳入失信被执行人公告的声明公告.pdf
2026-04-14 17:03:41,604 [INFO]   分类: 个人被纳入 | 公司:  | 姓名: 徐涛因
2026-04-14 17:03:41,605 [INFO] 
处理: 0557_[临时公告]ST新元太关于公司和控股股东、实际控制人被纳入失信被执行人的公告（补发）(补发).pdf
2026-04-14 17:03:42,000 [INFO]   分类: 公司及个人被纳入 | 公司: 山西新元太生物科技股份有限公司 | 姓名: 游成海
2026-04-14 17:03:42,000 [INFO] 
处理: 0558_[临时公告]ST新元太2021-011-关于公司被纳入失信被执行人的公告的补发说明-金德.pdf
2026-04-14 17:03:42,150 [INFO]   分类: 公司被纳入 | 公司:  | 姓名: 
2026-04-14 17:03:42,151 [INFO] 
处理: 0559_[临时公告]ST新元太关于公司和控股股东、实际控制人被纳入失信被执行人的公告（补发）(补发).pdf
2026-04-14 17:03:42,580 [INFO]   分类: 公司及个人被纳入 | 公司: 山西新元太生物科技股份有限公司 | 姓名: 游成海，范晋玲
2026-04-14 17:03:42,580 [INFO] 
处理: 0560_[临时公告]ST新元太关于公司和控股股东、实际控制人被纳入失信被执行人的公告（补发）(补发).pdf
2026-04-14 17:03:42,861 [INFO]   分类: 公司及个人被纳入 | 公司: 山西新元太生物科技股份有限公司 | 姓名: 游成海
2026-04-14 17:03:42,861 [INFO] 
处理: 0561_[临时公告]ST新元太2021-012-关于公司被纳入失信被执行人的公告的补发说明-恒泰富.pdf
2026-04-14 17:03:42,998 [INFO]   分类: 公司被纳入 | 公司:  | 姓名: 
2026-04-14 17:03:42,999 [INFO] 
处理: 0562_[临时公告]川山甲关于公司、控股股东、实际控制人及控股子公司被纳入失信被执行人的公告(补发).pdf
2026-04-14 17:03:43,990 [INFO]   分类: 公司及个人被纳入 | 公司: 嘉兴川山甲物资供应链有限公司，实际控制人及控股子公司，川山甲供应链管理股份有限公司，川山甲集团有限公司 | 姓名: 许建华
2026-04-14 17:03:43,991 [INFO] 
处理: 0563_[临时公告]牧标股份2020-008 牧标股份：关于补发公司被纳入失信被执行人的声明公告.pdf
2026-04-14 17:03:44,157 [INFO]   分类: 公司被纳入 | 公司:  | 姓名: 
2026-04-14 17:03:44,157 [INFO] 
处理: 0564_[临时公告]曼氏生物关于子公司江苏彭瑞生物医药科技有限公司被纳入失信被执行人的公告.pdf
2026-04-14 17:03:44,502 [INFO]   分类: 公司被纳入 | 公司: 江苏彭瑞生物医药科技有限公司 | 姓名: 
2026-04-14 17:03:44,502 [INFO] 
处理: 0565_[临时公告]国臻堂关于控股股东、实际控制人、董事长、总经理已被撤销失信被执行人名单的公告.pdf
2026-04-14 17:03:44,649 [INFO]   分类: 个人被撤销 | 公司: 法院已撤销公司 | 姓名: 何家杰
2026-04-14 17:03:44,650 [INFO] 
处理: 0566_[临时公告]ST中科云关于实际控制人、董事长、总经理、法定代表人被纳入失信被执行人的公告.pdf
2026-04-14 17:03:45,177 [INFO]   分类: 个人被纳入 | 公司:  | 姓名: 李宏宇
2026-04-14 17:03:45,177 [INFO] 
处理: 0567_[临时公告]睿高股份关于董事会秘书被纳入失信被执行人及被出具限制消费令的公告(补发).pdf
2026-04-14 17:03:45,478 [INFO]   分类: 个人被纳入 | 公司:  | 姓名: 沈朝晖，翟忠杰
2026-04-14 17:03:45,479 [INFO] 
处理: 0568_[临时公告]ST盈光关于公司控股股东、实际控制人、董事长、总经理被纳入失信被执行人的公告.pdf
2026-04-14 17:03:45,829 [INFO]   分类: 个人被纳入 | 公司:  | 姓名: 徐雄
2026-04-14 17:03:45,829 [INFO] 
处理: 0569_[临时公告]金易通关于补发关于公司及法定代表人被纳入失信被执行人的公告的声明公告.pdf
2026-04-14 17:03:45,976 [INFO]   分类: 公司及个人被纳入 | 公司:  | 姓名: 常建勇
2026-04-14 17:03:45,976 [INFO] 
处理: 0570_[临时公告]郑州水务关于公司被纳入失信被执行人及法定代表人被出具限制消费令的公告.pdf
2026-04-14 17:03:46,336 [INFO]   分类: 个人被纳入 | 公司: 郑州水务建筑工程股份有限公司 | 姓名: 黄爱民
2026-04-14 17:03:46,336 [INFO] 
处理: 0571_[临时公告]方通客运关于董事、董事会秘书、副总经理被纳入失信被执行人及被出具限制消费令的公告.pdf
2026-04-14 17:03:46,793 [INFO]   分类: 个人被纳入 | 公司:  | 姓名: 冯伟，和副总
2026-04-14 17:03:46,793 [INFO] 
处理: 0572_[临时公告]揽月科技关于公司及控股股东、实际控制人、董事、高级管理人员被纳入失信被执行人的公告.pdf
2026-04-14 17:03:47,267 [INFO]   分类: 公司及个人被纳入 | 公司: 江苏揽月工程科技发展股份有限公司 | 姓名: 张志明，戴晶
2026-04-14 17:03:47,268 [INFO] 
处理: 0573_[临时公告]中林木业2021-042中林木业：关于补发公司被纳入失信被执行人公告的声明公告.pdf
2026-04-14 17:03:47,369 [INFO]   分类: 公司被纳入 | 公司:  | 姓名: 
2026-04-14 17:03:47,369 [INFO] 
处理: 0574_[临时公告]中林木业2021-035中林木业：关于补发公司被纳入失信被执行人公告的声明公告.pdf
2026-04-14 17:03:47,532 [INFO]   分类: 公司被纳入 | 公司:  | 姓名: 
2026-04-14 17:03:47,533 [INFO] 
处理: 0575_[临时公告]中林木业2021-030中林木业：关于补发公司被纳入失信被执行人公告的声明公告.pdf
2026-04-14 17:03:47,700 [INFO]   分类: 公司被纳入 | 公司:  | 姓名: 
2026-04-14 17:03:47,700 [INFO] 
处理: 0576_[临时公告]ST通捷关于公司及公司控股股东、实际控制人新增被纳入失信被执行人的声明公告.pdf
2026-04-14 17:03:47,913 [INFO]   分类: 公司及个人被纳入 | 公司:  | 姓名: 
2026-04-14 17:03:47,913 [INFO] 
处理: 0577_[临时公告]鑫庄农贷关于第一大股东、法定代表人、董事长兼总经理被纳入失信被执行人的公告(补发).pdf
2026-04-14 17:03:48,583 [INFO]   分类: 个人被纳入 | 公司:  | 姓名: 凌荣华
2026-04-14 17:03:48,583 [INFO] 
处理: 0578_[临时公告]ST大家关于公司及控股股东、实际控制人、董事、高级管理人员被纳入失信被执行人的公告.pdf
2026-04-14 17:03:49,089 [INFO]   分类: 公司及个人被纳入 | 公司: 浙江大家食品股份有限公司 | 姓名: 郭小琴，陈其华
2026-04-14 17:03:49,090 [INFO] 
处理: 0579_[临时公告]中御建设2021-021-中御建设-关于公司被纳入失信被执行人补发公告的声明公告.pdf
2026-04-14 17:03:49,260 [INFO]   分类: 公司被纳入 | 公司:  | 姓名: 
2026-04-14 17:03:49,260 [INFO] 
处理: 0580_[临时公告]华茂林业关于公司控股股东、实际控制人、董事长兼总经理被纳入失信被执行人的公告 (补发).pdf
2026-04-14 17:03:49,675 [INFO]   分类: 个人被纳入 | 公司:  | 姓名: 郑文韩
2026-04-14 17:03:49,675 [INFO] 
处理: 0581_[临时公告]ST天富关于补发公司及公司控股股东、实际控制人被纳入失信被执行人的声明公告.pdf
2026-04-14 17:03:49,856 [INFO]   分类: 公司及个人被纳入 | 公司:  | 姓名: 
2026-04-14 17:03:49,857 [INFO] 
处理: 0582_[临时公告]ST艺根关于补发公司及公司控股股东、实际控制人被纳入失信被执行人的声明公告.pdf
2026-04-14 17:03:50,090 [INFO]   分类: 公司及个人被纳入 | 公司:  | 姓名: 
2026-04-14 17:03:50,090 [INFO] 
处理: 0583_[临时公告]盛世量子2021-046盛世量子：关于补发公司被列入失信被执行人公告的补发声明.pdf
2026-04-14 17:03:50,255 [INFO]   分类: 公司被纳入 | 公司:  | 姓名: 
2026-04-14 17:03:50,255 [INFO] 
处理: 0584_[临时公告]通捷水务关于公司及公司控股股东、实际控制人被纳入失信被执行人公告（补发）的声明公告.pdf
2026-04-14 17:03:50,473 [INFO]   分类: 公司及个人被纳入 | 公司:  | 姓名: 
2026-04-14 17:03:50,473 [INFO] 
处理: 0585_[临时公告]ST新元太2021-009-关于公司被纳入失信被执行人的公告的补发说明-成业化工.pdf
2026-04-14 17:03:50,621 [INFO]   分类: 公司被纳入 | 公司:  | 姓名: 
2026-04-14 17:03:50,621 [INFO] 
处理: 0586_[临时公告]ST天富关于补发公司及公司控股股东、实际控制人被纳入失信被执行人的声明公告.pdf
2026-04-14 17:03:50,809 [INFO]   分类: 公司及个人被纳入 | 公司:  | 姓名: 
2026-04-14 17:03:50,809 [INFO] 
处理: 0587_[临时公告]ST童石833377_关于公司被纳入失信被执行人公告的补发声明_2021-03-09.pdf
2026-04-14 17:03:50,957 [INFO]   分类: 公司被纳入 | 公司:  | 姓名: 
2026-04-14 17:03:50,957 [INFO] 
处理: 0588_[临时公告]睿高股份2021-007睿高股份：关于补发董事会秘书被纳入失信被执行人的声明公告.pdf
2026-04-14 17:03:51,125 [INFO]   分类: 个人被纳入 | 公司:  | 姓名: 
2026-04-14 17:03:51,125 [INFO] 
处理: 0589_[临时公告]美特桥架许昌美特桥架股份有限公司关于补发公司被纳入失信被执行人的声明公告.pdf
2026-04-14 17:03:51,269 [INFO]   分类: 公司被纳入 | 公司: 许昌美特桥架股份有限公司关于公司 | 姓名: 
2026-04-14 17:03:51,269 [INFO] 
处理: 0590_[临时公告]华意隆关于补发涉及诉讼、公司资产被查封冻结及被纳入失信被执行人公告的声明公告.pdf
2026-04-14 17:03:51,428 [INFO]   分类: 公司被纳入 | 公司:  | 姓名: 
2026-04-14 17:03:51,429 [INFO] 
处理: 0591_[临时公告]湘联股份关于补发公司实际控制人、董事、总经理被纳入失信被执行人的公告的声明公告.pdf
2026-04-14 17:03:51,608 [INFO]   分类: 个人被纳入 | 公司:  | 姓名: 
2026-04-14 17:03:51,608 [INFO] 
处理: 0592_[临时公告]成明节能关于补发控股股东、实际控制人、董事李琦被纳入失信被执行人公告的声明公告.pdf
2026-04-14 17:03:51,869 [INFO]   分类: 个人被纳入 | 公司:  | 姓名: 李琦因
2026-04-14 17:03:51,869 [INFO] 
处理: 0593_[临时公告]ST雷克利关于公司被纳入失信被执行人及实际控制人被出具限制消费令的公告(补发).pdf
2026-04-14 17:03:52,253 [INFO]   分类: 个人被纳入 | 公司: 北京雷克利达节能环保科技股份有限公司 | 姓名: 
2026-04-14 17:03:52,253 [INFO] 
处理: 0594_[临时公告]盛达电机关于公司和实际控制人被纳入失信被执行人及被出具限制消费令的公告(补发).pdf
2026-04-14 17:03:53,115 [INFO]   分类: 公司及个人被纳入 | 公司: 开封盛达电机科技股份有限公司，河南省盛达电机技术股份有限公司 | 姓名: 朱瑞贞，赵保良
2026-04-14 17:03:53,115 [INFO] 
处理: 0595_[临时公告]ST大地生关于补发公司控股股东、实际控制人、董事长被纳入失信被执行人的公告的声明公告.pdf
2026-04-14 17:03:53,276 [INFO]   分类: 个人被纳入 | 公司:  | 姓名: 
2026-04-14 17:03:53,276 [INFO] 
处理: 0596_[临时公告]ST大家关于公司及控股股东、实际控制人、董事、高级管理人员被纳入失信被执行人的公告(补发).pdf
2026-04-14 17:03:53,708 [INFO]   分类: 公司及个人被纳入 | 公司: 浙江大家食品股份有限公司 | 姓名: 郭小琴，陈其华
2026-04-14 17:03:53,709 [INFO] 
处理: 0597_[临时公告]ST大家关于公司及控股股东、实际控制人、董事、高级管理人员被纳入失信被执行人的公告(补发).pdf
2026-04-14 17:03:56,019 [INFO]   分类: 公司及个人被纳入 | 公司: 浙江大家食品股份有限公司 | 姓名: 公告，郭小琴，陈其军，陈其华
2026-04-14 17:03:56,019 [INFO] 
处理: 0598_[临时公告]熙成传媒关于公司被纳入失信被执行人以及公司相关人员被出具限制消费令的公告(补发).pdf
2026-04-14 17:03:56,609 [INFO]   分类: 个人被纳入 | 公司: 重庆熙成文化传媒股份有限公司 | 姓名: 苏继海，苏继福
2026-04-14 17:03:56,609 [INFO] 
处理: 0599_[临时公告]盈谷股份2021-068 关于补发公司及公司控股股东被纳入失信被执行人公告的声明公告.pdf
2026-04-14 17:03:56,789 [INFO]   分类: 公司及个人被纳入 | 公司: 有限公司 | 姓名: 
2026-04-14 17:03:56,789 [INFO] 
处理: 0600_[临时公告]华壹国际关于补发公司董事、总经理被纳入失信被执行人及被出具限制消费令的声明公告.pdf
2026-04-14 17:03:56,995 [INFO]   分类: 个人被纳入 | 公司:  | 姓名: 刘杰
2026-04-14 17:03:56,995 [INFO] 
处理: 0601_[临时公告]易家科技关于补发实际控制人、董事被纳入失信被执行人及被限制高消费的公告的声明公告.pdf
2026-04-14 17:03:57,192 [INFO]   分类: 个人被纳入 | 公司:  | 姓名: 
2026-04-14 17:03:57,192 [INFO] 
处理: 0602_[临时公告]ST大家关于公司及控股股东、实际控制人、董事、高级管理人员被纳入失信被执行人的公告(补发).pdf
2026-04-14 17:03:57,815 [INFO]   分类: 公司及个人被纳入 | 公司: 上海飞浪云餐饮管理有限公司，浙江大家食品股份有限公司 | 姓名: 郭小琴，陈其军，陈其华
2026-04-14 17:03:57,815 [INFO] 
处理: 0603_[券商公告]ST峻岭中银证券关于重庆峻岭能源股份有限公司被列为失信被执行人的风险提示性公告.pdf
2026-04-14 17:03:57,958 [INFO]   分类: 不属于失信人 | 公司:  | 姓名: 
2026-04-14 17:03:57,959 [INFO] 
处理: 0604_[临时公告]ST长乐情关于公司、公司实际控制人、公司董事、高级管理人员被纳入失信被执行人的公告(补发).pdf
2026-04-14 17:03:58,413 [INFO]   分类: 公司及个人被纳入 | 公司: 湖南长乐情食品科技股份有限公司 | 姓名: 胡健，谈克利
2026-04-14 17:03:58,413 [INFO] 
处理: 0605_[临时公告]易销科技关于公司及公司实际控制人、董事长、总经理被纳入失信被执行人的公告的补发声明.pdf
2026-04-14 17:03:58,733 [INFO]   分类: 公司及个人被纳入 | 公司:  | 姓名: 
2026-04-14 17:03:58,733 [INFO] 
处理: 0606_[临时公告]ST润高关于成都恒润高新科技股份有限公司被纳入失信被执行人的公告[2021-052].pdf
2026-04-14 17:03:59,004 [INFO]   分类: 公司被纳入 | 公司: 成都恒润高新科技股份有限公司 | 姓名: 
2026-04-14 17:03:59,004 [INFO] 
处理: 0607_[临时公告]亿海股份关于控股股东、实际控制人、董事被纳入失信被执行人及被出具限制消费令的公告(补发).pdf
2026-04-14 17:03:59,278 [INFO]   分类: 个人被纳入 | 公司:  | 姓名: 薛冰
2026-04-14 17:03:59,278 [INFO] 
处理: 0608_[临时公告]高和智能关于实际控制人、董事长、法定代表人被纳入失信被执行人并被出具限制消费令的公告.pdf
2026-04-14 17:03:59,680 [INFO]   分类: 个人被纳入 | 公司:  | 姓名: 陈雨峰
2026-04-14 17:03:59,680 [INFO] 
处理: 0609_[临时公告]ST海益宝海益宝2021-018：关于挂牌公司、控股股东被纳入失信被执行人的声明公告.pdf
2026-04-14 17:03:59,877 [INFO]   分类: 公司及个人被纳入 | 公司:  | 姓名: 
2026-04-14 17:03:59,878 [INFO] 
处理: 0610_[临时公告]川山甲关于补发公司、控股股东、实际控制人及控股子公司被纳入失信被执行人公告的声明公告.pdf
2026-04-14 17:04:00,052 [INFO]   分类: 公司及个人被纳入 | 公司: 实际控制人及控股子公司 | 姓名: 
2026-04-14 17:04:00,052 [INFO] 
处理: 0611_[临时公告]盈谷股份2021-012 关于补发公司及公司控股股东被纳入失信被执行人公告的声明公告.pdf
2026-04-14 17:04:00,183 [INFO]   分类: 公司及个人被纳入 | 公司: 有限公司 | 姓名: 
2026-04-14 17:04:00,183 [INFO] 
处理: 0612_[临时公告]大家食品关于公司及控股股东、实际控制人、董事、高级管理人员被纳入失信被执行人的公告(补发).pdf
2026-04-14 17:04:01,180 [INFO]   分类: 公司及个人被纳入 | 公司: 浙江大家食品股份有限公司 | 姓名: 郭小琴，陈其军，陈其华
2026-04-14 17:04:01,181 [INFO] 
处理: 0613_[临时公告]ST童石833377_关于实际控制人被纳入失信被执行人公告的补发声明_2021-03-09.pdf
2026-04-14 17:04:01,352 [INFO]   分类: 个人被纳入 | 公司:  | 姓名: 
2026-04-14 17:04:01,352 [INFO] 
处理: 0614_[临时公告]家电网关于公司被纳入失信被执行人名单公司及控股股东、实际控制人被限制消费的公告(补发).pdf
2026-04-14 17:04:01,988 [INFO]   分类: 公司及个人被纳入 | 公司: 深圳家电网科技实业股份有限公司 | 姓名: 黄伟军
2026-04-14 17:04:01,988 [INFO] 
处理: 0615_[临时公告]ST雷克利关于补发公司被纳入失信被执行人及实际控制人被出具限制消费令公告的声明.pdf
2026-04-14 17:04:02,207 [INFO]   分类: 公司被纳入 | 公司: 利达节能环保科技股份限公司关于公司 | 姓名: 
2026-04-14 17:04:02,207 [INFO] 
处理: 0616_[临时公告]ST峻岭关于公司全资子公司及其法定代表人被纳入失信被执行人并被出具限制消费令的公告.pdf
2026-04-14 17:04:02,573 [INFO]   分类: 个人被纳入 | 公司: 思南峻岭能源有限公司 | 姓名: 周俊
2026-04-14 17:04:02,573 [INFO] 
处理: 0617_[临时公告]一景乳业关于公司被纳入失信被执行人以及公司控股股东、实际控制人被出具限制消费令的公告.pdf
2026-04-14 17:04:03,127 [INFO]   分类: 个人被纳入 | 公司: 浙江一景乳业股份有限公司 | 姓名: 李鸣先
2026-04-14 17:04:03,128 [INFO] 
处理: 0618_[临时公告]华新能源关于公司、公司控股股东、公司董事长及公司实际控制人被纳入失信被执行人的公告（补发）(补发).pdf
2026-04-14 17:04:04,392 [INFO]   分类: 公司及个人被纳入 | 公司: 新余昊祥投资管理有限公司，西安华新新能源股份有限公司 | 姓名: 汪冀华，许建民
2026-04-14 17:04:04,392 [INFO] 
处理: 0619_[临时公告]熙成传媒关于补发公司被纳入失信被执行人以及公司相关人员被出具限制消费令的声明公告.pdf
2026-04-14 17:04:04,582 [INFO]   分类: 公司及个人被纳入 | 公司:  | 姓名: 
2026-04-14 17:04:04,582 [INFO] 
处理: 0620_[临时公告]爱科凯能关于公司实际控制人、董事、总经理被纳入失信被执行人的补发公告声明2021-023.pdf
2026-04-14 17:04:04,771 [INFO]   分类: 个人被纳入 | 公司:  | 姓名: 
2026-04-14 17:04:04,772 [INFO] 
处理: 0621_[临时公告]易家科技关于实际控制人、董事被纳入失信被执行人及实际控制人、子公司被限制高消费的公告(补发).pdf
2026-04-14 17:04:05,106 [INFO]   分类: 个人被纳入 | 公司:  | 姓名: 黄群土
2026-04-14 17:04:05,107 [INFO] 
处理: 0622_[临时公告]鄱湖股份关于公司、实际控制人、董事、董事会秘书被纳入失信被执行人及被出具限制消费令的公告.pdf
2026-04-14 17:04:05,512 [INFO]   分类: 公司及个人被纳入 | 公司:  | 姓名: 关晨，刘斌，刘金水，吴春凤
2026-04-14 17:04:05,512 [INFO] 
处理: 0623_[临时公告]鸿铭科技关于补发公司股东、实际控制人、董事被列入失信被执行人公告的声明公告-2021-013.pdf
2026-04-14 17:04:05,682 [INFO]   分类: 个人被纳入 | 公司:  | 姓名: 
2026-04-14 17:04:05,683 [INFO] 
处理: 0624_[券商公告]ST利隆中信建投关于上海利隆新媒体股份有限公司新增失信被执行人信息的风险提示性公告.pdf
2026-04-14 17:04:06,269 [INFO]   分类: 公司被纳入 | 公司:  | 姓名: 
2026-04-14 17:04:06,270 [INFO] 
处理: 0625_[临时公告]倍通检测关于公司、控股子公司、控股股东、实际控制人、董事、高级管理人员被纳入失信被执行人的公告.pdf
2026-04-14 17:04:07,674 [INFO]   分类: 公司及个人被纳入 | 公司: 上海科睿倍通检测技术有限公司，深圳市倍通检测股份有限公司 | 姓名: 公告，赵兴茂，邓华丽
2026-04-14 17:04:07,675 [INFO] 
处理: 0626_[临时公告]华茂林业关于补发公司控股股东、实际控制人、董事长兼总经理被纳入失信被执行人公告的声明公告.pdf
2026-04-14 17:04:07,845 [INFO]   分类: 个人被纳入 | 公司:  | 姓名: 
2026-04-14 17:04:07,845 [INFO] 
处理: 0627_[券商公告]ST天富国融证券关于广东天富电气股份有限公司新增失信被执行人信息的风险提示性公告.pdf
2026-04-14 17:04:08,606 [INFO]   分类: 公司被纳入 | 公司:  | 姓名: 
2026-04-14 17:04:08,607 [INFO] 
处理: 0628_[临时公告]速原中天关于公司及公司控股股东、实际控制人被限制高消费、列入失信被执行人公告的补发声明.pdf
2026-04-14 17:04:08,807 [INFO]   分类: 公司及个人被纳入 | 公司:  | 姓名: 
2026-04-14 17:04:08,807 [INFO] 
处理: 0629_[临时公告]水木环保关于公司被纳入失信被执行人、公司控股股东、实际控制人被出具限制消费令的公告(补发).pdf
2026-04-14 17:04:09,139 [INFO]   分类: 个人被纳入 | 公司: 河南水木环保科技股份有限公司 | 姓名: 王波因
2026-04-14 17:04:09,139 [INFO] 
处理: 0630_[临时公告]ST亚玫关于公司、子公司及实际控制人、控股股东、子公司法人代表被纳入失信被执行人的公告(补发).pdf
2026-04-14 17:04:10,449 [INFO]   分类: 公司及个人被纳入 | 公司: 上海亚玫标签股份有限公司，上海松玫服装辅料有限公司 | 姓名: 姚丽静，顾健如
2026-04-14 17:04:10,450 [INFO] 
处理: 0631_[临时公告]ST百大关于公司被纳入失信被执行人及公司、公司控股股东、实际控制人被限制高消费的公告(补发).pdf
2026-04-14 17:04:10,835 [INFO]   分类: 公司及个人被纳入 | 公司:  | 姓名: 刘淦昌
2026-04-14 17:04:10,836 [INFO] 
处理: 0632_[临时公告]智诚安环834892-智诚安环-关于分公司被纳入失信被执行人公告的补发声明-2021-003.pdf
2026-04-14 17:04:10,947 [INFO]   分类: 公司被纳入 | 公司: 份有限公司关于分公司 | 姓名: 
2026-04-14 17:04:10,948 [INFO] 
处理: 0633_[临时公告]ST欢乐关于公司被纳入失信被执行人及公司法定代表人、董事长被出具限制消费令的公告(补发).pdf
2026-04-14 17:04:11,351 [INFO]   分类: 个人被纳入 | 公司: 深圳市欢乐动漫股份有限公司 | 姓名: 
2026-04-14 17:04:11,351 [INFO] 
处理: 0634_[临时公告]ST大家关于补发公司及控股股东、实际控制人、董事、高级管理人员被纳入失信被执行人的补发声明公告.pdf
2026-04-14 17:04:11,537 [INFO]   分类: 公司及个人被纳入 | 公司:  | 姓名: 郭小琴，陈其华
2026-04-14 17:04:11,537 [INFO] 
处理: 0635_[临时公告]ST大家关于补发公司及控股股东、实际控制人、董事、高级管理人员被纳入失信被执行人的补发声明公告.pdf
2026-04-14 17:04:11,729 [INFO]   分类: 公司及个人被纳入 | 公司:  | 姓名: 郭小琴，陈其军，陈其华
2026-04-14 17:04:11,729 [INFO] 
处理: 0636_[临时公告]ST信带通关于子公司被纳入失信被执行人以及公司董事长、法定代表人被出具限制消费令的公告.pdf
2026-04-14 17:04:12,094 [INFO]   分类: 个人被纳入 | 公司: 北京信带通网络科技有限公司 | 姓名: 
2026-04-14 17:04:12,094 [INFO] 
处理: 0637_[临时公告]熙成传媒关于公司被纳入失信被执行人以及公司与公司董事、总经理、法定代表人被出具限制消费令的公告.pdf
2026-04-14 17:04:12,528 [INFO]   分类: 公司及个人被纳入 | 公司: 重庆熙成文化传媒股份有限公司 | 姓名: 
2026-04-14 17:04:12,528 [INFO] 
处理: 0638_[临时公告]智诚安环834892-智诚安环-关于实际控制人被纳入失信被执行人公告的补发声明公告_2021-035.pdf
2026-04-14 17:04:12,692 [INFO]   分类: 个人被纳入 | 公司:  | 姓名: 刘国辰
2026-04-14 17:04:12,692 [INFO] 
处理: 0639_[券商公告]摘牌北味东北证券关于黑龙江省北味菌业科技集团股份有限公司被纳入失信被执行人的风险提示性公告.pdf
2026-04-14 17:04:13,055 [INFO]   分类: 公司被纳入 | 公司:  | 姓名: 
2026-04-14 17:04:13,055 [INFO] 
处理: 0640_[临时公告]ST大家关于补发公司及控股股东、实际控制人、董事、高级管理人员被纳入失信被执行人的补发声明公告.pdf
2026-04-14 17:04:13,166 [INFO]   分类: 公司及个人被纳入 | 公司:  | 姓名: 郭小琴，陈其军，陈其华
2026-04-14 17:04:13,167 [INFO] 
处理: 0641_[临时公告]鑫庄农贷关于补发公司第一大股东、法定代表人、董事长、总经理凌荣华被纳入失信被执行人公告的声明公告.pdf
2026-04-14 17:04:13,182 [INFO]   分类:  | 公司:  | 姓名: 
2026-04-14 17:04:13,182 [INFO] 
处理: 0642_[券商公告]ST智科科华创证券关于广东智科精创科技股份有限公司被列为失信被执行人的风险提示性补充公告.pdf
2026-04-14 17:04:13,526 [INFO]   分类: 公司被纳入 | 公司:  | 姓名: 
2026-04-14 17:04:13,526 [INFO] 
处理: 0643_[临时公告]中林木业2021-024中林木业：关于补发公司及法定代表人被纳入失信被执行人公告的声明公告.pdf
2026-04-14 17:04:13,747 [INFO]   分类: 公司及个人被纳入 | 公司:  | 姓名: 
2026-04-14 17:04:13,749 [INFO] 
处理: 0644_[临时公告]ST长乐情关于公司、公司实际控制人、公司董事、高级管理人员被纳入失信被执行人的公告的补发声明.pdf
2026-04-14 17:04:14,049 [INFO]   分类: 公司及个人被纳入 | 公司:  | 姓名: 胡健，谈克利
2026-04-14 17:04:14,049 [INFO] 
处理: 0645_[临时公告]馨格股份关于公司共同实际控制人之一、董事姚志明被纳入失信被执行人及被出具限制消费令的公告(补发).pdf
2026-04-14 17:04:14,343 [INFO]   分类: 个人被纳入 | 公司:  | 姓名: 姚志明
2026-04-14 17:04:14,344 [INFO] 
处理: 0646_[券商公告]ST智科科华创证券关于广东智科精创科技股份有限公司被列为失信被执行人的风险提示性公告.pdf
2026-04-14 17:04:14,611 [INFO]   分类: 不属于失信人 | 公司:  | 姓名: 
2026-04-14 17:04:14,611 [INFO] 
处理: 0647_[临时公告]亿海股份补发关于公司控股股东、实际控制人、董事被纳入失信执行人及被出具限制高消费令的声明公告.pdf
2026-04-14 17:04:14,798 [INFO]   分类: 个人被纳入 | 公司:  | 姓名: 薛冰
2026-04-14 17:04:14,799 [INFO] 
处理: 0648_[临时公告]水木环保关于补发公司被纳入失信被执行人、公司控股股东、实际控制人被出具限制消费令的声明公告.pdf
2026-04-14 17:04:14,979 [INFO]   分类: 个人被纳入 | 公司:  | 姓名: 
2026-04-14 17:04:14,980 [INFO] 
处理: 0649_[临时公告]ST亚玫关于补发公司、子公司及实际控制人、控股股东、子公司法人代表被纳入失信被执行人的声明公告.pdf
2026-04-14 17:04:15,006 [INFO]   分类:  | 公司:  | 姓名: 
2026-04-14 17:04:15,007 [INFO] 
处理: 0650_[券商公告]世富环保中银证券关于世富光伏宝（上海）环保科技股份有限公司被纳入失信被执行人的风险提示性公告.pdf
2026-04-14 17:04:15,261 [INFO]   分类: 公司被纳入 | 公司: 环保科技股份有限公司 | 姓名: 
2026-04-14 17:04:15,261 [INFO] 
处理: 0651_[临时公告]天际数字关于控股子公司被纳入失信被执行人及该控股子公司、其法定代表人被限制高消费的公告(补发).pdf
2026-04-14 17:04:15,770 [INFO]   分类: 公司被纳入 | 公司:  | 姓名: 
2026-04-14 17:04:15,770 [INFO] 
处理: 0652_[临时公告]ST中瀛鑫关于补发公司及控股股东、实际控制人被纳入失信被执行人及被出具限制消费令的公告(补发).pdf
2026-04-14 17:04:16,305 [INFO]   分类: 公司及个人被纳入 | 公司: 深圳市中瀛鑫科技股份有限公司 | 姓名: 陈文明
2026-04-14 17:04:16,306 [INFO] 
处理: 0653_[临时公告]ST峻岭关于公司控股股东、实际控制人、财务负责人、总经理、董事长兼法定代表人被纳入失信被执行人的公告.pdf
2026-04-14 17:04:16,582 [INFO]   分类: 个人被纳入 | 公司:  | 姓名: 周俊
2026-04-14 17:04:16,583 [INFO] 
处理: 0654_[临时公告]ST百大关于补发公司被纳入失信被执行人及公司、公司控股股东、实际控制人被限制高消费的声明公告.pdf
2026-04-14 17:04:16,792 [INFO]   分类: 公司及个人被纳入 | 公司: 新能源股份有限公司关于公司 | 姓名: 
2026-04-14 17:04:16,792 [INFO] 
处理: 0655_[临时公告]ST纳仕达2021-009 纳仕达：关于补发控股股东、实际控制人和董事被列入失信被执行人的声明公告.pdf
2026-04-14 17:04:16,959 [INFO]   分类: 个人被纳入 | 公司:  | 姓名: 
2026-04-14 17:04:16,960 [INFO] 
处理: 0656_[临时公告]ST新元太2021-006-关于公司和控股股东、实际控制人被纳入失信被执行人的公告的补发说明-中小创投.pdf
2026-04-14 17:04:17,160 [INFO]   分类: 公司及个人被纳入 | 公司:  | 姓名: 游成海，范晋玲
2026-04-14 17:04:17,160 [INFO] 
处理: 0657_[临时公告]ST新元太2021-010-关于公司和控股股东、实际控制人被纳入失信被执行人的公告的补发说明-介休.pdf
2026-04-14 17:04:17,291 [INFO]   分类: 公司及个人被纳入 | 公司:  | 姓名: 海先生，游成海
2026-04-14 17:04:17,292 [INFO] 
处理: 0658_[临时公告]ST新元太2021-013-关于公司和控股股东、实际控制人被纳入失信被执行人的公告的补发说明-九州.pdf
2026-04-14 17:04:17,478 [INFO]   分类: 公司及个人被纳入 | 公司:  | 姓名: 游成海，范晋玲
2026-04-14 17:04:17,478 [INFO] 
处理: 0659_[券商公告]ST峻岭中银证券关于重庆峻岭能源股份有限公司被列为失信被执行人等事项的风险提示性公告.pdf
2026-04-14 17:04:18,261 [INFO]   分类: 其他 | 公司:  | 姓名: 周俊因
2026-04-14 17:04:18,261 [INFO] 
处理: 0660_[券商公告]歌瑞农牧中原证券关于河南歌瑞农牧股份有限公司及相关主体被列为失信被执行人的风险提示性公告.pdf
2026-04-14 17:04:19,586 [INFO]   分类: 其他 | 公司:  | 姓名: 
2026-04-14 17:04:19,586 [INFO] 
处理: 0661_[临时公告]大家食品关于补发公司及控股股东、实际控制人、董事、高级管理人员被纳入失信被执行人的补发声明公告.pdf
2026-04-14 17:04:19,747 [INFO]   分类: 公司及个人被纳入 | 公司:  | 姓名: 郭小琴，陈其军，陈其华
2026-04-14 17:04:19,747 [INFO] 
处理: 0662_[券商公告]歌瑞农牧中原证券关于河南歌瑞农牧股份有限公司及相关主体被列为失信被执行人的风险提示公告.pdf
2026-04-14 17:04:20,157 [INFO]   分类: 其他 | 公司: 河南歌瑞农牧股份有限公司 | 姓名: 刘跟明，原蒲存，毛政永，毛磊
2026-04-14 17:04:20,157 [INFO] 
处理: 0663_[临时公告]ST欢乐关于补发公司被纳入失信被执行人及公司法定代表人、董事长被出具限制消费令公告的声明公告.pdf
2026-04-14 17:04:20,306 [INFO]   分类: 个人被纳入 | 公司:  | 姓名: 
2026-04-14 17:04:20,306 [INFO] 
处理: 0664_[临时公告]鑫庄农贷关于补发公司第一大股东、法定代表人、董事长、总经理凌荣华被纳入失信被执行人公告的声明公告.pdf
2026-04-14 17:04:20,485 [INFO]   分类: 个人被纳入 | 公司:  | 姓名: 凌荣华
2026-04-14 17:04:20,486 [INFO] 
处理: 0665_[临时公告]ST舜喆B广东舜喆（集团）股份有限公司关于实际控制人、控股股东一致行动人新增被列入失信被执行人名单的公告.pdf
2026-04-14 17:04:20,516 [INFO]   分类:  | 公司:  | 姓名: 
2026-04-14 17:04:20,516 [INFO] 
处理: 0666_[券商公告]京立医院中原证券关于鹤壁京立医院股份有限公司及控股股东再次被纳入失信被执行人的风险提示性公告.pdf
2026-04-14 17:04:21,057 [INFO]   分类: 公司及个人被纳入 | 公司:  | 姓名: 
2026-04-14 17:04:21,057 [INFO] 
处理: 0667_[临时公告]壹加壹关于公司、控股股东实际控制人王振和、副总经理王东被纳入失信被执行人及公司、王振和被限制高消费的公告(补发).pdf
2026-04-14 17:04:21,939 [INFO]   分类: 公司及个人被纳入 | 公司: 宁夏壹加壹农牧股份有限公司 | 姓名: 王东，王振
2026-04-14 17:04:21,939 [INFO] 
处理: 0668_[券商公告]星光珠宝光大证券关于星光珠宝集团股份有限公司被列入失信被执行人、股票可能被终止挂牌风险提示性公告.pdf
2026-04-14 17:04:24,281 [INFO]   分类: 公司被纳入 | 公司: 安徽星光珠宝有限公司，星光珠宝集团股份有限公司，滁州星光珠宝有限公司，阜阳星光珠宝有限公司 | 姓名: 
2026-04-14 17:04:24,283 [INFO] 
处理: 0669_[临时公告]馨格股份关于公司共同实际控制人之一、董事姚志明被纳入失信被执行人及被出具限制消费令的公告补发声明.pdf
2026-04-14 17:04:24,485 [INFO]   分类: 其他 | 公司:  | 姓名: 姚志明
2026-04-14 17:04:24,485 [INFO] 
处理: 0670_[券商公告]天翔昌运中信建投关于北京天翔昌运科技股份有限公司及控股子公司新增失信被执行人信息的风险提示性公告.pdf
2026-04-14 17:04:25,307 [INFO]   分类: 公司被纳入 | 公司: 北京天翔昌运科技股份有限公司，惠州市天翔昌运电子有限公司，深圳普瑞达电子有限公司 | 姓名: 
2026-04-14 17:04:25,308 [INFO] 
处理: 0671_[临时公告]厚基股份关于公司共同实际控制人之一牛二军被列入失信被执行人、被限制高消费、被刑事处罚、无法取得联系的公告(补发).pdf
2026-04-14 17:04:25,636 [INFO]   分类: 个人被纳入 | 公司:  | 姓名: 牛二军
2026-04-14 17:04:25,636 [INFO] 
处理: 0672_[券商公告]ST峻岭中银证券关于重庆峻岭能源股份有限公司及其部分董监高被列为失信被执行人的风险提示性公告.pdf
2026-04-14 17:04:25,916 [INFO]   分类: 不属于失信人 | 公司:  | 姓名: 周俊，周莉，和高级，董监高
2026-04-14 17:04:25,916 [INFO] 
处理: 0673_[临时公告]天际数字关于补发控股子公司被纳入失信被执行人及该控股子公司、其法定代表人被限制高消费的声明公告.pdf
2026-04-14 17:04:26,112 [INFO]   分类: 公司被纳入 | 公司: 技术股份公司关于控股子公司 | 姓名: 
2026-04-14 17:04:26,112 [INFO] 
处理: 0674_[券商公告]ST峻岭中银证券关于重庆峻岭能源股份有限公司及其部分董监高被列为失信被执行人的风险提示性公告.pdf
2026-04-14 17:04:26,438 [INFO]   分类: 不属于失信人 | 公司:  | 姓名: 周俊，周莉，和高级，董监高
2026-04-14 17:04:26,438 [INFO] 
处理: 0675_[临时公告]ST峻岭关于公司控股股东、实际控制人、财务负责人、总经理、董事长兼法定代表人被列入失信被执行人的公告(补发).pdf
2026-04-14 17:04:26,798 [INFO]   分类: 个人被纳入 | 公司:  | 姓名: 周俊
2026-04-14 17:04:26,799 [INFO] 
处理: 0676_[临时公告]禄智科技关于公司及控股股东、实际控制人、董事长兼法定代表人被纳入失信被执行人并被出具限制消费令的公告(补发).pdf
2026-04-14 17:04:27,435 [INFO]   分类: 公司及个人被纳入 | 公司: 北京禄智科技股份有限公司 | 姓名: 莫志禄
2026-04-14 17:04:27,435 [INFO] 
处理: 0677_[临时公告]ST宇宁关于公司被纳入失信被执行人及公司控股股东、实际控制人、董事长兼法定代表人被出具限制消费令的公告.pdf
2026-04-14 17:04:27,716 [INFO]   分类: 个人被纳入 | 公司: 安徽宇宁果胶股份有限公司，果胶股份有限公司 | 姓名: 刘革兰
2026-04-14 17:04:27,717 [INFO] 
处理: 0678_[临时公告]鑫庄农贷关于公司第一大股东、法定代表人、董事长兼总经理被纳入失信被执行人及被出具限制消费令的公告(补发).pdf
2026-04-14 17:04:28,119 [INFO]   分类: 个人被纳入 | 公司:  | 姓名: 凌荣华
2026-04-14 17:04:28,119 [INFO] 
处理: 0679_[临时公告]蓝图新材关于解除全资子公司贵州福泉蓝图住宅产业化有限公司被纳入失信被执行人、实控人被出具限制消费令的公告.pdf
2026-04-14 17:04:28,592 [INFO]   分类: 公司被撤销 | 公司: 贵州福泉蓝图住宅产业化有限公司 | 姓名: 
2026-04-14 17:04:28,592 [INFO] 
处理: 0680_[券商公告]勤劳农夫西南证券关于湖北勤劳农夫生态农业股份有限公司被纳入失信被执行人、被出具限制消费令的风险提示性公告.pdf
2026-04-14 17:04:28,952 [INFO]   分类: 公司被纳入 | 公司: 湖北勤劳农夫生态农业股份有限公司 | 姓名: 
2026-04-14 17:04:28,952 [INFO] 
处理: 0681_[临时公告]蓝图新材关于全资子公司贵州福泉蓝图住宅产业化有限公司被纳入失信被执行人、实控人被出具限制消费令的公告(补发).pdf
2026-04-14 17:04:29,203 [INFO]   分类: 公司被纳入 | 公司: 贵州福泉蓝图住宅产业化有限公司 | 姓名: 
2026-04-14 17:04:29,203 [INFO] 
处理: 0682_[临时公告]蓝图新材关于全资子公司贵州福泉蓝图住宅产业化有限公司被纳入失信被执行人、实控人被出具限制消费令公告的说明公告.pdf
2026-04-14 17:04:29,405 [INFO]   分类: 公司被纳入 | 公司: 子公司贵州福泉蓝图住宅产业化有限公司 | 姓名: 
2026-04-14 17:04:29,405 [INFO] 
处理: 0683_[临时公告]ST宇宁关于补发公司被纳入失信被执行人及公司控股股东、实际控制人、董事长兼法定代表人被出具限制消费的公告的说明.pdf
2026-04-14 17:04:29,603 [INFO]   分类: 个人被纳入 | 公司: 安徽宇宁果胶股份有限公司关于公司 | 姓名: 刘革兰
2026-04-14 17:04:29,603 [INFO] 
处理: 0684_[券商公告]中浩紫云东吴证券关于中浩紫云科技股份有限公司及其控股股东、实际控制人被列为失信被执行人的风险提示性公告.pdf
2026-04-14 17:04:30,310 [INFO]   分类: 不属于失信人 | 公司:  | 姓名: 
2026-04-14 17:04:30,310 [INFO] 
处理: 0685_[券商公告]京立医院中原证券关于鹤壁京立医院股份有限公司、控股股东、实际控制人等主体新增失信被执行人信息的风险提示性公告.pdf
2026-04-14 17:04:30,737 [INFO]   分类: 公司及个人被纳入 | 公司:  | 姓名: 葛庆，葛欢欢
2026-04-14 17:04:30,737 [INFO] 
处理: 0686_[临时公告]ST峻岭关于公司控股股东、实际控制人、财务负责人、总经理、董事长兼法定代表人被纳入失信被执行人并被出具限制消费令的公告.pdf
2026-04-14 17:04:31,106 [INFO]   分类: 个人被纳入 | 公司:  | 姓名: 周俊
2026-04-14 17:04:31,108 [INFO] 
处理: 0687_[券商公告]ST峻岭中银证券关于重庆峻岭能源股份有限公司董事长、总经理兼财务负责人被列为失信被执行人的风险提示性公告.pdf
2026-04-14 17:04:31,282 [INFO]   分类: 不属于失信人 | 公司:  | 姓名: 周俊，和高级
2026-04-14 17:04:31,283 [INFO] 
处理: 0688_[券商公告]ST峻岭中银证券关于重庆峻岭能源股份有限公司董事长、总经理兼财务负责人被列为失信被执行人的风险提示性公告.pdf
2026-04-14 17:04:31,558 [INFO]   分类: 不属于失信人 | 公司:  | 姓名: 周俊，和高级
2026-04-14 17:04:31,558 [INFO] 
处理: 0689_[临时公告]ST峻岭关于公司控股股东、实际控制人、财务负责人、总经理、董事长兼法定代表人被纳入失信被执行人并被出具限制消费令的公告.pdf
2026-04-14 17:04:32,007 [INFO]   分类: 个人被纳入 | 公司:  | 姓名: 周俊
2026-04-14 17:04:32,007 [INFO] 
处理: 0690_[临时公告]厚基股份关于补发公司共同实际控制人之一牛二军被列入失信被执行人、被限制高消费、被刑事处罚、无法取得联系公告的说明.pdf
2026-04-14 17:04:32,173 [INFO]   分类: 个人被纳入 | 公司:  | 姓名: 
2026-04-14 17:04:32,173 [INFO] 
处理: 0691_[临时公告]禄智科技关于公司及控股股东、实际控制人、董事长兼法定代表人被纳入失信被执行人并被出具限制消费令的公告的补发声明.pdf
2026-04-14 17:04:32,435 [INFO]   分类: 不属于失信人 | 公司:  | 姓名: 莫志禄
2026-04-14 17:04:32,435 [INFO] 
处理: 0692_[临时公告]ST宇宁关于补发公司被纳入失信被执行人及公司控股股东、实际控制人、董事长兼法定代表人被出具限制消费的公告的说明.pdf
2026-04-14 17:04:32,671 [INFO]   分类: 个人被纳入 | 公司: 安徽宇宁果胶股份有限公司关于公司 | 姓名: 
2026-04-14 17:04:32,671 [INFO] 
处理: 0693_[临时公告]家电网836694_关于补发公司被纳入失信被执行人，公司及控股股东、实际控制人被限制消费的补发声明_2021-02-23.pdf
2026-04-14 17:04:32,883 [INFO]   分类: 公司及个人被纳入 | 公司:  | 姓名: 
2026-04-14 17:04:32,884 [INFO] 
处理: 0694_[券商公告]星光珠宝光大证券关于星光珠宝集团股份有限公司及子公司被列入失信被执行人、限制消费人员名单的风险提示性公告.pdf
2026-04-14 17:04:36,075 [INFO]   分类: 公司被纳入 | 公司: 安徽星光珠宝有限公司，星光珠宝集团股份有限公司，淮北市星光珠宝有限公司，阜阳星光珠宝有限公司 | 姓名: 
2026-04-14 17:04:36,075 [INFO] 
处理: 0695_[临时公告]华新能源2021-005 关于补发公司、公司控股股东、公司实际控制人及董事长被纳入失信被执行人公告的声明公告声明告的公告.pdf
2026-04-14 17:04:36,267 [INFO]   分类: 公司及个人被纳入 | 公司:  | 姓名: 
2026-04-14 17:04:36,267 [INFO] 
处理: 0696_[临时公告]ST金润和2021-067_831603_ST金润和_关于补发子公司、公司实际控制人被纳入失信被执行人公告的声明公告_2021-12-02.pdf
2026-04-14 17:04:36,449 [INFO]   分类: 公司及个人被纳入 | 公司:  | 姓名: 
2026-04-14 17:04:36,449 [INFO] 
处理: 0697_[临时公告]ST鹏海关于公司及控股股东、实际控制人、副董事长、财务负责人兼法定代表人被纳入失信被执行人并被出具限制消费令的公告(补发).pdf
2026-04-14 17:04:37,371 [INFO]   分类: 公司及个人被纳入 | 公司: 石家庄鹏海制药股份有限公司，药股份有限公司 | 姓名: 赵国庆
2026-04-14 17:04:37,372 [INFO] 
处理: 0698_[临时公告]ST鹏海关于公司及控股股东、实际控制人、副董事长、财务负责 人兼法定代表人被纳入失信被执行人并被出具限制消费令的公告(补发).pdf
2026-04-14 17:04:38,571 [INFO]   分类: 公司及个人被纳入 | 公司: 庄鹏海制药股份有限公司，有限公司，海制药股份有限公司，石家庄鹏海制药股份有限公司，药股份有限公司 | 姓名: 赵国庆
2026-04-14 17:04:38,571 [INFO] 
处理: 0699_[临时公告]壹加壹关于公司、控股股东实际控制人王振和、副总经理王东被纳入失信被执行人及公司、王振和被限制高消费的公告的补发声明公告.pdf
2026-04-14 17:04:38,771 [INFO]   分类: 公司及个人被纳入 | 公司:  | 姓名: 王东，王振
2026-04-14 17:04:38,771 [INFO] 
处理: 0700_[券商公告]歌瑞农牧中原证券关于河南歌瑞农牧股份有限公司及其控股股东、实际控制人、董事、总经理、董事会秘书被列为失信被执行人的风险提示公告.pdf
2026-04-14 17:04:39,929 [INFO]   分类: 公司及个人被纳入 | 公司:  | 姓名: 
2026-04-14 17:04:39,930 [INFO] 
处理: 0701_[临时公告]鹏海制药关于公司及控股股东、实际控制人、副董事长、财务负责人兼法定代表人被纳入失信被执行人并被出具限制消费令的公告的说明.pdf
2026-04-14 17:04:40,139 [INFO]   分类: 公司及个人被纳入 | 公司:  | 姓名: 赵国庆
2026-04-14 17:04:40,139 [INFO] 
处理: 0702_[临时公告]鹏海制药关于公司及控股股东、实际控制人、副董事长、财务负责人兼法定代表人被纳入失信被执行人并被出具限制消费令的公告（补发）(补发).pdf
2026-04-14 17:04:40,828 [INFO]   分类: 公司及个人被纳入 | 公司: 份有限公司，石家庄鹏海制药股份有限公司 | 姓名: 赵国庆
2026-04-14 17:04:40,829 [INFO] 
处理: 0703_[临时公告]ST鹏海关于补发公司及控股股东、实际控制人、副董事长、财务负责人兼法定代表人被纳入失信被执行人并被出具限制消费令的公告的说明.pdf
2026-04-14 17:04:41,071 [INFO]   分类: 公司及个人被纳入 | 公司:  | 姓名: 赵国庆
2026-04-14 17:04:41,071 [INFO] 
处理: 0704_[临时公告]ST鹏海关于补发公司及控股股东、实际控制人、副董事长、财务负责人兼法定代表人被纳入失信被执行人并被出具限制消费令的公告的说明.pdf
2026-04-14 17:04:41,267 [INFO]   分类: 公司及个人被纳入 | 公司:  | 姓名: 赵国庆
2026-04-14 17:04:41,267 [INFO] 
处理: 0705_[券商公告]摘牌海迪方正证券承销保荐有限责任公司关于深圳海斯迪能源科技股份有限公司及公司实际控制人新增失信被执行人信息的风险提示性公告.pdf
2026-04-14 17:04:41,686 [INFO]   分类: 公司及个人被纳入 | 公司: 深圳海斯迪能源科技股份有限公司 | 姓名: 张晓云，蒋平已
2026-04-14 17:04:41,687 [INFO] 
处理: 0706_[券商公告]禄智科技金元证券关于北京禄智科技股份有限公司及控股股东、实际控制人、董事长兼法定代表人被列为失信被执行人等事项的风险提示性公告.pdf
2026-04-14 17:04:42,100 [INFO]   分类: 不属于失信人 | 公司: 北京禄智科技股份有限公司 | 姓名: 莫志禄
2026-04-14 17:04:42,101 [INFO] 
处理: 0707_[券商公告]ST海斯迪方正证券承销保荐有限责任公司关于深圳海斯迪能源科技股份有限公司及实际控制人新增失信被执行人信息的风险提示性公告.pdf
2026-04-14 17:04:42,672 [INFO]   分类: 公司及个人被纳入 | 公司:  | 姓名: 张晓云
2026-04-14 17:04:42,672 [INFO] 
处理: 0708_[券商公告]京立医院中原证券关于鹤壁京立医院股份有限公司被纳入失信被执行人及公司、控股股东、实际控制人被出具限制消费令的风险提示性公告.pdf
2026-04-14 17:04:43,322 [INFO]   分类: 公司及个人被纳入 | 公司:  | 姓名: 
2026-04-14 17:04:43,323 [INFO] 
处理: 0709_[券商公告]传视影视东吴证券关于苏州传视影视传媒股份有限公司被纳入失信联合惩戒对象、收到全国中小企业股份转让系统纪律处分决定的风险提示性公告.pdf
2026-04-14 17:04:43,605 [INFO]   分类: 公司被纳入 | 公司:  | 姓名: 
2026-04-14 17:04:43,605 [INFO] 
处理: 0710_[券商公告]传视影视东吴证券关于苏州传视影视传媒股份有限公司及公司控股股东、实际控制人、董事长、总经理、关联方被纳入失信联合惩戒对象的风险提示性公告.pdf
2026-04-14 17:04:43,856 [INFO]   分类: 公司及个人被纳入 | 公司:  | 姓名: 和高级，宋维红，王欣
2026-04-14 17:04:43,856 [INFO] 
处理: 0711_[券商公告]成明节能长江证券股份有限公司关于陕西成明节能技术股份有限公司控股股东、实际控制人、董事被纳入失信被执行人、限制消费人员名单的风险提示性公告.pdf
2026-04-14 17:04:44,309 [INFO]   分类: 个人被纳入 | 公司:  | 姓名: 李琦无
2026-04-14 17:04:44,309 [INFO] 
处理: 0712_[券商公告]厚基股份方正承销保荐关于厚基股份未能规范履行信息披露义务、实际控制人之一被列入失信被执行人、被限制高消费、被刑事处罚、无法取得联系的风险提示.pdf
2026-04-14 17:04:44,909 [INFO]   分类: 不属于失信人 | 公司:  | 姓名: 牛二军，陈五团，黄国伦
2026-04-14 17:04:44,910 [INFO] 
处理: 0713_[券商公告]ST海斯迪方正证券承销保荐有限责任公司关于深圳海斯迪能源科技股份有限公司股票可能被终止挂牌、公司子公司被纳入失信被执行人名单的风险提示性公告.pdf
2026-04-14 17:04:45,278 [INFO]   分类: 公司被纳入 | 公司: 公司子公司，子公司洛阳特斯拉能源科技有限公司，洛阳特斯拉能源科技有限公司 | 姓名: 
2026-04-14 17:04:45,278 [INFO] 
处理: 0714_[券商公告]鑫庄农贷东吴证券股份有限公司关于苏州高新区鑫庄农村小额贷款股份有限公司董事长、总经理被纳入失信被执行人名单以及被出具限制消费令的风险提示性公告.pdf
2026-04-14 17:04:45,729 [INFO]   分类: 其他 | 公司:  | 姓名: 凌荣华
2026-04-14 17:04:45,743 [INFO] 
结果已保存: D:\This computer\desktop\2021年失信人文件-pdf（714）\失信人信息提取结果_分类版.csv
2026-04-14 17:04:45,743 [INFO] 
完成！共 714 条记录
2026-04-14 17:04:45,744 [INFO] 分类[公司被纳入]: 355 条
2026-04-14 17:04:45,744 [INFO] 分类[公司被撤销]: 29 条
2026-04-14 17:04:45,745 [INFO] 分类[个人被纳入]: 185 条
2026-04-14 17:04:45,745 [INFO] 分类[个人被撤销]: 7 条
2026-04-14 17:04:45,746 [INFO] 分类[公司及个人被纳入]: 105 条
2026-04-14 17:04:45,746 [INFO] 分类[公司及个人被撤销]: 4 条
2026-04-14 17:04:45,746 [INFO] 分类[不属于失信人]: 13 条
2026-04-14 17:04:45,747 [INFO] 分类[其他]: 10 条
