2026-04-14 16:55:05,858 [INFO] LAC 已加载
2026-04-14 16:55:18,614 [DEBUG] Building prefix dict from the default dictionary ...
2026-04-14 16:55:18,616 [DEBUG] Loading model from cache C:\Users\25485\AppData\Local\Temp\jieba.cache
2026-04-14 16:55:19,084 [DEBUG] Loading model cost 0.469 seconds.
2026-04-14 16:55:19,084 [DEBUG] Prefix dict has been built successfully.
2026-04-14 16:55:19,087 [INFO] 
处理: 0001_[临时公告]九尊能源被列入失信被执行人公告.pdf
2026-04-14 16:55:19,199 [INFO]   分类: 公司被纳入 | 公司: 北京九尊能源技术股份有限公司 | 姓名: 
2026-04-14 16:55:19,199 [INFO] 
处理: 0002_[临时公告]泓宇环能关于控股股东、实际控制人、董事长、总经理被纳入失信被执行人及其他失信联合惩戒对象的公告.pdf
2026-04-14 16:55:19,393 [INFO]   分类: 个人被纳入 | 公司:  | 姓名: 陈志强
2026-04-14 16:55:19,394 [INFO] 
处理: 0003_[临时公告]泓宇环能关于控股股东、实际控制人、董事长、总经理被纳入失信被执行人及其他失信联合惩戒对象的公告.pdf
2026-04-14 16:55:19,539 [INFO]   分类: 个人被纳入 | 公司:  | 姓名: 陈志强
2026-04-14 16:55:19,539 [INFO] 
处理: 0004_[临时公告]泓宇环能关于公司控股股东、实际控制人、董事长、总经理被纳入失信被执行人及其他失信联合惩戒对象的公告.pdf
2026-04-14 16:55:19,692 [INFO]   分类: 个人被纳入 | 公司:  | 姓名: 陈志强
2026-04-14 16:55:19,693 [INFO] 
处理: 0005_[临时公告]中标集团被列入失信被执行人的公告.pdf
2026-04-14 16:55:19,897 [INFO]   分类: 公司被纳入 | 公司: 中标建设集团股份有限公司 | 姓名: 
2026-04-14 16:55:19,897 [INFO] 
处理: 0006_[临时公告]绿苑园林被列入失信被执行人的公告.pdf
2026-04-14 16:55:20,040 [INFO]   分类: 公司被纳入 | 公司: 湖南绿苑园林股份有限公司 | 姓名: 
2026-04-14 16:55:20,040 [INFO] 
处理: 0007_[临时公告]ST白茶被列入失信被执行人的公告.pdf
2026-04-14 16:55:20,405 [INFO]   分类: 公司被纳入 | 公司: 福建本源香艺农业投资管理有限公司，福鼎白茶股份有限公司 | 姓名: 
2026-04-14 16:55:20,405 [INFO] 
处理: 0008_[临时公告]中标集团被列入失信被执行人的公告.pdf
2026-04-14 16:55:20,500 [INFO]   分类: 公司被纳入 | 公司: 中标建设集团股份有限公司 | 姓名: 
2026-04-14 16:55:20,500 [INFO] 
处理: 0009_[临时公告]中标集团被列入失信被执行人的公告.pdf
2026-04-14 16:55:20,600 [INFO]   分类: 公司被纳入 | 公司: 中标建设集团股份有限公司 | 姓名: 
2026-04-14 16:55:20,600 [INFO] 
处理: 0010_[临时公告]中标集团被列入失信被执行人的公告.pdf
2026-04-14 16:55:20,684 [INFO]   分类: 公司被纳入 | 公司: 中标建设集团股份有限公司 | 姓名: 
2026-04-14 16:55:20,684 [INFO] 
处理: 0011_[临时公告]中标集团被列入失信被执行人的公告.pdf
2026-04-14 16:55:20,841 [INFO]   分类: 公司被纳入 | 公司: 中标建设集团股份有限公司 | 姓名: 
2026-04-14 16:55:20,841 [INFO] 
处理: 0012_[临时公告]中标集团被列入失信被执行人的公告.pdf
2026-04-14 16:55:21,112 [INFO]   分类: 公司被纳入 | 公司: 中标建设集团股份有限公司，中标建设集团股份有限公司北京分公司 | 姓名: 
2026-04-14 16:55:21,112 [INFO] 
处理: 0013_[临时公告]中标集团被列入失信被执行人的公告.pdf
2026-04-14 16:55:21,264 [INFO]   分类: 公司被纳入 | 公司: 中标建设集团股份有限公司 | 姓名: 
2026-04-14 16:55:21,264 [INFO] 
处理: 0014_[临时公告]中标集团被列入失信被执行人的公告.pdf
2026-04-14 16:55:21,465 [INFO]   分类: 公司被纳入 | 公司: 中标建设集团股份有限公司，中标建设集团股份有限公司北京分公司，中标集团总包建设有限公司 | 姓名: 
2026-04-14 16:55:21,465 [INFO] 
处理: 0015_[临时公告]泰隆电力董事被列入失信被执行人的公告.pdf
2026-04-14 16:55:21,568 [INFO]   分类: 个人被纳入 | 公司:  | 姓名: 马清丽
2026-04-14 16:55:21,568 [INFO] 
处理: 0016_[临时公告]宏良皮业关于补发失信被执行人公告(补发).pdf
2026-04-14 16:55:21,721 [INFO]   分类: 个人被纳入 | 公司: 及子公司，江门市风尚皮革有限公司，甘肃宏良皮业股份有限公司 | 姓名: 
2026-04-14 16:55:21,721 [INFO] 
处理: 0017_[临时公告]华盛控股关于被移出失信被执行人的公告.pdf
2026-04-14 16:55:21,886 [INFO]   分类: 公司被撤销 | 公司:  | 姓名: 
2026-04-14 16:55:21,886 [INFO] 
处理: 0018_[临时公告]泓宇环能关于公司及公司控股股东、实际控制人、董事长、总经理解除失信被执行人及其他失信联合惩戒对象的公告.pdf
2026-04-14 16:55:22,401 [INFO]   分类: 公司及个人被撤销 | 公司: 河南环宇石化装备科技股份有限公司 | 姓名: 解决该，陈志强
2026-04-14 16:55:22,402 [INFO] 
处理: 0019_[临时公告]德利得关于公司被纳入失信被执行人的公告.pdf
2026-04-14 16:55:22,586 [INFO]   分类: 公司被纳入 | 公司: 天津德利得供应链管理股份有限公司 | 姓名: 
2026-04-14 16:55:22,586 [INFO] 
处理: 0020_[临时公告]建装业关于公司被纳入失信被执行人的公告.pdf
2026-04-14 16:55:22,790 [INFO]   分类: 公司被纳入 | 公司: 深圳市建装业集团股份有限公司 | 姓名: 
2026-04-14 16:55:22,790 [INFO] 
处理: 0021_[临时公告]建装业关于公司被纳入失信被执行人的公告.pdf
2026-04-14 16:55:22,929 [INFO]   分类: 公司被纳入 | 公司: 深圳市建装业集团股份有限公司 | 姓名: 
2026-04-14 16:55:22,929 [INFO] 
处理: 0022_[临时公告]建装业关于公司被纳入失信被执行人的公告.pdf
2026-04-14 16:55:23,184 [INFO]   分类: 公司被纳入 | 公司: 深圳市建装业集团股份有限公司 | 姓名: 
2026-04-14 16:55:23,184 [INFO] 
处理: 0023_[临时公告]建装业关于公司被纳入失信被执行人的公告.pdf
2026-04-14 16:55:23,457 [INFO]   分类: 公司被纳入 | 公司: 深圳市建装业集团股份有限公司 | 姓名: 
2026-04-14 16:55:23,457 [INFO] 
处理: 0024_[临时公告]建装业关于公司被纳入失信被执行人的公告.pdf
2026-04-14 16:55:23,615 [INFO]   分类: 公司被纳入 | 公司: 深圳市建装业集团股份有限公司 | 姓名: 
2026-04-14 16:55:23,615 [INFO] 
处理: 0025_[临时公告]建装业关于公司被纳入失信被执行人的公告.pdf
2026-04-14 16:55:23,902 [INFO]   分类: 公司被纳入 | 公司: 深圳市建装业集团股份有限公司 | 姓名: 
2026-04-14 16:55:23,902 [INFO] 
处理: 0026_[临时公告]新赛点关于公司被撤销失信被执行人的公告.pdf
2026-04-14 16:55:24,051 [INFO]   分类: 公司被撤销 | 公司:  | 姓名: 
2026-04-14 16:55:24,051 [INFO] 
处理: 0027_[临时公告]建装业关于公司被纳入失信被执行人的公告.pdf
2026-04-14 16:55:24,338 [INFO]   分类: 公司被纳入 | 公司: 深圳市建装业集团股份有限公司 | 姓名: 
2026-04-14 16:55:24,338 [INFO] 
处理: 0028_[临时公告]建装业关于公司被纳入失信被执行人的公告.pdf
2026-04-14 16:55:24,572 [INFO]   分类: 公司被纳入 | 公司: 深圳市建装业集团股份有限公司 | 姓名: 
2026-04-14 16:55:24,573 [INFO] 
处理: 0029_[临时公告]建装业关于公司被纳入失信被执行人的公告.pdf
2026-04-14 16:55:24,969 [INFO]   分类: 公司被纳入 | 公司: 深圳市建装业集团股份有限公司 | 姓名: 
2026-04-14 16:55:24,969 [INFO] 
处理: 0030_[临时公告]新赛点关于公司被纳入失信被执行人的公告.pdf
2026-04-14 16:55:25,344 [INFO]   分类: 公司被纳入 | 公司: 北京新赛点体育投资股份有限公司 | 姓名: 
2026-04-14 16:55:25,344 [INFO] 
处理: 0031_[临时公告]建装业关于公司被纳入失信被执行人的公告.pdf
2026-04-14 16:55:25,499 [INFO]   分类: 公司被纳入 | 公司: 深圳市建装业集团股份有限公司 | 姓名: 
2026-04-14 16:55:25,499 [INFO] 
处理: 0032_[临时公告]诺威尔关于公司被纳入失信被执行人的公告.pdf
2026-04-14 16:55:25,775 [INFO]   分类: 公司被纳入 | 公司:  | 姓名: 
2026-04-14 16:55:25,775 [INFO] 
处理: 0033_[临时公告]龙科3关于公司被纳入失信被执行人的公告.pdf
2026-04-14 16:55:25,953 [INFO]   分类: 公司被纳入 | 公司:  | 姓名: 
2026-04-14 16:55:25,954 [INFO] 
处理: 0034_[临时公告]东吾洋关于公司被纳入失信被执行人的公告.pdf
2026-04-14 16:55:26,283 [INFO]   分类: 公司被纳入 | 公司: 福建东吾洋食品股份有限公司 | 姓名: 
2026-04-14 16:55:26,283 [INFO] 
处理: 0035_[临时公告]光速达关于公司被纳入失信被执行人的公告.pdf
2026-04-14 16:55:26,477 [INFO]   分类: 公司被纳入 | 公司: 福建省光速达物联网科技股份有限公司 | 姓名: 
2026-04-14 16:55:26,477 [INFO] 
处理: 0036_[临时公告]隶源基关于公司被纳入失信被执行人的公告.pdf
2026-04-14 16:55:26,701 [INFO]   分类: 公司被纳入 | 公司:  | 姓名: 
2026-04-14 16:55:26,701 [INFO] 
处理: 0037_[临时公告]长江绿海被列为失信被执行人补发公告声明.pdf
2026-04-14 16:55:26,790 [INFO]   分类: 不属于失信人 | 公司:  | 姓名: 林善福
2026-04-14 16:55:26,790 [INFO] 
处理: 0038_[临时公告]ST议中关于公司被纳入失信被执行人的公告.pdf
2026-04-14 16:55:27,321 [INFO]   分类: 公司被纳入 | 公司: 四川议中新材料股份有限公司，将四川议中新材料股份有限公司 | 姓名: 
2026-04-14 16:55:27,321 [INFO] 
处理: 0039_[临时公告]山水环境关于公司被纳入失信被执行人的公告.pdf
2026-04-14 16:55:27,586 [INFO]   分类: 公司被纳入 | 公司: 山水环境科技股份有限公司 | 姓名: 
2026-04-14 16:55:27,586 [INFO] 
处理: 0040_[临时公告]ST润股关于公司被纳入失信被执行人的公告.pdf
2026-04-14 16:55:27,780 [INFO]   分类: 公司被纳入 | 公司: 上海润杰通信科技股份有限公司 | 姓名: 
2026-04-14 16:55:27,781 [INFO] 
处理: 0041_[临时公告]倍通检测关于公司被纳入失信被执行人的公告.pdf
2026-04-14 16:55:27,997 [INFO]   分类: 公司被纳入 | 公司: 深圳市倍通检测股份有公司 | 姓名: 
2026-04-14 16:55:27,997 [INFO] 
处理: 0042_[临时公告]饶电科技关于公司被撤销失信被执行人的公告.pdf
2026-04-14 16:55:28,135 [INFO]   分类: 公司被撤销 | 公司: 本案导致的公司 | 姓名: 
2026-04-14 16:55:28,135 [INFO] 
处理: 0043_[临时公告]通捷水务关于公司被纳入失信被执行人的公告.pdf
2026-04-14 16:55:28,342 [INFO]   分类: 公司被纳入 | 公司: 北京通捷智慧水务股份有限公司 | 姓名: 
2026-04-14 16:55:28,342 [INFO] 
处理: 0044_[临时公告]ST议中关于公司被纳入失信被执行人的公告.pdf
2026-04-14 16:55:28,808 [INFO]   分类: 公司被纳入 | 公司: 四川议中新材料股份有限公司，将四川议中新材料股份有限公司 | 姓名: 
2026-04-14 16:55:28,808 [INFO] 
处理: 0045_[临时公告]竹邦能源关于公司被纳入失信被执行人的公告.pdf
2026-04-14 16:55:28,968 [INFO]   分类: 公司被纳入 | 公司: 北京世纪竹邦能源技术股份有限公司 | 姓名: 
2026-04-14 16:55:28,968 [INFO] 
处理: 0046_[临时公告]ST议中关于公司被纳入失信被执行人的公告.pdf
2026-04-14 16:55:29,465 [INFO]   分类: 公司被纳入 | 公司: 四川议中新材料股份有限公司，将四川议中新材料股份有限公司 | 姓名: 
2026-04-14 16:55:29,465 [INFO] 
处理: 0047_[临时公告]奇才股份关于公司被纳入失信被执行人的公告.pdf
2026-04-14 16:55:29,753 [INFO]   分类: 公司被纳入 | 公司: 苏州奇才电子科技股份有限公司 | 姓名: 
2026-04-14 16:55:29,754 [INFO] 
处理: 0048_[临时公告]ST润股关于公司被纳入失信被执行人的公告.pdf
2026-04-14 16:55:29,926 [INFO]   分类: 公司被纳入 | 公司: 上海润杰通信科技股份有限公司 | 姓名: 
2026-04-14 16:55:29,927 [INFO] 
处理: 0049_[临时公告]众信易诚关于被纳入失信被执行人的公告(补发).pdf
2026-04-14 16:55:31,773 [INFO]   分类: 公司被纳入 | 公司: 众信易诚保险代理股份有限公司，众信易诚保险代理股份有限公司上海分公司 | 姓名: 
2026-04-14 16:55:31,773 [INFO] 
处理: 0050_[临时公告]基骏股份关于公司被纳入失信被执行人的公告.pdf
2026-04-14 16:55:32,013 [INFO]   分类: 公司被纳入 | 公司: 江西基骏科技股份有限公司 | 姓名: 
2026-04-14 16:55:32,014 [INFO] 
处理: 0051_[临时公告]力好科技关于公司被纳入失信被执行人的公告.pdf
2026-04-14 16:55:32,268 [INFO]   分类: 公司被纳入 | 公司: 江西力好新能源科技股份有限公司 | 姓名: 
2026-04-14 16:55:32,268 [INFO] 
处理: 0052_[临时公告]长江绿海关于公司被纳入失信被执行人的公告.pdf
2026-04-14 16:55:32,498 [INFO]   分类: 公司被纳入 | 公司: 长江绿海环境工程股份有限公司 | 姓名: 
2026-04-14 16:55:32,499 [INFO] 
处理: 0053_[临时公告]ST社忧关于董事被纳入失信被执行人的公告.pdf
2026-04-14 16:55:33,022 [INFO]   分类: 个人被纳入 | 公司:  | 姓名: 陈荣已
2026-04-14 16:55:33,022 [INFO] 
处理: 0054_[临时公告]昊星文化关于公司被纳入失信被执行人的公告.pdf
2026-04-14 16:55:33,171 [INFO]   分类: 公司被纳入 | 公司: 北京银河昊星文化股份有限公司 | 姓名: 
2026-04-14 16:55:33,171 [INFO] 
处理: 0055_[临时公告]ST育星关于公司被纳入失信被执行人的公告.pdf
2026-04-14 16:55:33,367 [INFO]   分类: 公司被纳入 | 公司: 银川育星达科技股份有限公司 | 姓名: 
2026-04-14 16:55:33,367 [INFO] 
处理: 0056_[临时公告]汇新能源关于公司被纳入失信被执行人的公告.pdf
2026-04-14 16:55:33,542 [INFO]   分类: 公司被纳入 | 公司: 北京汇新恒信能源科技股份有限公司 | 姓名: 
2026-04-14 16:55:33,542 [INFO] 
处理: 0057_[临时公告]ST议中关于公司被纳入失信被执行人的公告.pdf
2026-04-14 16:55:34,199 [INFO]   分类: 公司被纳入 | 公司: 四川议中新材料股份有限公司，将四川议中新材料股份有限公司 | 姓名: 
2026-04-14 16:55:34,199 [INFO] 
处理: 0058_[临时公告]埃森普特关于公司被纳入失信被执行人的公告.pdf
2026-04-14 16:55:34,420 [INFO]   分类: 公司被纳入 | 公司: 成都埃森普特科技股份有限公司 | 姓名: 
2026-04-14 16:55:34,420 [INFO] 
处理: 0059_[临时公告]华丽包装关于公司被纳入失信被执行人的公告.pdf
2026-04-14 16:55:34,703 [INFO]   分类: 公司被纳入 | 公司: 河南华丽纸业包装股份有限公司 | 姓名: 
2026-04-14 16:55:34,703 [INFO] 
处理: 0060_[临时公告]ST弛达关于公司被纳入失信被执行人的公告.pdf
2026-04-14 16:55:34,859 [INFO]   分类: 公司被纳入 | 公司: 浙江弛达信息科技股份有限公司 | 姓名: 
2026-04-14 16:55:34,859 [INFO] 
处理: 0061_[临时公告]本益新材关于公司被纳入失信被执行人的公告.pdf
2026-04-14 16:55:35,103 [INFO]   分类: 公司被纳入 | 公司: 本益新材料股份公司 | 姓名: 
2026-04-14 16:55:35,104 [INFO] 
处理: 0062_[临时公告]福喜迎门关于公司被列入失信被执行人的公告.pdf
2026-04-14 16:55:35,305 [INFO]   分类: 公司被纳入 | 公司: 四川省福喜迎门酒业股份有限公司 | 姓名: 
2026-04-14 16:55:35,305 [INFO] 
处理: 0063_[临时公告]大森机电关于公司被纳入失信被执行人的公告.pdf
2026-04-14 16:55:35,568 [INFO]   分类: 公司被纳入 | 公司: 河南大森机电股份有限公司 | 姓名: 
2026-04-14 16:55:35,569 [INFO] 
处理: 0064_[临时公告]ST社忧关于董事被纳入失信被执行人的公告.pdf
2026-04-14 16:55:35,829 [INFO]   分类: 个人被纳入 | 公司:  | 姓名: 陈荣已
2026-04-14 16:55:35,830 [INFO] 
处理: 0065_[临时公告]ST盛鸿关于公司被移出失信被执行人的公告.pdf
2026-04-14 16:55:36,190 [INFO]   分类: 公司被撤销 | 公司: 江苏盛鸿大业智能科技股份有限公司 | 姓名: 
2026-04-14 16:55:36,191 [INFO] 
处理: 0066_[临时公告]ST议中关于公司被纳入失信被执行人的公告.pdf
2026-04-14 16:55:36,421 [INFO]   分类: 公司被纳入 | 公司: 四川议中新材料股份有限公司 | 姓名: 
2026-04-14 16:55:36,422 [INFO] 
处理: 0067_[临时公告]ST社忧关于董事被纳入失信被执行人的公告.pdf
2026-04-14 16:55:36,723 [INFO]   分类: 个人被纳入 | 公司:  | 姓名: 陈荣
2026-04-14 16:55:36,723 [INFO] 
处理: 0068_[临时公告]ST盛鸿关于公司被纳入失信被执行人的公告.pdf
2026-04-14 16:55:36,968 [INFO]   分类: 公司被纳入 | 公司: 江苏盛鸿大业智能科技股份有限公司 | 姓名: 
2026-04-14 16:55:36,968 [INFO] 
处理: 0069_[临时公告]利特尔关于子公司被纳入失信被执行人的公告.pdf
2026-04-14 16:55:37,349 [INFO]   分类: 公司被纳入 | 公司: 包装材料有限公司 | 姓名: 
2026-04-14 16:55:37,350 [INFO] 
处理: 0070_[临时公告]联冠智能关于公司被纳入失信被执行人的公告.pdf
2026-04-14 16:55:37,605 [INFO]   分类: 公司被纳入 | 公司: 河北联冠智能环保设备股份有限公司 | 姓名: 
2026-04-14 16:55:37,605 [INFO] 
处理: 0071_[临时公告]大森机电关于公司被纳入失信被执行人的公告（已取消）.pdf
2026-04-14 16:55:37,917 [INFO]   分类: 公司被纳入 | 公司: 河南大森机电股份有限公司 | 姓名: 
2026-04-14 16:55:37,917 [INFO] 
处理: 0072_[临时公告]ST腾骏关于公司被纳入失信被执行人的公告.pdf
2026-04-14 16:55:38,170 [INFO]   分类: 公司被纳入 | 公司: 浙江腾骏祥科技股份有限公司 | 姓名: 
2026-04-14 16:55:38,170 [INFO] 
处理: 0073_[临时公告]ST永捷关于公司被纳入失信被执行人的公告.pdf
2026-04-14 16:55:38,362 [INFO]   分类: 公司被纳入 | 公司: 北京永捷发科技股份有限公司 | 姓名: 
2026-04-14 16:55:38,363 [INFO] 
处理: 0074_[临时公告]ST腾骏关于公司被纳入失信被执行人的公告.pdf
2026-04-14 16:55:38,558 [INFO]   分类: 公司被纳入 | 公司: 浙江腾骏祥科技股份有限公司 | 姓名: 
2026-04-14 16:55:38,558 [INFO] 
处理: 0075_[临时公告]凯英信业公司被列入失信被执行人的公告(补发).pdf
2026-04-14 16:55:39,043 [INFO]   分类: 公司被纳入 | 公司: 北京凯英信业科技股份有限公司 | 姓名: 
2026-04-14 16:55:39,043 [INFO] 
处理: 0076_[临时公告]山水环境关于公司被移出失信被执行人的公告.pdf
2026-04-14 16:55:39,200 [INFO]   分类: 公司被撤销 | 公司: 山水环境科技股份有限公司 | 姓名: 
2026-04-14 16:55:39,201 [INFO] 
处理: 0077_[临时公告]山水环境关于公司被纳入失信被执行人的公告.pdf
2026-04-14 16:55:39,456 [INFO]   分类: 公司被纳入 | 公司: 山水环境科技股份有限公司 | 姓名: 
2026-04-14 16:55:39,456 [INFO] 
处理: 0078_[临时公告]英网股份关于公司被移出失信被执行人的公告.pdf
2026-04-14 16:55:39,857 [INFO]   分类: 公司被撤销 | 公司: 青岛英网资讯股份有限公司 | 姓名: 
2026-04-14 16:55:39,857 [INFO] 
处理: 0079_[临时公告]泓宇环能关于公司被列入失信被执行人的公告.pdf
2026-04-14 16:55:40,352 [INFO]   分类: 公司被纳入 | 公司: 河南环宇石化装备科技有限公司，河南环宇石化装备科技股份有限公司 | 姓名: 
2026-04-14 16:55:40,353 [INFO] 
处理: 0080_[临时公告]正栩影视关于公司被纳入失信被执行人的公告.pdf
2026-04-14 16:55:40,708 [INFO]   分类: 公司被纳入 | 公司: 温州正栩影视制作股份有限公司 | 姓名: 
2026-04-14 16:55:40,708 [INFO] 
处理: 0081_[临时公告]光隆能源2020-031光隆能源：失信补发公告.pdf
2026-04-14 16:55:40,863 [INFO]   分类: 个人被纳入 | 公司:  | 姓名: 周王松
2026-04-14 16:55:40,863 [INFO] 
处理: 0082_[临时公告]唐人科技关于公司被纳入失信被执行人的公告.pdf
2026-04-14 16:55:41,488 [INFO]   分类: 公司被纳入 | 公司: 厦门唐人科技股份有限公司 | 姓名: 
2026-04-14 16:55:41,488 [INFO] 
处理: 0083_[临时公告]ST立特关于公司被纳入失信被执行人的公告.pdf
2026-04-14 16:55:41,673 [INFO]   分类: 公司被纳入 | 公司: 上海立特营销股份有限公司 | 姓名: 
2026-04-14 16:55:41,674 [INFO] 
处理: 0084_[临时公告]新卡奔关于公司被纳入失信被执行的公告(补发).pdf
2026-04-14 16:55:42,044 [INFO]   分类: 公司被纳入 | 公司: 江西新卡奔科技股份有限公司 | 姓名: 
2026-04-14 16:55:42,044 [INFO] 
处理: 0085_[临时公告]法兰智联关于实际控制人新增失信信息的公告.pdf
2026-04-14 16:55:42,568 [INFO]   分类: 个人被纳入 | 公司:  | 姓名: 沈硕果
2026-04-14 16:55:42,569 [INFO] 
处理: 0086_[临时公告]雨柔科技关于公司被列入失信被执行人的公告.pdf
2026-04-14 16:55:42,893 [INFO]   分类: 公司被纳入 | 公司: 北京雨柔梦科技股份有限公司 | 姓名: 
2026-04-14 16:55:42,893 [INFO] 
处理: 0087_[临时公告]云南钢构关于公司被撤销失信被执行人的公告.pdf
2026-04-14 16:55:43,084 [INFO]   分类: 公司被撤销 | 公司: 导致的公司 | 姓名: 
2026-04-14 16:55:43,084 [INFO] 
处理: 0088_[临时公告]云南钢构关于公司被纳入失信被执行人的公告.pdf
2026-04-14 16:55:43,329 [INFO]   分类: 公司被纳入 | 公司: 云南昆钢钢结构股份有限公司 | 姓名: 
2026-04-14 16:55:43,329 [INFO] 
处理: 0089_[临时公告]印加股份关于公司被移出失信被执行人的公告.pdf
2026-04-14 16:55:43,890 [INFO]   分类: 公司被撤销 | 公司:  | 姓名: 
2026-04-14 16:55:43,890 [INFO] 
处理: 0090_[临时公告]宏良皮业关于被列入失信被执行人的公告(补发).pdf
2026-04-14 16:55:44,162 [INFO]   分类: 公司被纳入 | 公司: 及子公司，江门市风尚皮革有限公司，甘肃宏良皮业股份有限公司 | 姓名: 
2026-04-14 16:55:44,162 [INFO] 
处理: 0091_[临时公告]宏良皮业关于被列入失信被执行人的公告(补发).pdf
2026-04-14 16:55:44,675 [INFO]   分类: 公司被纳入 | 公司: 及子公司，江门市风尚皮革有限公司，甘肃宏良皮业股份有限公司 | 姓名: 
2026-04-14 16:55:44,675 [INFO] 
处理: 0092_[临时公告]宏良皮业关于被列入失信被执行人的公告(补发).pdf
2026-04-14 16:55:44,966 [INFO]   分类: 公司被纳入 | 公司: 甘肃宏良皮业股份有限公司 | 姓名: 
2026-04-14 16:55:44,966 [INFO] 
处理: 0093_[临时公告]宏良皮业关于被列入失信被执行人的公告(补发).pdf
2026-04-14 16:55:45,215 [INFO]   分类: 公司被纳入 | 公司: 及子公司，江门市蓬江区锦新制革有限公司，甘肃宏良皮业股份有限公司 | 姓名: 
2026-04-14 16:55:45,216 [INFO] 
处理: 0094_[临时公告]华盛控股关于公司被纳入失信被执行人的公告.pdf
2026-04-14 16:55:45,430 [INFO]   分类: 公司被纳入 | 公司: 华盛科技控股股份有限公司 | 姓名: 
2026-04-14 16:55:45,430 [INFO] 
处理: 0095_[临时公告]ST腾骏关于公司被纳入失信被执行人的公告.pdf
2026-04-14 16:55:45,667 [INFO]   分类: 公司被纳入 | 公司: 浙江腾骏祥科技股份有限公司 | 姓名: 
2026-04-14 16:55:45,667 [INFO] 
处理: 0096_[临时公告]锦龙装备关于公司被纳入失信被执行人的公告.pdf
2026-04-14 16:55:45,828 [INFO]   分类: 公司被纳入 | 公司: 北京锦龙海洋装备股份有限公司，本次公司 | 姓名: 
2026-04-14 16:55:45,828 [INFO] 
处理: 0097_[临时公告]华盛控股关于公司被纳入失信被执行人的公告.pdf
2026-04-14 16:55:46,062 [INFO]   分类: 公司被纳入 | 公司: 华盛科技控股股份有限公司 | 姓名: 
2026-04-14 16:55:46,063 [INFO] 
处理: 0098_[临时公告]维尔思关于挂牌公司被纳入失信被执行人的公告.pdf
2026-04-14 16:55:46,249 [INFO]   分类: 公司被纳入 | 公司: 江苏维尔思环境工程股份有限公司 | 姓名: 
2026-04-14 16:55:46,249 [INFO] 
处理: 0099_[临时公告]华意隆关于公司被纳入失信被执行人的公告(补发).pdf
2026-04-14 16:55:46,437 [INFO]   分类: 公司被纳入 | 公司: 深圳华意隆电气股份有限公司 | 姓名: 
2026-04-14 16:55:46,437 [INFO] 
处理: 0100_[临时公告]ST云路桥关于公司被纳入失信被执行人的公告.pdf
2026-04-14 16:55:46,595 [INFO]   分类: 公司被纳入 | 公司: 云南路桥股份有限公司 | 姓名: 
2026-04-14 16:55:46,595 [INFO] 
处理: 0101_[临时公告]ST云路桥关于公司被纳入失信被执行人的公告.pdf
2026-04-14 16:55:46,882 [INFO]   分类: 公司被纳入 | 公司: 云南路桥股份有限公司 | 姓名: 
2026-04-14 16:55:46,883 [INFO] 
处理: 0102_[临时公告]建装业关于公司被纳入失信被执行人的公告(补发).pdf
2026-04-14 16:55:47,090 [INFO]   分类: 公司被纳入 | 公司: 深圳市建装业集团股份有限公司 | 姓名: 
2026-04-14 16:55:47,090 [INFO] 
处理: 0103_[临时公告]建装业关于公司被纳入失信被执行人的公告(补发).pdf
2026-04-14 16:55:47,517 [INFO]   分类: 公司被纳入 | 公司: 深圳市建装业集团股份有限公司 | 姓名: 
2026-04-14 16:55:47,518 [INFO] 
处理: 0104_[临时公告]建装业关于公司被纳入失信被执行人的公告(补发).pdf
2026-04-14 16:55:47,807 [INFO]   分类: 公司被纳入 | 公司: 深圳市建装业集团股份有限公司 | 姓名: 
2026-04-14 16:55:47,807 [INFO] 
处理: 0105_[临时公告]维尔思关于挂牌公司被纳入失信被执行人的公告.pdf
2026-04-14 16:55:49,124 [INFO]   分类: 公司被纳入 | 公司: 江苏维尔思环境工程股份有限公司 | 姓名: 
2026-04-14 16:55:49,125 [INFO] 
处理: 0106_[临时公告]ST量子花关于公司被纳入失信被执行人的公告.pdf
2026-04-14 16:55:49,471 [INFO]   分类: 公司被纳入 | 公司: 上海量子花光艺科技股份有限公司 | 姓名: 
2026-04-14 16:55:49,471 [INFO] 
处理: 0107_[临时公告]ST点点客关于公司被纳入失信被执行人的公告.pdf
2026-04-14 16:55:50,527 [INFO]   分类: 公司被纳入 | 公司: 点点客信息技术股份有限公司 | 姓名: 
2026-04-14 16:55:50,527 [INFO] 
处理: 0108_[临时公告]建装业关于公司被纳入失信被执行人的公告(补发).pdf
2026-04-14 16:55:51,075 [INFO]   分类: 公司被纳入 | 公司: 深圳市建装业集团股份有限公司 | 姓名: 
2026-04-14 16:55:51,075 [INFO] 
处理: 0109_[临时公告]ST海东源被列入失信被执行人的公告补发声明.pdf
2026-04-14 16:55:51,240 [INFO]   分类: 公司被纳入 | 公司:  | 姓名: 
2026-04-14 16:55:51,241 [INFO] 
处理: 0110_[临时公告]英富森关于公司被纳入失信被执行人的公告(补发).pdf
2026-04-14 16:55:52,341 [INFO]   分类: 公司被纳入 | 公司: 北京英富森软件股份有限公司 | 姓名: 
2026-04-14 16:55:52,341 [INFO] 
处理: 0111_[临时公告]ST新中合关于公司被纳入失信被执行人的公告.pdf
2026-04-14 16:55:52,517 [INFO]   分类: 公司被纳入 | 公司: 湖南新中合光电科技股份有限公司 | 姓名: 
2026-04-14 16:55:52,517 [INFO] 
处理: 0112_[临时公告]国臻堂关于公司被纳入失信被执行人的公告(补发).pdf
2026-04-14 16:55:52,858 [INFO]   分类: 公司被纳入 | 公司: 安徽省国臻堂生物科技股份有限公司 | 姓名: 
2026-04-14 16:55:52,858 [INFO] 
处理: 0113_[临时公告]力好科技子公司被列入失信被执行人的公告(补发).pdf
2026-04-14 16:55:53,686 [INFO]   分类: 公司被纳入 | 公司: 浙江正康科技有限公司 | 姓名: 
2026-04-14 16:55:53,687 [INFO] 
处理: 0114_[临时公告]贵交科关于控股股东被纳入失信被执行人的公告（更正后）.pdf
2026-04-14 16:55:53,970 [INFO]   分类: 个人被纳入 | 公司:  | 姓名: 
2026-04-14 16:55:53,971 [INFO] 
处理: 0115_[临时公告]贵交科关于控股股东被纳入失信被执行人的公告（已取消）.pdf
2026-04-14 16:55:54,254 [INFO]   分类: 个人被纳入 | 公司:  | 姓名: 
2026-04-14 16:55:54,254 [INFO] 
处理: 0116_[临时公告]贵交科关于控股股东被纳入失信被执行人的公告.pdf
2026-04-14 16:55:54,562 [INFO]   分类: 个人被纳入 | 公司:  | 姓名: 
2026-04-14 16:55:54,563 [INFO] 
处理: 0117_[临时公告]贵交科关于控股股东被纳入失信被执行人的公告.pdf
2026-04-14 16:55:54,903 [INFO]   分类: 个人被纳入 | 公司:  | 姓名: 
2026-04-14 16:55:54,903 [INFO] 
处理: 0118_[临时公告]焕鑫新材关于公司被纳入失信被执行人的公告（八）.pdf
2026-04-14 16:55:55,431 [INFO]   分类: 公司被纳入 | 公司: 江苏焕鑫新材料股份有限公司 | 姓名: 
2026-04-14 16:55:55,431 [INFO] 
处理: 0119_[临时公告]贵交科关于控股股东被纳入失信被执行人的公告.pdf
2026-04-14 16:55:55,692 [INFO]   分类: 个人被纳入 | 公司:  | 姓名: 
2026-04-14 16:55:55,692 [INFO] 
处理: 0120_[临时公告]维尔思关于挂牌公司被纳入失信被执行人的公告.pdf
2026-04-14 16:55:56,016 [INFO]   分类: 公司被纳入 | 公司: 江苏维尔思环境工程股份有限公司 | 姓名: 
2026-04-14 16:55:56,017 [INFO] 
处理: 0121_[临时公告]德尔能关于公司被纳入失信被执行人的公告(补发).pdf
2026-04-14 16:55:56,228 [INFO]   分类: 公司被纳入 | 公司: 东莞市德尔能新能源股份有限公司 | 姓名: 
2026-04-14 16:55:56,228 [INFO] 
处理: 0122_[临时公告]聚元食品关于子公司被纳入失信被执行人的公告.pdf
2026-04-14 16:55:56,665 [INFO]   分类: 公司被纳入 | 公司: 山东聚九元食品有限公司 | 姓名: 
2026-04-14 16:55:56,665 [INFO] 
处理: 0123_[临时公告]荷金股份关于子公司被纳入失信被执行人的公告.pdf
2026-04-14 16:55:56,958 [INFO]   分类: 公司被纳入 | 公司: 天津市傲景农业科技发展有限公司 | 姓名: 
2026-04-14 16:55:56,959 [INFO] 
处理: 0124_[临时公告]普英特关于董事被纳入失信被执行人的公告(补发).pdf
2026-04-14 16:55:57,203 [INFO]   分类: 个人被纳入 | 公司:  | 姓名: 吴列平
2026-04-14 16:55:57,203 [INFO] 
处理: 0125_[临时公告]易元堂关于控股股东被纳入失信被执行人的公告.pdf
2026-04-14 16:55:57,585 [INFO]   分类: 个人被纳入 | 公司: 上海易元堂药业有限公司 | 姓名: 易元堂
2026-04-14 16:55:57,585 [INFO] 
处理: 0126_[临时公告]贵交科关于控股股东被纳入失信被执行人的公告.pdf
2026-04-14 16:55:57,894 [INFO]   分类: 个人被纳入 | 公司:  | 姓名: 
2026-04-14 16:55:57,894 [INFO] 
处理: 0127_[临时公告]贵交科关于控股股东被纳入失信被执行人的公告.pdf
2026-04-14 16:55:58,237 [INFO]   分类: 个人被纳入 | 公司:  | 姓名: 
2026-04-14 16:55:58,238 [INFO] 
处理: 0128_[临时公告]宏良皮业关于补发失信被执行人公告的声明公告.pdf
2026-04-14 16:55:58,516 [INFO]   分类: 公司被纳入 | 公司: 司及子公司 | 姓名: 
2026-04-14 16:55:58,517 [INFO] 
处理: 0129_[临时公告]宏良皮业关于补发失信被执行人公告的声明公告.pdf
2026-04-14 16:55:58,690 [INFO]   分类: 公司被纳入 | 公司: 司及子公司 | 姓名: 
2026-04-14 16:55:58,690 [INFO] 
处理: 0130_[临时公告]宏良皮业关于补发失信被执行人公告的声明公告.pdf
2026-04-14 16:55:58,828 [INFO]   分类: 公司被纳入 | 公司: 司及子公司 | 姓名: 
2026-04-14 16:55:58,828 [INFO] 
处理: 0131_[临时公告]宏良皮业关于补发失信被执行人公告的声明公告.pdf
2026-04-14 16:55:59,012 [INFO]   分类: 公司及个人被纳入 | 公司:  | 姓名: 李臣
2026-04-14 16:55:59,012 [INFO] 
处理: 0132_[临时公告]宏良皮业关于补发失信被执行人公告的声明公告.pdf
2026-04-14 16:55:59,207 [INFO]   分类: 公司被纳入 | 公司: 及子公司 | 姓名: 
2026-04-14 16:55:59,207 [INFO] 
处理: 0133_[临时公告]贵交科关于控股股东被纳入失信被执行人的公告.pdf
2026-04-14 16:55:59,516 [INFO]   分类: 个人被纳入 | 公司:  | 姓名: 
2026-04-14 16:55:59,516 [INFO] 
处理: 0134_[临时公告]派尔科关于子公司被纳入失信被执行人的公告(补发).pdf
2026-04-14 16:55:59,768 [INFO]   分类: 公司被纳入 | 公司:  | 姓名: 
2026-04-14 16:55:59,768 [INFO] 
处理: 0135_[临时公告]广达新网关于公司被纳入失信被执行人的公告(补发).pdf
2026-04-14 16:56:00,069 [INFO]   分类: 公司被纳入 | 公司: 成都广达新网科技股份有限公司 | 姓名: 
2026-04-14 16:56:00,069 [INFO] 
处理: 0136_[临时公告]清芝融科关于公司被纳入失信被执行人的公告(补发).pdf
2026-04-14 16:56:00,424 [INFO]   分类: 公司被纳入 | 公司: 北京清芝融科商用机器股份有限公司 | 姓名: 
2026-04-14 16:56:00,425 [INFO] 
处理: 0137_[临时公告]华茂林业关于监事被纳入失信被执行人的公告(补发).pdf
2026-04-14 16:56:00,719 [INFO]   分类: 个人被纳入 | 公司:  | 姓名: 郑磊
2026-04-14 16:56:00,719 [INFO] 
处理: 0138_[临时公告]振兴建设关于公司被纳入失信被执行人的公告(补发).pdf
2026-04-14 16:56:01,041 [INFO]   分类: 公司被纳入 | 公司: 广东振兴建设股份有限公司 | 姓名: 
2026-04-14 16:56:01,042 [INFO] 
处理: 0139_[临时公告]广达新网关于公司被纳入失信被执行人的公告(补发).pdf
2026-04-14 16:56:01,395 [INFO]   分类: 公司被纳入 | 公司: 成都广达新网科技股份有限公司 | 姓名: 
2026-04-14 16:56:01,396 [INFO] 
处理: 0140_[临时公告]云鼎教育关于公司被纳入失信被执行人的公告(补发).pdf
2026-04-14 16:56:01,718 [INFO]   分类: 公司被纳入 | 公司: 北京华泽云鼎教育科技股份有限公司 | 姓名: 
2026-04-14 16:56:01,718 [INFO] 
处理: 0141_[临时公告]ST中科云关于子公司被纳入失信被执行人的公告.pdf
2026-04-14 16:56:02,018 [INFO]   分类: 公司被纳入 | 公司: 合肥中科云巢科技有限公司，子公司合肥中科云巢科技有限公司 | 姓名: 
2026-04-14 16:56:02,019 [INFO] 
处理: 0142_[临时公告]ST欢乐关于公司被纳入失信被执行人的公告(补发).pdf
2026-04-14 16:56:02,619 [INFO]   分类: 公司被纳入 | 公司: 日发布了公司，深圳市欢乐动漫股份有限公司 | 姓名: 
2026-04-14 16:56:02,620 [INFO] 
处理: 0143_[临时公告]饶电科技关于公司被纳入失信被执行人的公告(补发).pdf
2026-04-14 16:56:02,896 [INFO]   分类: 公司被纳入 | 公司: 江西饶电科技股份有限公司 | 姓名: 
2026-04-14 16:56:02,896 [INFO] 
处理: 0144_[临时公告]饶电科技关于公司被纳入失信被执行人的补发公告.pdf
2026-04-14 16:56:03,069 [INFO]   分类: 公司被纳入 | 公司:  | 姓名: 
2026-04-14 16:56:03,069 [INFO] 
处理: 0145_[临时公告]尚慧能源关于公司被纳入失信被执行人的公告(补发).pdf
2026-04-14 16:56:03,362 [INFO]   分类: 公司被纳入 | 公司: 江苏尚慧新能源科技股份有限公司 | 姓名: 
2026-04-14 16:56:03,362 [INFO] 
处理: 0146_[临时公告]ST威诺关于公司被纳入失信被执行人的公告(补发).pdf
2026-04-14 16:56:03,728 [INFO]   分类: 公司被纳入 | 公司: 重庆威诺克智能装备股份有限公司 | 姓名: 
2026-04-14 16:56:03,728 [INFO] 
处理: 0147_[临时公告]基骏股份关于公司解除被纳入失信被执行人的公告.pdf
2026-04-14 16:56:04,061 [INFO]   分类: 公司被撤销 | 公司: 江西基骏科技股份有限公司 | 姓名: 
2026-04-14 16:56:04,061 [INFO] 
处理: 0148_[临时公告]宏力能源关于公司被列入失信被执行人的公告(补发).pdf
2026-04-14 16:56:04,364 [INFO]   分类: 公司被纳入 | 公司: 山东宏力热泵能源股份有限公司 | 姓名: 
2026-04-14 16:56:04,364 [INFO] 
处理: 0149_[临时公告]宏力能源关于补发被列入失信被执行人公告的声明.pdf
2026-04-14 16:56:04,528 [INFO]   分类: 公司被纳入 | 公司: 热泵能源股份有限公司关于公司 | 姓名: 
2026-04-14 16:56:04,528 [INFO] 
处理: 0150_[临时公告]正兴玉关于实际控制人被纳入失信被执行人的公告.pdf
2026-04-14 16:56:05,064 [INFO]   分类: 个人被纳入 | 公司:  | 姓名: 表示正，陈雪汶，陈鸿成
2026-04-14 16:56:05,065 [INFO] 
处理: 0151_[临时公告]ST欢乐关于公司被纳入失信被执行人的公告(补发).pdf
2026-04-14 16:56:05,325 [INFO]   分类: 公司被纳入 | 公司: 日发布了公司，深圳市欢乐动漫股份有限公司 | 姓名: 
2026-04-14 16:56:05,325 [INFO] 
处理: 0152_[临时公告]力好科技关于公司解除被纳入失信被执行人的公告.pdf
2026-04-14 16:56:05,615 [INFO]   分类: 公司被撤销 | 公司: 江西力好新能源科技股份有限公司 | 姓名: 
2026-04-14 16:56:05,615 [INFO] 
处理: 0153_[临时公告]埃森普特关于公司被纳入失信被执行人的公告(补发).pdf
2026-04-14 16:56:05,874 [INFO]   分类: 公司被纳入 | 公司: 成都埃森普特科技股份有限公司 | 姓名: 
2026-04-14 16:56:05,875 [INFO] 
处理: 0154_[临时公告]ST中科云关于子公司被纳入失信被执行人的公告.pdf
2026-04-14 16:56:06,145 [INFO]   分类: 公司被纳入 | 公司: 合肥中科云巢科技有限公司，子公司合肥中科云巢科技有限公司 | 姓名: 
2026-04-14 16:56:06,146 [INFO] 
处理: 0155_[临时公告]ST弛达关于公司被列入失信被执行人的公告(补发).pdf
2026-04-14 16:56:06,381 [INFO]   分类: 公司被纳入 | 公司: 浙江弛达信息科技股份有限公司 | 姓名: 
2026-04-14 16:56:06,382 [INFO] 
处理: 0156_[券商公告]奔腾集团新增被列为失信被执行人的风险提示公告.pdf
2026-04-14 16:56:06,887 [INFO]   分类: 公司被纳入 | 公司:  | 姓名: 
2026-04-14 16:56:06,887 [INFO] 
处理: 0157_[临时公告]广达新网关于公司被纳入失信被执行人的公告(补发).pdf
2026-04-14 16:56:07,089 [INFO]   分类: 公司被纳入 | 公司: 成都广达新网科技股份有限公司 | 姓名: 
2026-04-14 16:56:07,089 [INFO] 
处理: 0158_[临时公告]澳凯富汇关于董事被移出失信被执行人名单的公告.pdf
2026-04-14 16:56:07,275 [INFO]   分类: 个人被撤销 | 公司:  | 姓名: 刘鹏已
2026-04-14 16:56:07,275 [INFO] 
处理: 0159_[临时公告]长宝科技关于公司董事被纳入失信被执行人的公告.pdf
2026-04-14 16:56:07,544 [INFO]   分类: 个人被纳入 | 公司:  | 姓名: 尤立志
2026-04-14 16:56:07,544 [INFO] 
处理: 0160_[临时公告]光合集团关于挂牌公司被纳入失信被执行人的公告.pdf
2026-04-14 16:56:07,700 [INFO]   分类: 公司被纳入 | 公司: 光合新兴产业控股集团股份有限公司 | 姓名: 
2026-04-14 16:56:07,700 [INFO] 
处理: 0161_[临时公告]鸿鑫互联关于公司被纳入失信被执行人的公告(补发).pdf
2026-04-14 16:56:08,816 [INFO]   分类: 公司被纳入 | 公司:  | 姓名: 
2026-04-14 16:56:08,816 [INFO] 
处理: 0162_[临时公告]金兴管业关于公司被纳入失信被执行人的公告(补发).pdf
2026-04-14 16:56:09,133 [INFO]   分类: 公司被纳入 | 公司: 安徽省金兴管业科技股份有限公司 | 姓名: 
2026-04-14 16:56:09,134 [INFO] 
处理: 0163_[临时公告]远大特材关于公司被纳入失信被执行人的公告(补发).pdf
2026-04-14 16:56:09,399 [INFO]   分类: 公司被纳入 | 公司: 山东远大特材科技股份有限公司 | 姓名: 
2026-04-14 16:56:09,399 [INFO] 
处理: 0164_[临时公告]ST华盛控关于公司被纳入失信被执行人的公告（二）.pdf
2026-04-14 16:56:09,599 [INFO]   分类: 公司被纳入 | 公司: 华盛科技控股股份有限公司 | 姓名: 
2026-04-14 16:56:09,599 [INFO] 
处理: 0165_[临时公告]ST正栩关于公司被撤销失信被执行人的公告(补发).pdf
2026-04-14 16:56:09,786 [INFO]   分类: 公司被撤销 | 公司:  | 姓名: 
2026-04-14 16:56:09,787 [INFO] 
处理: 0166_[临时公告]宇航重工关于公司被纳入失信被执行人的公告(补发).pdf
2026-04-14 16:56:13,474 [INFO]   分类: 公司被纳入 | 公司: 洛阳宇航重工科技股份有限公司 | 姓名: 
2026-04-14 16:56:13,474 [INFO] 
处理: 0167_[临时公告]广达新网关于公司被纳入失信被执行人的公告(补发).pdf
2026-04-14 16:56:13,678 [INFO]   分类: 公司被纳入 | 公司: 成都广达新网科技股份有限公司 | 姓名: 
2026-04-14 16:56:13,679 [INFO] 
处理: 0168_[临时公告]科能腾达关于公司被纳入失信被执行人的公告(补发).pdf
2026-04-14 16:56:13,959 [INFO]   分类: 公司被纳入 | 公司:  | 姓名: 
2026-04-14 16:56:13,959 [INFO] 
处理: 0169_[临时公告]百汇环保关于公司被纳入失信被执行人的公告(补发).pdf
2026-04-14 16:56:14,174 [INFO]   分类: 公司被纳入 | 公司: 河南百汇环保科技股份有限公司 | 姓名: 
2026-04-14 16:56:14,175 [INFO] 
处理: 0170_[临时公告]美特桥架关于公司解除被纳入失信被执行人的公告.pdf
2026-04-14 16:56:14,471 [INFO]   分类: 公司被撤销 | 公司: 许昌美特桥架股份有限公司 | 姓名: 
2026-04-14 16:56:14,471 [INFO] 
处理: 0171_[临时公告]唐人科技关于公司新增被纳入失信被执行人的公告.pdf
2026-04-14 16:56:14,718 [INFO]   分类: 公司被纳入 | 公司: 厦门唐人科技股份有限公司 | 姓名: 
2026-04-14 16:56:14,718 [INFO] 
处理: 0172_[临时公告]光隆能源关于董事被纳入失信被执行人的公告(补发).pdf
2026-04-14 16:56:14,977 [INFO]   分类: 个人被纳入 | 公司:  | 姓名: 周王松
2026-04-14 16:56:14,977 [INFO] 
处理: 0173_[临时公告]决胜股份关于公司被纳入失信被执行人的公告(补发).pdf
2026-04-14 16:56:15,316 [INFO]   分类: 公司被纳入 | 公司: 决胜教育科技集团股份有限公司 | 姓名: 
2026-04-14 16:56:15,316 [INFO] 
处理: 0174_[临时公告]天鸿股份关于补发被纳入失信被执行人公告的说明.pdf
2026-04-14 16:56:15,564 [INFO]   分类: 公司被纳入 | 公司: 山东天鸿模具股份有限公司 | 姓名: 
2026-04-14 16:56:15,564 [INFO] 
处理: 0175_[临时公告]广达新网关于公司被纳入失信被执行人的公告(补发).pdf
2026-04-14 16:56:15,918 [INFO]   分类: 公司被纳入 | 公司: 成都广达新网科技股份有限公司 | 姓名: 
2026-04-14 16:56:15,918 [INFO] 
处理: 0176_[临时公告]光华教育关于挂牌公司被纳入失信被执行人的公告.pdf
2026-04-14 16:56:16,150 [INFO]   分类: 公司被纳入 | 公司:  | 姓名: 
2026-04-14 16:56:16,151 [INFO] 
处理: 0177_[临时公告]奥莎动力关于公司被纳入失信被执行人的公告 (补发).pdf
2026-04-14 16:56:16,471 [INFO]   分类: 公司被纳入 | 公司: 湖南奥莎动力集团股份有限公司 | 姓名: 
2026-04-14 16:56:16,472 [INFO] 
处理: 0178_[临时公告]中标集团关于挂牌公司被纳入失信被执行人的公告.pdf
2026-04-14 16:56:16,820 [INFO]   分类: 公司被纳入 | 公司: 中标建设集团股份有限公司，中标建设集团股份有限公司北京分公司，中标集团总包建设有限公司 | 姓名: 
2026-04-14 16:56:16,820 [INFO] 
处理: 0179_[临时公告]锦龙装备关于公司被移出失信被执行人名单的公告.pdf
2026-04-14 16:56:17,087 [INFO]   分类: 公司被撤销 | 公司:  | 姓名: 
2026-04-14 16:56:17,087 [INFO] 
处理: 0180_[临时公告]阳光坊关于实际控制人被纳入失信被执行人的公告.pdf
2026-04-14 16:56:17,353 [INFO]   分类: 个人被纳入 | 公司:  | 姓名: 李立新
2026-04-14 16:56:17,353 [INFO] 
处理: 0181_[临时公告]昶桦股份关于公司被纳入失信被执行人的公告(补发).pdf
2026-04-14 16:56:17,730 [INFO]   分类: 公司被纳入 | 公司: 盐城市昶桦户外用品股份有限公司 | 姓名: 
2026-04-14 16:56:17,730 [INFO] 
处理: 0182_[临时公告]原态农业关于控股股东被纳入失信被执行人的公告.pdf
2026-04-14 16:56:18,075 [INFO]   分类: 个人被纳入 | 公司: 李山投资集团有限公司 | 姓名: 关于，李山
2026-04-14 16:56:18,075 [INFO] 
处理: 0183_[临时公告]中标集团关于挂牌公司被纳入失信被执行人的公告.pdf
2026-04-14 16:56:18,564 [INFO]   分类: 公司被纳入 | 公司: 中标建设集团股份有限公司 | 姓名: 
2026-04-14 16:56:18,565 [INFO] 
处理: 0184_[临时公告]ST立特关于公司被纳入失信被执行人的公告(补发).pdf
2026-04-14 16:56:18,987 [INFO]   分类: 公司被纳入 | 公司: 上海立特营销股份有限公司 | 姓名: 
2026-04-14 16:56:18,987 [INFO] 
处理: 0185_[临时公告]力天世纪关于公司被列入失信被执行人的公告(补发).pdf
2026-04-14 16:56:19,203 [INFO]   分类: 公司被纳入 | 公司: 广东力天世纪传媒股份有限公司 | 姓名: 
2026-04-14 16:56:19,204 [INFO] 
处理: 0186_[临时公告]卓佳股份关于公司被纳入失信被执行人的公告(补发).pdf
2026-04-14 16:56:19,539 [INFO]   分类: 公司被纳入 | 公司: 山东卓佳电力电子股份有限公司 | 姓名: 
2026-04-14 16:56:19,539 [INFO] 
处理: 0187_[临时公告]霍普金斯关于公司被纳入失信被执行人的公告(补发).pdf
2026-04-14 16:56:19,933 [INFO]   分类: 公司被纳入 | 公司: 珠海霍普金斯医药研究院股份有限公司 | 姓名: 
2026-04-14 16:56:19,934 [INFO] 
处理: 0188_[临时公告]中青国际关于公司被纳入失信被执行人的公告(补发).pdf
2026-04-14 16:56:20,148 [INFO]   分类: 公司被纳入 | 公司: 河南中青国际旅行社股份有限公司 | 姓名: 
2026-04-14 16:56:20,149 [INFO] 
处理: 0189_[临时公告]美特桥架关于公司被纳入失信被执行人的公告(补发).pdf
2026-04-14 16:56:20,578 [INFO]   分类: 公司被纳入 | 公司: 此次公司，许昌美特桥架股份有限公司 | 姓名: 
2026-04-14 16:56:20,578 [INFO] 
处理: 0190_[临时公告]中标集团关于挂牌公司被列入失信被执行人的公告.pdf
2026-04-14 16:56:21,065 [INFO]   分类: 公司被纳入 | 公司: 中标建设集团股份有限公司 | 姓名: 
2026-04-14 16:56:21,065 [INFO] 
处理: 0191_[临时公告]ST兴农关于公司被纳入失信被执行人的公告(补发).pdf
2026-04-14 16:56:21,352 [INFO]   分类: 公司被纳入 | 公司: 江苏兴农环保科技股份有限公司 | 姓名: 
2026-04-14 16:56:21,352 [INFO] 
处理: 0192_[临时公告]华意隆关于补发公司被纳入失信被执行人的声明公告.pdf
2026-04-14 16:56:21,515 [INFO]   分类: 公司被纳入 | 公司:  | 姓名: 
2026-04-14 16:56:21,515 [INFO] 
处理: 0193_[临时公告]乾元泽孚关于控股子公司被纳入失信被执行人的公告.pdf
2026-04-14 16:56:21,829 [INFO]   分类: 公司被纳入 | 公司: 山东乾元馥华集成建筑科技有限公司，控股子公司 | 姓名: 
2026-04-14 16:56:21,830 [INFO] 
处理: 0194_[临时公告]ST捷尚关于控股子公司被列入失信被执行人的公告.pdf
2026-04-14 16:56:22,054 [INFO]   分类: 公司被纳入 | 公司: 浙江捷信安保技术股份有限公司 | 姓名: 
2026-04-14 16:56:22,055 [INFO] 
处理: 0195_[临时公告]森维园林关于公司及法人被纳入失信被执行人的公告.pdf
2026-04-14 16:56:22,771 [INFO]   分类: 公司被纳入 | 公司: 广东森维园林股份有限公司 | 姓名: 
2026-04-14 16:56:22,771 [INFO] 
处理: 0196_[临时公告]方通客运关于董事、总经理被纳入失信被执行人的公告.pdf
2026-04-14 16:56:23,018 [INFO]   分类: 个人被纳入 | 公司:  | 姓名: 和高级，方通，李桂生
2026-04-14 16:56:23,018 [INFO] 
处理: 0197_[临时公告]ST社忧关于实际控制人被纳入失信被执行人的公告.pdf
2026-04-14 16:56:23,301 [INFO]   分类: 个人被纳入 | 公司:  | 姓名: 胡祝帮
2026-04-14 16:56:23,301 [INFO] 
处理: 0198_[临时公告]ST华盛控关于公司被纳入失信被执行人的公告(补发).pdf
2026-04-14 16:56:23,479 [INFO]   分类: 公司被纳入 | 公司: 华盛科技控股股份有限公司 | 姓名: 
2026-04-14 16:56:23,480 [INFO] 
处理: 0199_[临时公告]ST唯鸿关于子公司被列入失信被执行人的公告(补发).pdf
2026-04-14 16:56:23,687 [INFO]   分类: 公司被纳入 | 公司: 巴中唯鸿生物科技有限公司 | 姓名: 
2026-04-14 16:56:23,687 [INFO] 
处理: 0200_[临时公告]全景网络关于分公司被纳入失信被执行人的公告(补发).pdf
2026-04-14 16:56:23,903 [INFO]   分类: 公司被纳入 | 公司: 北京全景视觉网络科技股份有限公司 | 姓名: 
2026-04-14 16:56:23,903 [INFO] 
处理: 0201_[临时公告]英富森关于补发公司被纳入失信被执行人公告的声明.pdf
2026-04-14 16:56:24,059 [INFO]   分类: 公司被纳入 | 公司:  | 姓名: 
2026-04-14 16:56:24,059 [INFO] 
处理: 0202_[临时公告]ST优森关于子公司被纳入失信被执行人的公告(补发).pdf
2026-04-14 16:56:24,368 [INFO]   分类: 公司被纳入 | 公司: 嵊州优森农资有限公司，控股子公司 | 姓名: 
2026-04-14 16:56:24,368 [INFO] 
处理: 0203_[临时公告]韶华文化关于实际控制人被纳入失信被执行人的公告.pdf
2026-04-14 16:56:24,705 [INFO]   分类: 个人被纳入 | 公司:  | 姓名: 刘忠全
2026-04-14 16:56:24,705 [INFO] 
处理: 0204_[临时公告]澳凯富汇关于董事、监事被纳入失信被执行人的公告(补发).pdf
2026-04-14 16:56:25,079 [INFO]   分类: 个人被纳入 | 公司:  | 姓名: 谢峰
2026-04-14 16:56:25,079 [INFO] 
处理: 0205_[临时公告]火柴互娱关于实际控制人被纳入失信被执行人的公告.pdf
2026-04-14 16:56:25,342 [INFO]   分类: 个人被纳入 | 公司:  | 姓名: 王斌，王秀芬
2026-04-14 16:56:25,342 [INFO] 
处理: 0206_[临时公告]鸿鑫互联关于子公司被纳入失信被执行人的公告(补发).pdf
2026-04-14 16:56:25,996 [INFO]   分类: 公司被纳入 | 公司: 鸿鑫工程有限公司 | 姓名: 
2026-04-14 16:56:25,996 [INFO] 
处理: 0207_[临时公告]ST中科云关于公司被纳入失信被执行人的声明公告.pdf
2026-04-14 16:56:26,158 [INFO]   分类: 公司被纳入 | 公司:  | 姓名: 
2026-04-14 16:56:26,160 [INFO] 
处理: 0208_[临时公告]ST中科云关于公司被纳入失信被执行人的公告(补发).pdf
2026-04-14 16:56:26,393 [INFO]   分类: 公司被纳入 | 公司: 湖北中科云巢信息科技股份有限公司 | 姓名: 
2026-04-14 16:56:26,393 [INFO] 
处理: 0209_[临时公告]凌志股份关于补发子公司被纳入失信被执行人的公告.pdf
2026-04-14 16:56:26,565 [INFO]   分类: 公司被纳入 | 公司: 子公司内蒙古凌志法姆福瑞食品有限公司 | 姓名: 
2026-04-14 16:56:26,565 [INFO] 
处理: 0210_[临时公告]凌志股份关于子公司被纳入失信被执行人的公告(补发).pdf
2026-04-14 16:56:26,898 [INFO]   分类: 公司被纳入 | 公司: 内蒙古凌志法姆福瑞食品有限公司 | 姓名: 
2026-04-14 16:56:26,899 [INFO] 
处理: 0211_[临时公告]ST华盛控关于公司被纳入失信被执行人的公告（一）(补发).pdf
2026-04-14 16:56:27,142 [INFO]   分类: 公司被纳入 | 公司: 华盛科技控股股份有限公司 | 姓名: 
2026-04-14 16:56:27,143 [INFO] 
处理: 0212_[临时公告]德尔能关于补发公司被纳入失信被执行人公告的声明.pdf
2026-04-14 16:56:27,315 [INFO]   分类: 公司被纳入 | 公司:  | 姓名: 
2026-04-14 16:56:27,316 [INFO] 
处理: 0213_[临时公告]土星教育关于子公司被纳入失信被执行人的公告(补发).pdf
2026-04-14 16:56:27,566 [INFO]   分类: 公司被纳入 | 公司: 北京一日为师教育科技有限公司，控股子公司 | 姓名: 
2026-04-14 16:56:27,566 [INFO] 
处理: 0214_[临时公告]棠棣信息关于子公司被纳入失信被执行人的公告(补发).pdf
2026-04-14 16:56:27,879 [INFO]   分类: 公司被纳入 | 公司: 上海棠宝机器人有限公司 | 姓名: 
2026-04-14 16:56:27,880 [INFO] 
处理: 0215_[临时公告]吉华材料 关于实际控制人被纳入失信被执行人的公告.pdf
2026-04-14 16:56:29,043 [INFO]   分类: 个人被纳入 | 公司:  | 姓名: 徐建初
2026-04-14 16:56:29,044 [INFO] 
处理: 0216_[临时公告]ST盛蒂斯关于公司解除被纳入失信被执行人的公告.pdf
2026-04-14 16:56:29,419 [INFO]   分类: 公司被撤销 | 公司: 上海盛蒂斯自动化设备股份有限公司 | 姓名: 
2026-04-14 16:56:29,420 [INFO] 
处理: 0217_[临时公告]普英特关于补发董事被纳入失信被执行人的声明公告.pdf
2026-04-14 16:56:29,707 [INFO]   分类: 个人被纳入 | 公司:  | 姓名: 
2026-04-14 16:56:29,707 [INFO] 
处理: 0218_[临时公告]新卡奔关于补发公司被纳入失信被执行人公告的声明.pdf
2026-04-14 16:56:29,836 [INFO]   分类: 公司被纳入 | 公司: 因涉及诉讼导致公司，奔科技股份有限公司关于公司 | 姓名: 
2026-04-14 16:56:29,837 [INFO] 
处理: 0219_[临时公告]ST盛蒂斯关于公司被纳入失信被执行人的公告(补发).pdf
2026-04-14 16:56:30,186 [INFO]   分类: 公司被纳入 | 公司: 上海盛蒂斯自动化设备股份有限公司 | 姓名: 
2026-04-14 16:56:30,186 [INFO] 
处理: 0220_[临时公告]法兰智联关于公司及实际控制人新增失信信息的公告.pdf
2026-04-14 16:56:30,698 [INFO]   分类: 公司及个人被纳入 | 公司: 深圳市法兰智联股份有限公司 | 姓名: 沈硕果，邱丽纯
2026-04-14 16:56:30,698 [INFO] 
处理: 0221_[临时公告]贵交科关于控股股东被纳入失信被执行人的公告(补发).pdf
2026-04-14 16:56:31,131 [INFO]   分类: 个人被纳入 | 公司:  | 姓名: 关于
2026-04-14 16:56:31,132 [INFO] 
处理: 0222_[临时公告]星光珠宝关于子公司被纳入失信被执行人的公告(补发).pdf
2026-04-14 16:56:31,540 [INFO]   分类: 公司被纳入 | 公司: 阜阳星光珠宝有限公司 | 姓名: 
2026-04-14 16:56:31,541 [INFO] 
处理: 0223_[临时公告]广达新网关于补发公司被纳入失信被执行人公告的声明.pdf
2026-04-14 16:56:31,688 [INFO]   分类: 公司被纳入 | 公司:  | 姓名: 
2026-04-14 16:56:31,689 [INFO] 
处理: 0224_[临时公告]清芝融科关于补发公司被纳入失信被执行人公告的声明.pdf
2026-04-14 16:56:31,886 [INFO]   分类: 公司被纳入 | 公司:  | 姓名: 
2026-04-14 16:56:31,887 [INFO] 
处理: 0225_[临时公告]ST胜龙关于公司新增被纳入失信被执行人情况的公告.pdf
2026-04-14 16:56:32,262 [INFO]   分类: 公司被纳入 | 公司: 北京胜龙科技股份有限公司 | 姓名: 
2026-04-14 16:56:32,264 [INFO] 
处理: 0226_[临时公告]广达新网关于补发公司被纳入失信被执行人公告的声明.pdf
2026-04-14 16:56:32,362 [INFO]   分类: 公司被纳入 | 公司:  | 姓名: 
2026-04-14 16:56:32,362 [INFO] 
处理: 0227_[临时公告]正兴玉关于实际控制人新增被纳入失信被执行人的公告.pdf
2026-04-14 16:56:33,390 [INFO]   分类: 个人被纳入 | 公司:  | 姓名: 陈鸿成
2026-04-14 16:56:33,391 [INFO] 
处理: 0228_[临时公告]ST点点客关于控股子公司被纳入失信被执行人的公告.pdf
2026-04-14 16:56:33,620 [INFO]   分类: 公司被纳入 | 公司: 深圳点点客信息技术有限公司 | 姓名: 
2026-04-14 16:56:33,620 [INFO] 
处理: 0229_[临时公告]埃森普特关于补发公司被纳入失信被执行人公告的声明.pdf
2026-04-14 16:56:33,734 [INFO]   分类: 公司被纳入 | 公司:  | 姓名: 
2026-04-14 16:56:33,734 [INFO] 
处理: 0230_[临时公告]贵交科关于实际控制人被纳入失信被执行人的公告(补发).pdf
2026-04-14 16:56:34,400 [INFO]   分类: 个人被纳入 | 公司:  | 姓名: 魏璐
2026-04-14 16:56:34,401 [INFO] 
处理: 0231_[临时公告]全景网络关于分公司被列为失信被执行人的公告的声明.pdf
2026-04-14 16:56:34,546 [INFO]   分类: 公司被纳入 | 公司:  | 姓名: 
2026-04-14 16:56:34,547 [INFO] 
处理: 0232_[临时公告]广达新网关于补发公司被纳入失信被执行人公告的声明.pdf
2026-04-14 16:56:34,665 [INFO]   分类: 公司被纳入 | 公司:  | 姓名: 
2026-04-14 16:56:34,666 [INFO] 
处理: 0233_[临时公告]大森机电关于公司被纳入失信被执行人的公告 (更正公告).pdf
2026-04-14 16:56:35,146 [INFO]   分类: 公司被纳入 | 公司: 河南大森机电股份有限公司 | 姓名: 
2026-04-14 16:56:35,146 [INFO] 
处理: 0234_[临时公告]鸿鑫互联关于补发公司被纳入失信被执行人的公告声明.pdf
2026-04-14 16:56:35,180 [INFO]   分类:  | 公司:  | 姓名: 
2026-04-14 16:56:35,180 [INFO] 
处理: 0235_[临时公告]原态农业关于控股股东被纳入失信被执行人的补发声明.pdf
2026-04-14 16:56:35,322 [INFO]   分类: 个人被纳入 | 公司:  | 姓名: 
2026-04-14 16:56:35,322 [INFO] 
处理: 0236_[临时公告]远大特材关于公司被纳入失信被执行人公告的补发说明.pdf
2026-04-14 16:56:35,882 [INFO]   分类: 公司被纳入 | 公司:  | 姓名: 
2026-04-14 16:56:35,882 [INFO] 
处理: 0237_[临时公告]正兴玉关于实际控制人新增被纳入失信被执行人的公告.pdf
2026-04-14 16:56:36,526 [INFO]   分类: 个人被纳入 | 公司:  | 姓名: 表示正，陈雪汶，陈鸿成
2026-04-14 16:56:36,527 [INFO] 
处理: 0238_[临时公告]凯英信业补发关于公司被纳入失信被执行人的声明公告.pdf
2026-04-14 16:56:36,686 [INFO]   分类: 公司被纳入 | 公司: 有限公司关于公司，补发关于公司 | 姓名: 
2026-04-14 16:56:36,686 [INFO] 
处理: 0239_[临时公告]长江绿海关于挂牌公司被纳入失信被执行人的公告(补发).pdf
2026-04-14 16:56:36,928 [INFO]   分类: 公司被纳入 | 公司: 长江绿海环境工程股份有限公司 | 姓名: 
2026-04-14 16:56:36,928 [INFO] 
处理: 0240_[临时公告]ST点点客关于控股子公司被纳入失信被执行人的公告.pdf
2026-04-14 16:56:37,151 [INFO]   分类: 公司被纳入 | 公司: 深圳点点客信息技术有限公司 | 姓名: 
2026-04-14 16:56:37,151 [INFO] 
处理: 0241_[临时公告]广达新网关于补发公司被纳入失信被执行人公告的声明.pdf
2026-04-14 16:56:37,244 [INFO]   分类: 公司被纳入 | 公司:  | 姓名: 
2026-04-14 16:56:37,244 [INFO] 
处理: 0242_[临时公告]百汇环保关于补发公司被纳入失信被执行人公告的声明.pdf
2026-04-14 16:56:37,274 [INFO]   分类:  | 公司:  | 姓名: 
2026-04-14 16:56:37,274 [INFO] 
处理: 0243_[临时公告]广达新网关于补发公司被纳入失信被执行人公告的声明.pdf
2026-04-14 16:56:37,294 [INFO]   分类:  | 公司:  | 姓名: 
2026-04-14 16:56:37,295 [INFO] 
处理: 0244_[临时公告]奥莎动力关于补发公司被纳入失信被执行人公告的声明.pdf
2026-04-14 16:56:37,481 [INFO]   分类: 公司被纳入 | 公司: 力集团股份有限公司关于公司 | 姓名: 
2026-04-14 16:56:37,481 [INFO] 
处理: 0245_[临时公告]力天世纪关于补发公司被列入失信被执行人的声明公告.pdf
2026-04-14 16:56:37,504 [INFO]   分类:  | 公司:  | 姓名: 
2026-04-14 16:56:37,504 [INFO] 
处理: 0246_[临时公告]霍普金斯关于补发公司被纳入失信被执行人的声明公告.pdf
2026-04-14 16:56:37,646 [INFO]   分类: 公司被纳入 | 公司: 药研究院股份有限公司关于公司 | 姓名: 
2026-04-14 16:56:37,646 [INFO] 
处理: 0247_[临时公告]中青国际关于补发公司被纳入失信被执行人的说明公告.pdf
2026-04-14 16:56:37,750 [INFO]   分类: 公司被纳入 | 公司:  | 姓名: 
2026-04-14 16:56:37,751 [INFO] 
处理: 0248_[临时公告]美特桥架关于补发公司被纳入失信被执行人的声明公告.pdf
2026-04-14 16:56:37,954 [INFO]   分类: 公司被纳入 | 公司: 限公司关于公司 | 姓名: 
2026-04-14 16:56:37,954 [INFO] 
处理: 0249_[临时公告]正兴玉关于实际控制人新增被纳入失信被执行人的公告.pdf
2026-04-14 16:56:38,428 [INFO]   分类: 个人被纳入 | 公司:  | 姓名: 表示正，陈雪汶，陈鸿成
2026-04-14 16:56:38,428 [INFO] 
处理: 0250_[临时公告]华油科技关于公司子公司被列入失信被执行人的公告(补发).pdf
2026-04-14 16:56:38,762 [INFO]   分类: 公司被纳入 | 公司: 公司子公司，西安地标石油技术有限公司，西安地标石油科技有限公司 | 姓名: 
2026-04-14 16:56:38,762 [INFO] 
处理: 0251_[临时公告]韶华文化关于实际控制人被移出失信被执行人名单的公告.pdf
2026-04-14 16:56:38,932 [INFO]   分类: 个人被撤销 | 公司:  | 姓名: 刘忠全，林莉
2026-04-14 16:56:38,932 [INFO] 
处理: 0252_[临时公告]天房科技关于控股股东被纳入失信被执行人的公告（补发）(补发).pdf
2026-04-14 16:56:39,121 [INFO]   分类: 个人被纳入 | 公司: 天津房地产集团有限公司 | 姓名: 
2026-04-14 16:56:39,122 [INFO] 
处理: 0253_[临时公告]兴邦光电公司实际控制人、董事长被纳入失信被执行人公告.pdf
2026-04-14 16:56:39,379 [INFO]   分类: 个人被纳入 | 公司:  | 姓名: 孙邦祥
2026-04-14 16:56:39,380 [INFO] 
处理: 0254_[临时公告]英网股份关于公司实际控制人被纳入失信被执行人的公告.pdf
2026-04-14 16:56:39,746 [INFO]   分类: 个人被纳入 | 公司:  | 姓名: 初殿松，尉红梅
2026-04-14 16:56:39,746 [INFO] 
处理: 0255_[临时公告]建装业关于公司被纳入失信被执行人的公告（补发）的声明公告.pdf
2026-04-14 16:56:39,890 [INFO]   分类: 公司被纳入 | 公司: 建装业集团股份有限公司 | 姓名: 
2026-04-14 16:56:39,890 [INFO] 
处理: 0256_[临时公告]建装业关于公司被纳入失信被执行人的公告（补发）的声明公告.pdf
2026-04-14 16:56:40,039 [INFO]   分类: 公司被纳入 | 公司: 装业集团股份有限公司 | 姓名: 
2026-04-14 16:56:40,039 [INFO] 
处理: 0257_[临时公告]图灵汽车关于北京分公司被纳入失信被执行人的公告(补发).pdf
2026-04-14 16:56:40,433 [INFO]   分类: 公司被纳入 | 公司: 北京分公司，天津图灵汽车科技股份有限公司北京分公司 | 姓名: 
2026-04-14 16:56:40,435 [INFO] 
处理: 0258_[临时公告]华丽包装关于公司实际控制人被纳入失信被执行人的公告.pdf
2026-04-14 16:56:40,784 [INFO]   分类: 个人被纳入 | 公司:  | 姓名: 代建设
2026-04-14 16:56:40,784 [INFO] 
处理: 0259_[临时公告]方通客运关于董事、总经理解除被纳入失信被执行人的公告.pdf
2026-04-14 16:56:41,046 [INFO]   分类: 个人被撤销 | 公司:  | 姓名: 和高级，李桂生
2026-04-14 16:56:41,046 [INFO] 
处理: 0260_[临时公告]建装业关于公司被纳入失信被执行人的公告(补发)的声明公告.pdf
2026-04-14 16:56:41,136 [INFO]   分类: 公司被纳入 | 公司: 建装业集团股份有限公司 | 姓名: 
2026-04-14 16:56:41,136 [INFO] 
处理: 0261_[临时公告]黑尊生物关于公司控股子公司被纳入失信被执行人的公告.pdf
2026-04-14 16:56:41,406 [INFO]   分类: 公司被纳入 | 公司: 东宁黑尊生物科技有限公司 | 姓名: 
2026-04-14 16:56:41,406 [INFO] 
处理: 0262_[临时公告]星晨互联关于子公司被列入严重违法失信企业名单的公告.pdf
2026-04-14 16:56:41,479 [INFO]   分类: 公司被纳入 | 公司:  | 姓名: 
2026-04-14 16:56:41,480 [INFO] 
处理: 0263_[临时公告]易元堂关于公司及实际控制人被纳入失信被执行人的公告.pdf
2026-04-14 16:56:41,878 [INFO]   分类: 公司及个人被纳入 | 公司: 安徽易元堂国药股份有限公司 | 姓名: 王辉
2026-04-14 16:56:41,879 [INFO] 
处理: 0264_[临时公告]建装业关于公司被纳入失信被执行人的公告（补发）的声明公告.pdf
2026-04-14 16:56:41,975 [INFO]   分类: 公司被纳入 | 公司: 装业集团股份有限公司 | 姓名: 
2026-04-14 16:56:41,975 [INFO] 
处理: 0265_[临时公告]ST华盛控关于补发公司被纳入失信被执行人的声明公告.pdf
2026-04-14 16:56:42,098 [INFO]   分类: 公司被纳入 | 公司: 华盛科技控股股份有限公司 | 姓名: 
2026-04-14 16:56:42,098 [INFO] 
处理: 0266_[临时公告]ST唯鸿关于补发子公司被纳入失信被执行人公告的声明.pdf
2026-04-14 16:56:42,205 [INFO]   分类: 公司被纳入 | 公司:  | 姓名: 
2026-04-14 16:56:42,205 [INFO] 
处理: 0267_[临时公告]中实能源关于实际控制人、董事被纳入失信被执行人的公告.pdf
2026-04-14 16:56:42,373 [INFO]   分类: 个人被纳入 | 公司:  | 姓名: 陈斌
2026-04-14 16:56:42,373 [INFO] 
处理: 0268_[临时公告]昊星文化关于公司董事长被纳入失信联合惩戒对象的公告.pdf
2026-04-14 16:56:42,598 [INFO]   分类: 个人被纳入 | 公司:  | 姓名: 洪伟
2026-04-14 16:56:42,598 [INFO] 
处理: 0269_[临时公告]国臻堂关于补发公司被纳入失信被执行人公告的声明公告.pdf
2026-04-14 16:56:42,756 [INFO]   分类: 公司被纳入 | 公司:  | 姓名: 
2026-04-14 16:56:42,757 [INFO] 
处理: 0270_[临时公告]ST贵之步关于公司新增被纳入失信被执行人的公告(补发).pdf
2026-04-14 16:56:42,956 [INFO]   分类: 公司被纳入 | 公司: 湖南贵之步科教股份有限公司 | 姓名: 
2026-04-14 16:56:42,956 [INFO] 
处理: 0271_[临时公告]赞普科技关于全资子公司被纳入失信被执行人的公告(补发).pdf
2026-04-14 16:56:43,274 [INFO]   分类: 公司被纳入 | 公司: 天津晟信通达科技有限公司，知悉全资子公司 | 姓名: 
2026-04-14 16:56:43,274 [INFO] 
处理: 0272_[临时公告]中航前海关于控股股东、实控人新增失信被执行记录的公告.pdf
2026-04-14 16:56:43,541 [INFO]   分类: 个人被纳入 | 公司:  | 姓名: 连志杰
2026-04-14 16:56:43,542 [INFO] 
处理: 0273_[临时公告]贵交科关于控股股东被纳入失信被执行人的公告(更正公告).pdf
2026-04-14 16:56:43,800 [INFO]   分类: 个人被纳入 | 公司:  | 姓名: 
2026-04-14 16:56:43,800 [INFO] 
处理: 0274_[临时公告]鸿鑫互联关于补发子公司被纳入失信被执行人的公告声明.pdf
2026-04-14 16:56:43,820 [INFO]   分类:  | 公司:  | 姓名: 
2026-04-14 16:56:43,821 [INFO] 
处理: 0275_[临时公告]ST瓷爵士关于控股股东被纳入失信被执行人的公告(补发).pdf
2026-04-14 16:56:44,207 [INFO]   分类: 个人被纳入 | 公司: 李山投资集团有限公司 | 姓名: 
2026-04-14 16:56:44,208 [INFO] 
处理: 0276_[临时公告]德尔能关于公司及实际控制人被纳入失信被执行人的公告.pdf
2026-04-14 16:56:44,606 [INFO]   分类: 公司及个人被纳入 | 公司: 东莞市德尔能新能源股份有限公司 | 姓名: 刘厚德
2026-04-14 16:56:44,606 [INFO] 
处理: 0277_[临时公告]雪郎生物关于董事方家健被纳入失信被执行人的公告(补发).pdf
2026-04-14 16:56:44,853 [INFO]   分类: 个人被纳入 | 公司:  | 姓名: 方家健
2026-04-14 16:56:44,854 [INFO] 
处理: 0278_[临时公告]土星教育关于子公司被纳入失信被执行人的补发声明公告.pdf
2026-04-14 16:56:44,947 [INFO]   分类: 公司被纳入 | 公司: 由于案件执行子公司 | 姓名: 
2026-04-14 16:56:44,947 [INFO] 
处理: 0279_[临时公告]赞普科技关于全资子公司被纳入失信被执行人的公告(补发).pdf
2026-04-14 16:56:45,369 [INFO]   分类: 公司被纳入 | 公司: 天津迅闪网络技术有限公司，知悉全资子公司 | 姓名: 
2026-04-14 16:56:45,370 [INFO] 
处理: 0280_[临时公告]决胜股份关于公司被纳入失信被执行人的公告的补发声明.pdf
2026-04-14 16:56:45,502 [INFO]   分类: 公司被纳入 | 公司: 决胜教育科技集团股份有限公司，集团股份有限公司关于公司 | 姓名: 
2026-04-14 16:56:45,502 [INFO] 
处理: 0281_[临时公告]中实能源关于实际控制人、董事被纳入失信被执行人的公告.pdf
2026-04-14 16:56:45,755 [INFO]   分类: 个人被纳入 | 公司:  | 姓名: 陈斌
2026-04-14 16:56:45,756 [INFO] 
处理: 0282_[临时公告]宏良皮业关于公司及相关主体被纳入失信被执行人的公告.pdf
2026-04-14 16:56:45,984 [INFO]   分类: 公司被纳入 | 公司: 甘肃宏良皮业股份有限公司 | 姓名: 
2026-04-14 16:56:45,985 [INFO] 
处理: 0283_[临时公告]童石网络关于公司、控股股东、董事被纳入失信被执行人的公告.pdf
2026-04-14 16:56:46,348 [INFO]   分类: 公司及个人被纳入 | 公司: 上海童石网络科技股份有限公司 | 姓名: 庞冉冉，王红君
2026-04-14 16:56:46,348 [INFO] 
处理: 0284_[临时公告]ST广建关于实际控制人被纳入失信被执行人的公告(补发).pdf
2026-04-14 16:56:46,668 [INFO]   分类: 个人被纳入 | 公司:  | 姓名: 李云
2026-04-14 16:56:46,668 [INFO] 
处理: 0285_[临时公告]ST盛蒂斯关于补发公司被纳入失信被执行人公告的说明.pdf
2026-04-14 16:56:46,835 [INFO]   分类: 公司被纳入 | 公司:  | 姓名: 
2026-04-14 16:56:46,835 [INFO] 
处理: 0286_[临时公告]贵交科关于控股股东被列为失信被执行人公告的补发声明.pdf
2026-04-14 16:56:47,010 [INFO]   分类: 不属于失信人 | 公司:  | 姓名: 
2026-04-14 16:56:47,010 [INFO] 
处理: 0287_[临时公告]明朗智能关于挂牌公司从失信被执行人名单中撤销的公告.pdf
2026-04-14 16:56:47,520 [INFO]   分类: 个人被撤销 | 公司: 广东明朗智能科技股份有限公司 | 姓名: 
2026-04-14 16:56:47,520 [INFO] 
处理: 0288_[临时公告]景尚旅业关于控股子公司被纳入失信被执行人的公告(补发).pdf
2026-04-14 16:56:47,786 [INFO]   分类: 公司被纳入 | 公司: 常州浩瀚国际旅行社有限公司 | 姓名: 
2026-04-14 16:56:47,787 [INFO] 
处理: 0289_[临时公告]派尔科关于补发子公司被纳入失信被执行人的公告声明公告.pdf
2026-04-14 16:56:47,955 [INFO]   分类: 公司被纳入 | 公司:  | 姓名: 
2026-04-14 16:56:47,955 [INFO] 
处理: 0290_[临时公告]钰景园林关于控股股东被纳入失信被执行人新增案件的公告.pdf
2026-04-14 16:56:48,455 [INFO]   分类: 个人被纳入 | 公司:  | 姓名: 
2026-04-14 16:56:48,456 [INFO] 
处理: 0291_[临时公告]宏力能源关于公司及公司子公司被列入失信被执行人的公告.pdf
2026-04-14 16:56:48,800 [INFO]   分类: 公司被纳入 | 公司: 山东宏力热泵能源股份有限公司，山东宏力节能服务有限公司 | 姓名: 
2026-04-14 16:56:48,801 [INFO] 
处理: 0292_[临时公告]钰景园林关于控股股东被纳入失信被执行人新增案件的公告.pdf
2026-04-14 16:56:49,110 [INFO]   分类: 个人被纳入 | 公司:  | 姓名: 
2026-04-14 16:56:49,110 [INFO] 
处理: 0293_[临时公告]华茂林业关于补发监事被纳入失信被执行人公告的声明公告.pdf
2026-04-14 16:56:49,229 [INFO]   分类: 个人被纳入 | 公司:  | 姓名: 郑磊
2026-04-14 16:56:49,229 [INFO] 
处理: 0294_[临时公告]钰景园林关于控股股东被纳入失信被执行人新增案件的公告.pdf
2026-04-14 16:56:49,743 [INFO]   分类: 个人被纳入 | 公司:  | 姓名: 
2026-04-14 16:56:49,743 [INFO] 
处理: 0295_[临时公告]ST欢乐关于补发公司被纳入失信被执行人公告的声明公告.pdf
2026-04-14 16:56:49,866 [INFO]   分类: 公司被纳入 | 公司:  | 姓名: 
2026-04-14 16:56:49,867 [INFO] 
处理: 0296_[临时公告]钰景园林关于控股股东被纳入失信被执行人新增案件的公告.pdf
2026-04-14 16:56:50,280 [INFO]   分类: 个人被纳入 | 公司:  | 姓名: 
2026-04-14 16:56:50,280 [INFO] 
处理: 0297_[临时公告]ST量子花关于公司及实际控制人被纳入失信被执行人的公告.pdf
2026-04-14 16:56:50,673 [INFO]   分类: 公司及个人被纳入 | 公司: 上海量子花光艺科技股份有限公司 | 姓名: 恽为民
2026-04-14 16:56:50,674 [INFO] 
处理: 0298_[临时公告]天润生态关于控股股东、实际控制人被纳入失信被执行人公告的.pdf
2026-04-14 16:56:50,840 [INFO]   分类: 个人被纳入 | 公司:  | 姓名: 
2026-04-14 16:56:50,841 [INFO] 
处理: 0299_[临时公告]ST威诺关于公司被纳入失信被执行人的公告之补发声明公告.pdf
2026-04-14 16:56:50,994 [INFO]   分类: 公司被纳入 | 公司:  | 姓名: 
2026-04-14 16:56:50,994 [INFO] 
处理: 0300_[临时公告]钰景园林关于控股股东被纳入失信被执行人新增案件的公告.pdf
2026-04-14 16:56:51,187 [INFO]   分类: 个人被纳入 | 公司:  | 姓名: 
2026-04-14 16:56:51,187 [INFO] 
处理: 0301_[临时公告]ST中科云关于公司、子公司、孙公司被纳入失信被执行人的公告.pdf
2026-04-14 16:56:51,594 [INFO]   分类: 公司被纳入 | 公司: 北京中科云巢信息科技有限公司，合肥中科云巢科技有限公司，湖北中科云巢信息科技股份有限公司 | 姓名: 
2026-04-14 16:56:51,594 [INFO] 
处理: 0302_[临时公告]钰景园林关于控股股东被纳入失信被执行人新增案件的公告.pdf
2026-04-14 16:56:52,244 [INFO]   分类: 个人被纳入 | 公司:  | 姓名: 
2026-04-14 16:56:52,245 [INFO] 
处理: 0303_[临时公告]ST欢乐关于补发公司被纳入失信被执行人公告的声明公告.pdf
2026-04-14 16:56:52,364 [INFO]   分类: 公司被纳入 | 公司:  | 姓名: 
2026-04-14 16:56:52,364 [INFO] 
处理: 0304_[临时公告]维尔思关于控股股东、实际控制人被纳入失信被执行人的公告.pdf
2026-04-14 16:56:53,043 [INFO]   分类: 个人被纳入 | 公司:  | 姓名: 邢青松，高翠芳
2026-04-14 16:56:53,044 [INFO] 
处理: 0305_[临时公告]ST弛达关于补发公司被列入失信被执行人公告的声明公告.pdf
2026-04-14 16:56:53,207 [INFO]   分类:  | 公司:  | 姓名: 
2026-04-14 16:56:53,207 [INFO] 
处理: 0306_[临时公告]贵交科关于控股股东及实际控制人被纳入失信被执行人的公告.pdf
2026-04-14 16:56:53,530 [INFO]   分类: 个人被纳入 | 公司:  | 姓名: 魏璐
2026-04-14 16:56:53,530 [INFO] 
处理: 0307_[临时公告]钰景园林关于控股股东被纳入失信被执行人新增案件的公告.pdf
2026-04-14 16:56:54,084 [INFO]   分类: 个人被纳入 | 公司:  | 姓名: 
2026-04-14 16:56:54,085 [INFO] 
处理: 0308_[券商公告]奔腾集团实际控制人被列为失信被执行人的风险提示性公告.pdf
2026-04-14 16:56:54,674 [INFO]   分类: 其他 | 公司:  | 姓名: 张郁达
2026-04-14 16:56:54,674 [INFO] 
处理: 0309_[临时公告]ST点点客关于公司、控股子公司被纳入失信被执行人的公告.pdf
2026-04-14 16:56:55,580 [INFO]   分类: 公司被纳入 | 公司: 控股子公司，深圳点点客信息技术有限公司，点点客信息技术股份有限公司 | 姓名: 
2026-04-14 16:56:55,580 [INFO] 
处理: 0310_[临时公告]贵交科关于实际控制人被纳入失信被执行人公告的补发声明.pdf
2026-04-14 16:56:55,723 [INFO]   分类: 个人被纳入 | 公司:  | 姓名: 魏璐因
2026-04-14 16:56:55,723 [INFO] 
处理: 0311_[临时公告]永乐文化关于公司及实际控制人被纳入失信被执行人的公告.pdf
2026-04-14 16:56:56,043 [INFO]   分类: 公司及个人被纳入 | 公司: 北京春秋永乐文化传播股份有限公司 | 姓名: 杨波
2026-04-14 16:56:56,043 [INFO] 
处理: 0312_[临时公告]ST量子花关于公司及子公司被纳入失信被执行人的公告(补发).pdf
2026-04-14 16:56:56,985 [INFO]   分类: 公司被纳入 | 公司: 上海量子花光艺科技股份有限公司，及子公司，盐城新光子科技有限公司 | 姓名: 
2026-04-14 16:56:56,985 [INFO] 
处理: 0313_[临时公告]ST贵之步关于补发公司新增被纳入失信被执行人公告的声明.pdf
2026-04-14 16:56:57,111 [INFO]   分类: 公司被纳入 | 公司:  | 姓名: 
2026-04-14 16:56:57,111 [INFO] 
处理: 0314_[临时公告]赞普科技关于补发全资子公司被纳入失信被执行人公告的说明.pdf
2026-04-14 16:56:57,266 [INFO]   分类: 公司被纳入 | 公司: 有限公司关于全资子公司，赞普科技股份有限公司关于全资子公司 | 姓名: 
2026-04-14 16:56:57,266 [INFO] 
处理: 0315_[临时公告]力好科技公司、控股股东、实际控制人被列入失信被执行人的公告.pdf
2026-04-14 16:56:57,566 [INFO]   分类: 公司及个人被纳入 | 公司: 江西力好新能源科技股份有限公司 | 姓名: 蔡桓
2026-04-14 16:56:57,566 [INFO] 
处理: 0316_[临时公告]力好科技关于补发子公司被列入失信被执行人公告的声明公告.pdf
2026-04-14 16:56:57,686 [INFO]   分类: 公司被纳入 | 公司:  | 姓名: 
2026-04-14 16:56:57,686 [INFO] 
处理: 0317_[临时公告]益家食品关于董事朱静被纳入失信联合惩戒对象的公告(补发).pdf
2026-04-14 16:56:57,943 [INFO]   分类: 个人被纳入 | 公司:  | 姓名: 朱静
2026-04-14 16:56:57,943 [INFO] 
处理: 0318_[临时公告]ST盛蒂斯关于公司被纳入失信被执行人并解除的公告(补发).pdf
2026-04-14 16:56:58,312 [INFO]   分类: 公司被纳入 | 公司: 上海盛蒂斯自动化设备股份有限公司 | 姓名: 
2026-04-14 16:56:58,312 [INFO] 
处理: 0319_[临时公告]维尔思关于控股股东、实际控制人被纳入失信被执行人的公告.pdf
2026-04-14 16:56:58,561 [INFO]   分类: 个人被纳入 | 公司:  | 姓名: 邢青松，高翠芳
2026-04-14 16:56:58,562 [INFO] 
处理: 0320_[临时公告]原态农业关于控股股东新增被纳入失信被执行人的公告(补发).pdf
2026-04-14 16:56:58,813 [INFO]   分类: 个人被纳入 | 公司: 李山投资集团有限公司 | 姓名: 关于，李山
2026-04-14 16:56:58,813 [INFO] 
处理: 0321_[临时公告]ST华盛控关于补发公司被纳入失信被执行人的声明公告（一）.pdf
2026-04-14 16:56:59,006 [INFO]   分类: 公司被纳入 | 公司: 华盛科技控股股份有限公司 | 姓名: 
2026-04-14 16:56:59,006 [INFO] 
处理: 0322_[临时公告]ST元亨利公司及实际控制人被纳入失信被执行人的公告(补发).pdf
2026-04-14 16:56:59,254 [INFO]   分类: 公司及个人被纳入 | 公司: 元亨利珠宝股份有限公司 | 姓名: 谢宗选，黄旭文
2026-04-14 16:56:59,255 [INFO] 
处理: 0323_[临时公告]ST华盛控关于补发公司被纳入失信被执行人的声明公告（二）.pdf
2026-04-14 16:56:59,398 [INFO]   分类: 公司被纳入 | 公司: 华盛科技控股股份有限公司 | 姓名: 
2026-04-14 16:56:59,398 [INFO] 
处理: 0324_[临时公告]ST点点客关于公司、控股子公司被纳入失信被执行人的公告.pdf
2026-04-14 16:57:00,826 [INFO]   分类: 公司被纳入 | 公司: 控股子公司，深圳点点客信息技术有限公司，深圳点点客信息技术有限公司广州分公司，点点客信息技术股份有限公司 | 姓名: 
2026-04-14 16:57:00,826 [INFO] 
处理: 0325_[临时公告]宇航重工关于补发公司被纳入失信被执行人公告的说明公告.pdf
2026-04-14 16:57:00,968 [INFO]   分类: 公司被纳入 | 公司:  | 姓名: 
2026-04-14 16:57:00,968 [INFO] 
处理: 0326_[临时公告]长江绿海关于挂牌公司被纳入失信被执行人公告的补发声明.pdf
2026-04-14 16:57:01,170 [INFO]   分类: 公司被纳入 | 公司:  | 姓名: 
2026-04-14 16:57:01,170 [INFO] 
处理: 0327_[临时公告]益家食品关于董事朱静被纳入失信联合惩戒对象的公告(补发).pdf
2026-04-14 16:57:01,432 [INFO]   分类: 个人被纳入 | 公司:  | 姓名: 朱静
2026-04-14 16:57:01,433 [INFO] 
处理: 0328_[临时公告]赞普科技关于补发全资子公司被纳入失信被执行人公告的说明.pdf
2026-04-14 16:57:01,634 [INFO]   分类: 公司被纳入 | 公司: 天津赞普科技股份有限公司关于全资子公司 | 姓名: 
2026-04-14 16:57:01,634 [INFO] 
处理: 0329_[临时公告]筑龙股份关于实际控制人、董事长被移出失信被执行人的公告.pdf
2026-04-14 16:57:01,775 [INFO]   分类: 个人被撤销 | 公司:  | 姓名: 毛晨阳
2026-04-14 16:57:01,775 [INFO] 
处理: 0330_[临时公告]黑尊生物关于公司控股子公司被纳入失信被执行人的公告(补发).pdf
2026-04-14 16:57:02,111 [INFO]   分类: 公司被纳入 | 公司: 东宁黑尊生物科技有限公司，控股子公司 | 姓名: 
2026-04-14 16:57:02,111 [INFO] 
处理: 0331_[临时公告]ST广建关于公司控股股东被纳入失信被执行人的公告(补发).pdf
2026-04-14 16:57:02,427 [INFO]   分类: 个人被纳入 | 公司: 重庆泰清企业管理咨询有限公司 | 姓名: 
2026-04-14 16:57:02,427 [INFO] 
处理: 0332_[临时公告]中实能源关于公司高级管理人员被移出失信被执行人的公告.pdf
2026-04-14 16:57:02,599 [INFO]   分类: 个人被撤销 | 公司:  | 姓名: 
2026-04-14 16:57:02,599 [INFO] 
处理: 0333_[临时公告]星光珠宝关于挂牌公司及子公司被纳入失信被执行人的公告.pdf
2026-04-14 16:57:02,920 [INFO]   分类: 公司被纳入 | 公司: 星光珠宝集团股份有限公司 | 姓名: 
2026-04-14 16:57:02,920 [INFO] 
处理: 0334_[临时公告]泰然科技关于公司控股股东被纳入失信被执行人的公告(补发).pdf
2026-04-14 16:57:03,159 [INFO]   分类: 个人被纳入 | 公司: 山东泰然集团有限公司 | 姓名: 
2026-04-14 16:57:03,159 [INFO] 
处理: 0335_[临时公告]金兴管业关于董事长及总经理被纳入失信被执行人的公告(补发).pdf
2026-04-14 16:57:03,465 [INFO]   分类: 个人被纳入 | 公司:  | 姓名: 梁日梅
2026-04-14 16:57:03,465 [INFO] 
处理: 0336_[临时公告]沃顿股份关于公司控股股东被纳入失信被执行人的公告(补发).pdf
2026-04-14 16:57:03,722 [INFO]   分类: 个人被纳入 | 公司: 广东沃顿实业集团有限公司 | 姓名: 
2026-04-14 16:57:03,722 [INFO] 
处理: 0337_[临时公告]ST兴农关于补发公司被纳入失信被执行人公告的声明公告.pdf
2026-04-14 16:57:03,874 [INFO]   分类: 公司被纳入 | 公司:  | 姓名: 
2026-04-14 16:57:03,874 [INFO] 
处理: 0338_[临时公告]金兴管业关于控股股东、实际控制人被纳入失信被执行人的公告.pdf
2026-04-14 16:57:04,119 [INFO]   分类: 个人被纳入 | 公司:  | 姓名: 张文才
2026-04-14 16:57:04,120 [INFO] 
处理: 0339_[临时公告]星光珠宝关于补发子公司被纳入失信被执行人公告的声明公告.pdf
2026-04-14 16:57:04,173 [INFO]   分类: 公司被纳入 | 公司:  | 姓名: 
2026-04-14 16:57:04,173 [INFO] 
处理: 0340_[临时公告]鼎义互联关于公司及公司控股子公司被纳入失信被执行人的公告.pdf
2026-04-14 16:57:04,448 [INFO]   分类: 公司被纳入 | 公司: 广东鼎义互联科技股份有限公司 | 姓名: 
2026-04-14 16:57:04,448 [INFO] 
处理: 0341_[临时公告]宏良皮业关于公司、子公司及相关主体被纳入失信被执行人的公告(补发).pdf
2026-04-14 16:57:04,852 [INFO]   分类: 公司被纳入 | 公司: 江门市风尚皮革有限公司，甘肃宏良皮业股份有限公司 | 姓名: 
2026-04-14 16:57:04,852 [INFO] 
处理: 0342_[临时公告]华油科技关于公司子公司被纳入失信被执行人的公告的补发说明.pdf
2026-04-14 16:57:05,042 [INFO]   分类: 公司被纳入 | 公司:  | 姓名: 
2026-04-14 16:57:05,042 [INFO] 
处理: 0343_[临时公告]大森机电关于控股股东、实际控制人被纳入失信被执行人的公告 (补发).pdf
2026-04-14 16:57:05,343 [INFO]   分类: 个人被纳入 | 公司:  | 姓名: 赵晓东
2026-04-14 16:57:05,344 [INFO] 
处理: 0344_[临时公告]弘祥隆关于实际控制人被纳入失信被执行人新增案件的公告(补发).pdf
2026-04-14 16:57:05,775 [INFO]   分类: 个人被纳入 | 公司:  | 姓名: 何劲松
2026-04-14 16:57:05,775 [INFO] 
处理: 0345_[临时公告]天润生态关于控股股东及实际控制人被纳入失信被执行人的公告.pdf
2026-04-14 16:57:05,993 [INFO]   分类: 个人被纳入 | 公司:  | 姓名: 李少励，表示正
2026-04-14 16:57:05,994 [INFO] 
处理: 0346_[临时公告]恒宇科技关于河南分公司被列入严重违法失信企业名单的公告(补发).pdf
2026-04-14 16:57:06,157 [INFO]   分类: 公司被纳入 | 公司:  | 姓名: 
2026-04-14 16:57:06,157 [INFO] 
处理: 0347_[临时公告]恒宇科技关于河南分公司被列入严重违法失信企业名单公告的说明.pdf
2026-04-14 16:57:06,276 [INFO]   分类: 公司被纳入 | 公司:  | 姓名: 
2026-04-14 16:57:06,277 [INFO] 
处理: 0348_[临时公告]图灵汽车关于补发北京分公司被纳入失信被执行人公告的声明公告.pdf
2026-04-14 16:57:06,390 [INFO]   分类: 公司被纳入 | 公司: 北京分公司，天津图灵汽车科技股份有限公司关于北京分公司 | 姓名: 
2026-04-14 16:57:06,390 [INFO] 
处理: 0349_[临时公告]清芝融科关于公司及实际控制人被纳入失信被执行人的公告(补发).pdf
2026-04-14 16:57:06,671 [INFO]   分类: 公司及个人被纳入 | 公司: 清芝融科商用机器股份有限公司 | 姓名: 吴卫
2026-04-14 16:57:06,672 [INFO] 
处理: 0350_[临时公告]中加飞机关于公司、控股股东、实际控制人被纳入失信被执行人的公告.pdf
2026-04-14 16:57:07,138 [INFO]   分类: 公司及个人被纳入 | 公司:  | 姓名: 凌凯礼
2026-04-14 16:57:07,138 [INFO] 
处理: 0351_[临时公告]法兰智联关于公司及实际控制人新增失信被执行人信息的公告(补发).pdf
2026-04-14 16:57:07,755 [INFO]   分类: 公司及个人被纳入 | 公司: 深圳市法兰智联股份有限公司，针对公司 | 姓名: 沈硕果，邱丽纯
2026-04-14 16:57:07,755 [INFO] 
处理: 0352_[临时公告]易元堂关于补发公司及实际控制人被纳入失信被执行人公告的声明.pdf
2026-04-14 16:57:07,861 [INFO]   分类: 公司及个人被纳入 | 公司:  | 姓名: 
2026-04-14 16:57:07,861 [INFO] 
处理: 0353_[临时公告]五八汽车关于董事及高级管理人员被移出失信被执行人名单的公告.pdf
2026-04-14 16:57:08,086 [INFO]   分类: 个人被撤销 | 公司:  | 姓名: 丛林已
2026-04-14 16:57:08,086 [INFO] 
处理: 0354_[临时公告]ST华晟关于公司及子公司、公司董事被纳入失信被执行人的公告(补发).pdf
2026-04-14 16:57:08,427 [INFO]   分类: 公司及个人被纳入 | 公司:  | 姓名: 陈永彬
2026-04-14 16:57:08,427 [INFO] 
处理: 0355_[临时公告]森维园林关于公司及全资子公司被纳入失信被执行人的公告(补发).pdf
2026-04-14 16:57:08,783 [INFO]   分类: 公司被纳入 | 公司: 及全资子公司，广东森维园林股份有限公司，广东绿发园林工程有限公司 | 姓名: 
2026-04-14 16:57:08,784 [INFO] 
处理: 0356_[临时公告]森维园林关于补发公司及全资子公司被列为失信执行人公告的声明.pdf
2026-04-14 16:57:08,903 [INFO]   分类: 公司被纳入 | 公司:  | 姓名: 
2026-04-14 16:57:08,903 [INFO] 
处理: 0357_[临时公告]五八汽车关于补发挂牌公司被纳入失信被执行人公告的声明公告.pdf
2026-04-14 16:57:09,100 [INFO]   分类: 公司被纳入 | 公司:  | 姓名: 
2026-04-14 16:57:09,100 [INFO] 
处理: 0358_[临时公告]万家天能关于实际控制人、董事江鸿被纳入失信被执行人的公告(补发).pdf
2026-04-14 16:57:09,320 [INFO]   分类: 个人被纳入 | 公司:  | 姓名: 江鸿正
2026-04-14 16:57:09,320 [INFO] 
处理: 0359_[临时公告]益家食品关于控股股东、实际控制人被纳入失信被执行人的公告(补发).pdf
2026-04-14 16:57:09,540 [INFO]   分类: 个人被纳入 | 公司:  | 姓名: 章仁勇
2026-04-14 16:57:09,540 [INFO] 
处理: 0360_[临时公告]华丽包装关于公司及公司实际控制人被纳入失信被执行人的公告.pdf
2026-04-14 16:57:09,948 [INFO]   分类: 公司及个人被纳入 | 公司: 河南华丽纸业包装股份有限公司 | 姓名: 代建设
2026-04-14 16:57:09,949 [INFO] 
处理: 0361_[临时公告]ST盛蒂斯关于补发公司被纳入失信被执行人并解除的公告的说明.pdf
2026-04-14 16:57:10,068 [INFO]   分类: 公司被纳入 | 公司:  | 姓名: 
2026-04-14 16:57:10,069 [INFO] 
处理: 0362_[临时公告]中航前海关于公司控股股东新增被列入失信被执行人事项的公告.pdf
2026-04-14 16:57:10,349 [INFO]   分类: 个人被纳入 | 公司:  | 姓名: 连志杰
2026-04-14 16:57:10,349 [INFO] 
处理: 0363_[临时公告]大境生态关于控股股东、实际控制人、董事长被纳入失信被执行人的公告.pdf
2026-04-14 16:57:10,595 [INFO]   分类: 个人被纳入 | 公司:  | 姓名: 依法，赵家永
2026-04-14 16:57:10,595 [INFO] 
处理: 0364_[临时公告]ST万星关于公司、实际控制人及董事被纳入失信被执行人的公告(补发).pdf
2026-04-14 16:57:11,207 [INFO]   分类: 公司及个人被纳入 | 公司: 湖北万星面业股份有限公司 | 姓名: 孙焕青，郭志刚
2026-04-14 16:57:11,208 [INFO] 
处理: 0365_[临时公告]钰景园林关于控股股东、实际控制人被纳入失信被执行人的公告(补发).pdf
2026-04-14 16:57:11,514 [INFO]   分类: 个人被纳入 | 公司:  | 姓名: 陈建铭
2026-04-14 16:57:11,515 [INFO] 
处理: 0366_[临时公告]中通网络关于公司控股股东、董事长、总经理被纳入失信被执行人的公告.pdf
2026-04-14 16:57:11,775 [INFO]   分类: 个人被纳入 | 公司:  | 姓名: 董国杰
2026-04-14 16:57:11,775 [INFO] 
处理: 0367_[临时公告]益家食品关于补发公司董事被纳入失信联合惩戒对象的声明公告.pdf
2026-04-14 16:57:11,863 [INFO]   分类: 个人被纳入 | 公司:  | 姓名: 朱静
2026-04-14 16:57:11,863 [INFO] 
处理: 0368_[临时公告]易点科技关于控股股东、实际控制人被纳入失信被执行人的公告(补发).pdf
2026-04-14 16:57:12,212 [INFO]   分类: 个人被纳入 | 公司:  | 姓名: 宋春影，易继先
2026-04-14 16:57:12,212 [INFO] 
处理: 0369_[临时公告]ST元亨利公司及实际控制人被纳入失信被执行人名单的公告(补发).pdf
2026-04-14 16:57:12,484 [INFO]   分类: 公司及个人被纳入 | 公司: 元亨利珠宝股份有限公司 | 姓名: 黄旭文
2026-04-14 16:57:12,484 [INFO] 
处理: 0370_[临时公告]ST一恒贞关于公司及实际控制人被列入失信被执行人名单的公告.pdf
2026-04-14 16:57:12,984 [INFO]   分类: 公司及个人被纳入 | 公司: 河南一恒贞珠宝股份有限公司 | 姓名: 黄飞雪
2026-04-14 16:57:12,984 [INFO] 
处理: 0371_[临时公告]中喜股份关于控股股东及实际控制人被纳入失信被执行人的公告.pdf
2026-04-14 16:57:13,171 [INFO]   分类: 个人被纳入 | 公司:  | 姓名: 张洪欣，承诺
2026-04-14 16:57:13,172 [INFO] 
处理: 0372_[临时公告]黑尊生物关于公司控股子公司被纳入失信被执行人公告补发的声明.pdf
2026-04-14 16:57:13,330 [INFO]   分类: 公司被纳入 | 公司:  | 姓名: 
2026-04-14 16:57:13,330 [INFO] 
处理: 0373_[临时公告]华丽包装关于公司及公司实际控制人被纳入失信被执行人的公告.pdf
2026-04-14 16:57:13,764 [INFO]   分类: 公司及个人被纳入 | 公司: 河南华丽纸业包装股份有限公司 | 姓名: 代建设
2026-04-14 16:57:13,764 [INFO] 
处理: 0374_[临时公告]中御建设关于控股子公司及分公司被列入失信被执行人的公告(补发).pdf
2026-04-14 16:57:14,222 [INFO]   分类: 公司被纳入 | 公司: 控股子公司及分公司 | 姓名: 
2026-04-14 16:57:14,222 [INFO] 
处理: 0375_[临时公告]正兴玉关于控股股东、实际控制人新增被纳入失信被执行人的公告.pdf
2026-04-14 16:57:14,985 [INFO]   分类: 个人被纳入 | 公司: 深圳日昇创沅资产管理有限公司 | 姓名: 丁立红，表示正，陈雪汶，陈鸿成
2026-04-14 16:57:14,986 [INFO] 
处理: 0376_[临时公告]华仪电子关于控股股东及实际控制人被纳入失信被执行人的公告(补发).pdf
2026-04-14 16:57:16,062 [INFO]   分类: 个人被纳入 | 公司: 华仪集团有限公司 | 姓名: 华仪，陈道荣
2026-04-14 16:57:16,063 [INFO] 
处理: 0377_[临时公告]弘祥隆关于补发实际控制人被纳入失信被执行人新增案件公告的声明.pdf
2026-04-14 16:57:16,242 [INFO]   分类: 个人被纳入 | 公司:  | 姓名: 何劲松
2026-04-14 16:57:16,243 [INFO] 
处理: 0378_[临时公告]中喜股份关于控股股东及实际控制人被移出失信被执行人名单的公告.pdf
2026-04-14 16:57:16,437 [INFO]   分类: 个人被撤销 | 公司:  | 姓名: 
2026-04-14 16:57:16,438 [INFO] 
处理: 0379_[券商公告]亚特体育华融证券关于亚特体育被列为失信被执行人的风险提示公告.pdf
2026-04-14 16:57:16,820 [INFO]   分类: 其他 | 公司:  | 姓名: 
2026-04-14 16:57:16,821 [INFO] 
处理: 0380_[临时公告]地浦科技关于控股股东及实际控制人被纳入失信被执行人的公告(补发).pdf
2026-04-14 16:57:17,040 [INFO]   分类: 个人被纳入 | 公司:  | 姓名: 段孝宁，表示正
2026-04-14 16:57:17,041 [INFO] 
处理: 0381_[临时公告]清芝融科关于补发公司及实际控制人被纳入失信被执行人公告的声明.pdf
2026-04-14 16:57:17,177 [INFO]   分类: 公司及个人被纳入 | 公司:  | 姓名: 
2026-04-14 16:57:17,178 [INFO] 
处理: 0382_[临时公告]ST唯鸿关于补发公司及实际控制人被纳入失信被执行人公告的声明.pdf
2026-04-14 16:57:17,340 [INFO]   分类: 公司及个人被纳入 | 公司:  | 姓名: 
2026-04-14 16:57:17,341 [INFO] 
处理: 0383_[临时公告]科能腾达关于公司实际控制人、控股股东被纳入失信被执行人的公告(补发).pdf
2026-04-14 16:57:17,625 [INFO]   分类: 个人被纳入 | 公司:  | 姓名: 刘庆已
2026-04-14 16:57:17,626 [INFO] 
处理: 0384_[临时公告]ST量子花关于补发公司及子公司被列为失信被执行人公告的声明公告.pdf
2026-04-14 16:57:17,730 [INFO]   分类: 公司被纳入 | 公司:  | 姓名: 
2026-04-14 16:57:17,730 [INFO] 
处理: 0385_[临时公告]亚创股份关于公司、控股子公司、实际控制人、董事被纳入失信被执行人的公告.pdf
2026-04-14 16:57:18,171 [INFO]   分类: 公司及个人被纳入 | 公司: 河北亚创天然气股份有限公司 | 姓名: 董监高，邵亚南，陈景涛
2026-04-14 16:57:18,171 [INFO] 
处理: 0386_[临时公告]凯英信业关于公司、控股子公司、实际控制人被纳入失信被执行人的公告(补发).pdf
2026-04-14 16:57:19,377 [INFO]   分类: 公司及个人被纳入 | 公司: 北京中电亿商网络技术有限责任公司，北京五边形网络技术有限责任公司，北京凯英信业科技股份有限公司 | 姓名: 张旭，贾立东
2026-04-14 16:57:19,377 [INFO] 
处理: 0387_[临时公告]益家食品关于补发公司董事朱静被纳入失信联合惩戒对象的声明公告.pdf
2026-04-14 16:57:19,483 [INFO]   分类: 个人被纳入 | 公司:  | 姓名: 朱静
2026-04-14 16:57:19,483 [INFO] 
处理: 0388_[临时公告]ST贵之步关于控股股东、实际控制人、董事新增被纳入失信被执行人的公告.pdf
2026-04-14 16:57:19,736 [INFO]   分类: 个人被纳入 | 公司:  | 姓名: 郑靖
2026-04-14 16:57:19,736 [INFO] 
处理: 0389_[临时公告]宏鼎股份关于补发董事被纳入失信被执行人及被出具限制消费令的公告.pdf
2026-04-14 16:57:19,925 [INFO]   分类: 其他 | 公司:  | 姓名: 张一鹤
2026-04-14 16:57:19,925 [INFO] 
处理: 0390_[临时公告]ST元亨利关于补发公司及实际控制人被列入失信被执行人的声明公告.pdf
2026-04-14 16:57:20,136 [INFO]   分类: 公司及个人被纳入 | 公司:  | 姓名: 
2026-04-14 16:57:20,136 [INFO] 
处理: 0391_[临时公告]艾瑞德关于公司实际控制人、控股股东被纳入失信被执行人的公告（九）(补发).pdf
2026-04-14 16:57:20,455 [INFO]   分类: 个人被纳入 | 公司:  | 姓名: 汪舵海
2026-04-14 16:57:20,456 [INFO] 
处理: 0392_[临时公告]ST爱珂关于公司控股股东、实际控制人被列入失信被执行人的公告(补发).pdf
2026-04-14 16:57:20,647 [INFO]   分类: 个人被纳入 | 公司:  | 姓名: 施杰军
2026-04-14 16:57:20,647 [INFO] 
处理: 0393_[临时公告]北方数据关于公司实际控制人、控股股东被纳入失信被执行人的公告(补发).pdf
2026-04-14 16:57:20,944 [INFO]   分类: 个人被纳入 | 公司:  | 姓名: 任职，张庆敏
2026-04-14 16:57:20,944 [INFO] 
处理: 0394_[临时公告]ST安友关于公司及控股股东、实际控制人被列入失信被执行人的公告.pdf
2026-04-14 16:57:21,170 [INFO]   分类: 公司及个人被纳入 | 公司: 云南安友农场股份有限公司 | 姓名: 朱安友
2026-04-14 16:57:21,170 [INFO] 
处理: 0395_[临时公告]佳科能源关于公司及实际控制人、控股股东被纳入失信被执行人的公告(补发).pdf
2026-04-14 16:57:21,654 [INFO]   分类: 公司及个人被纳入 | 公司: 青岛佳科恒业能源科技股份有限公司 | 姓名: 张雷
2026-04-14 16:57:21,654 [INFO] 
处理: 0396_[临时公告]兴邦光电公司、公司董事被纳入失信名单及被出具限制消费令的公告(补发).pdf
2026-04-14 16:57:21,882 [INFO]   分类: 公司及个人被纳入 | 公司: 江西兴邦光电股份有限公司 | 姓名: 邵万宏
2026-04-14 16:57:21,883 [INFO] 
处理: 0397_[临时公告]巨鹏食品关于公司及实际控制人、控股股东被列入失信被执行人的公告(补发).pdf
2026-04-14 16:57:22,148 [INFO]   分类: 公司及个人被纳入 | 公司: 甘肃巨鹏清真食品股份有限公司 | 姓名: 张琇灵
2026-04-14 16:57:22,149 [INFO] 
处理: 0398_[临时公告]艾瑞德关于公司实际控制人、控股股东被纳入失信被执行人的公告（八）(补发).pdf
2026-04-14 16:57:22,426 [INFO]   分类: 个人被纳入 | 公司:  | 姓名: 汪舵海
2026-04-14 16:57:22,426 [INFO] 
处理: 0399_[临时公告]ST长乐情关于公司、实际控制人及董事被纳入失信被执行人的公告(补发).pdf
2026-04-14 16:57:22,880 [INFO]   分类: 公司及个人被纳入 | 公司: 湖南长乐情食品科技股份有限公司 | 姓名: 胡健，谈克利
2026-04-14 16:57:22,880 [INFO] 
处理: 0400_[临时公告]艾瑞德关于公司实际控制人、控股股东被纳入失信被执行人的公告（七）(补发).pdf
2026-04-14 16:57:23,143 [INFO]   分类: 个人被纳入 | 公司:  | 姓名: 汪舵海
2026-04-14 16:57:23,143 [INFO] 
处理: 0401_[临时公告]艾瑞德关于补发实际控制人、控股股东被纳入失信被执行人的声明公告.pdf
2026-04-14 16:57:23,326 [INFO]   分类: 个人被纳入 | 公司:  | 姓名: 汪舵
2026-04-14 16:57:23,326 [INFO] 
处理: 0402_[临时公告]易点科技补发关于控股股东、实际控制人被纳入失信被执行人的公告声明.pdf
2026-04-14 16:57:23,875 [INFO]   分类: 个人被纳入 | 公司:  | 姓名: 尚未，易继先
2026-04-14 16:57:23,875 [INFO] 
处理: 0403_[临时公告]ST爱珂关于公司及控股股东、实际控制人被纳入失信被执行人的公告(补发).pdf
2026-04-14 16:57:24,359 [INFO]   分类: 公司及个人被纳入 | 公司: 宁波爱珂智能科技股份有限公司 | 姓名: 施杰军，程雪薇
2026-04-14 16:57:24,360 [INFO] 
处理: 0404_[临时公告]棠棣信息关于子公司关于被纳入失信被执行人的公告的补发声明公告.pdf
2026-04-14 16:57:24,551 [INFO]   分类: 公司被纳入 | 公司:  | 姓名: 
2026-04-14 16:57:24,551 [INFO] 
处理: 0405_[临时公告]艾瑞德关于公司实际控制人、控股股东被纳入失信被执行人的公告（六）(补发).pdf
2026-04-14 16:57:24,835 [INFO]   分类: 个人被纳入 | 公司:  | 姓名: 汪舵海
2026-04-14 16:57:24,835 [INFO] 
处理: 0406_[临时公告]焕鑫新材关于公司及其控股股东、实际控制人被纳入失信被执行人的公告（五）.pdf
2026-04-14 16:57:25,297 [INFO]   分类: 公司及个人被纳入 | 公司: 圣华控股集团有限公司，江苏焕鑫新材料股份有限公司 | 姓名: 和董监，圣华，董监高，钱建华
2026-04-14 16:57:25,297 [INFO] 
处理: 0407_[临时公告]焕鑫新材关于实际控制人、董事、高级管理人员被纳入失信被执行人的公告（七）.pdf
2026-04-14 16:57:25,812 [INFO]   分类: 个人被纳入 | 公司:  | 姓名: 和董监，董监高，钱小金，钱建华
2026-04-14 16:57:25,813 [INFO] 
处理: 0408_[临时公告]颍元股份关于公司及控股股东、实际控制人被纳入失信被执行人的公告(补发).pdf
2026-04-14 16:57:26,146 [INFO]   分类: 公司及个人被纳入 | 公司: 安徽颍元农业科技股份有限公司 | 姓名: 梁亦才
2026-04-14 16:57:26,146 [INFO] 
处理: 0409_[临时公告]龙能股份关于临沂分公司及其负责人（公司监事）被移出失信被执行人的公告.pdf
2026-04-14 16:57:26,341 [INFO]   分类: 个人被撤销 | 公司:  | 姓名: 王广振
2026-04-14 16:57:26,341 [INFO] 
处理: 0410_[临时公告]昶桦股份2020-005 关于公司被纳入失信被执行人公告的补发声明.pdf
2026-04-14 16:57:26,522 [INFO]   分类: 公司被纳入 | 公司:  | 姓名: 
2026-04-14 16:57:26,522 [INFO] 
处理: 0411_[临时公告]华仪电子关于控股股东及实际控制人被纳入失信被执行人的公告(补发).pdf
2026-04-14 16:57:26,960 [INFO]   分类: 个人被纳入 | 公司:  | 姓名: 
2026-04-14 16:57:26,961 [INFO] 
处理: 0412_[临时公告]沃阁酒店关于控股股东及实际控制人被纳入失信被执行人的公告(补发).pdf
2026-04-14 16:57:27,198 [INFO]   分类: 个人被纳入 | 公司: 江苏沃阁文化旅游集团有限公司 | 姓名: 程剑凯
2026-04-14 16:57:27,199 [INFO] 
处理: 0413_[临时公告]长江绿海关于挂牌公司及实际控制人被纳入失信被执行人的公告(补发).pdf
2026-04-14 16:57:27,400 [INFO]   分类: 公司及个人被纳入 | 公司: 长江绿海环境工程股份有限公司 | 姓名: 林善福，路琴
2026-04-14 16:57:27,400 [INFO] 
处理: 0414_[临时公告]牧天食品关于公司及公司实际控制人被纳入失信被执行人的公告(补发).pdf
2026-04-14 16:57:28,006 [INFO]   分类: 公司及个人被纳入 | 公司: 四川牧天食品股份有限公司 | 姓名: 张荩正
2026-04-14 16:57:28,006 [INFO] 
处理: 0415_[临时公告]华丽包装关于子公司湖北华丽包装有限公司被纳入失信被执行人的公告.pdf
2026-04-14 16:57:28,412 [INFO]   分类: 公司被纳入 | 公司: 湖北华丽包装有限公司 | 姓名: 
2026-04-14 16:57:28,412 [INFO] 
处理: 0416_[临时公告]泰然科技关于补发公司控股股东被纳入失信被执行人公告的声明公告.pdf
2026-04-14 16:57:28,585 [INFO]   分类: 个人被纳入 | 公司:  | 姓名: 
2026-04-14 16:57:28,585 [INFO] 
处理: 0417_[临时公告]霍普金斯关于公司及其实际控制人被纳入失信联合惩戒对象的公告(补发).pdf
2026-04-14 16:57:28,854 [INFO]   分类: 公司及个人被纳入 | 公司:  | 姓名: 赵柏松
2026-04-14 16:57:28,854 [INFO] 
处理: 0418_[临时公告]霍普金斯关于补发公司及其实际控制人被纳入失信联合惩戒对象的声明.pdf
2026-04-14 16:57:28,991 [INFO]   分类: 公司及个人被纳入 | 公司:  | 姓名: 
2026-04-14 16:57:28,991 [INFO] 
处理: 0419_[临时公告]唐山华熠关于公司及常余良被纳入安全生产失信联合惩戒“黑名单”的公告.pdf
2026-04-14 16:57:29,188 [INFO]   分类: 公司被纳入 | 公司:  | 姓名: 
2026-04-14 16:57:29,188 [INFO] 
处理: 0420_[临时公告]焕鑫新材关于公司及其控股股东、实际控制人被列入失信被执行人的公告.pdf
2026-04-14 16:57:29,692 [INFO]   分类: 公司及个人被纳入 | 公司: 圣华控股集团有限公司，江苏焕鑫新材料股份有限公司 | 姓名: 和董监，圣华，董监高，钱建华
2026-04-14 16:57:29,692 [INFO] 
处理: 0421_[临时公告]沃顿股份关于补发公司控股股东被纳入失信被执行人公告的声明公告.pdf
2026-04-14 16:57:29,854 [INFO]   分类: 个人被纳入 | 公司:  | 姓名: 
2026-04-14 16:57:29,855 [INFO] 
处理: 0422_[临时公告]恒润高科关于控股股东、实际控制人被移出失信被执行人名单的声明公告.pdf
2026-04-14 16:57:29,980 [INFO]   分类: 个人被撤销 | 公司:  | 姓名: 李伟，李芮岚
2026-04-14 16:57:29,980 [INFO] 
处理: 0423_[临时公告]ST元亨利关于公司及实际控制人被纳入失信被执行人名单的公告(补发).pdf
2026-04-14 16:57:30,230 [INFO]   分类: 公司及个人被纳入 | 公司: 元亨利珠宝股份有限公司 | 姓名: 谢宗选，黄旭文
2026-04-14 16:57:30,230 [INFO] 
处理: 0424_[临时公告]ST元亨利关于公司及实际控制人被纳入失信被执行人名单的公告(补发).pdf
2026-04-14 16:57:30,638 [INFO]   分类: 公司及个人被纳入 | 公司: 元亨利珠宝股份有限公司 | 姓名: 谢宗选，黄旭文
2026-04-14 16:57:30,638 [INFO] 
处理: 0425_[临时公告]长江绿海关于挂牌公司及实际控制人被纳入失信被执行人的公告(补发).pdf
2026-04-14 16:57:31,062 [INFO]   分类: 公司及个人被纳入 | 公司: 长江绿海环境工程股份有限公司 | 姓名: 公告，吴路琴，林善福
2026-04-14 16:57:31,063 [INFO] 
处理: 0426_[临时公告]景尚旅业关于补发控股子公司被纳入失信被执行人的公告的声明公告.pdf
2026-04-14 16:57:31,181 [INFO]   分类: 公司被纳入 | 公司:  | 姓名: 
2026-04-14 16:57:31,181 [INFO] 
处理: 0427_[临时公告]百克特关于公司董事、控股股东、实际控制人被纳入失信被执行人的公告(补发).pdf
2026-04-14 16:57:31,486 [INFO]   分类: 个人被纳入 | 公司:  | 姓名: 张文超
2026-04-14 16:57:31,486 [INFO] 
处理: 0428_[临时公告]泓宇环能河南泓宇环能科技股份有限公司关于公司及公司控股股东、实际控制人、董事长、总经理、副董事长、董事会秘书被纳入失信被执行人及其他失信联合惩戒对象.pdf
2026-04-14 16:57:31,998 [INFO]   分类: 公司及个人被纳入 | 公司: 河南泓宇环能科技股份有限公司 | 姓名: 王朝选，陈志强
2026-04-14 16:57:31,999 [INFO] 
处理: 0429_[临时公告]华仪电子关于控股股东及实际控制人被纳入失信被执行人公告的补发声明.pdf
2026-04-14 16:57:32,198 [INFO]   分类: 个人被纳入 | 公司:  | 姓名: 陈道荣
2026-04-14 16:57:32,198 [INFO] 
处理: 0430_[临时公告]振兴建设2020-035关于补发公司被纳入失信被执行人名单的声明公告.pdf
2026-04-14 16:57:32,402 [INFO]   分类: 公司被纳入 | 公司:  | 姓名: 
2026-04-14 16:57:32,402 [INFO] 
处理: 0431_[临时公告]力天世纪关于公司及控股股东、实际控制人被纳入失信被执行人的公告（补发）(补发).pdf
2026-04-14 16:57:32,683 [INFO]   分类: 公司及个人被纳入 | 公司: 广东力天世纪传媒股份有限公司 | 姓名: 饶国煌
2026-04-14 16:57:32,683 [INFO] 
处理: 0432_[临时公告]地浦科技关于补发控股股东及实际控制人被纳入失信被执行人公告的声明.pdf
2026-04-14 16:57:32,860 [INFO]   分类: 个人被纳入 | 公司:  | 姓名: 
2026-04-14 16:57:32,861 [INFO] 
处理: 0433_[临时公告]法兰智联关于补发公司及实际控制人新增失信被执行人信息的公告的声明.pdf
2026-04-14 16:57:32,998 [INFO]   分类: 公司及个人被纳入 | 公司:  | 姓名: 沈硕果，邱丽纯
2026-04-14 16:57:32,999 [INFO] 
处理: 0434_[临时公告]钰景园林关于控股股东、实际控制人被纳入失信被执行人新增案件的公告(补发).pdf
2026-04-14 16:57:33,727 [INFO]   分类: 个人被纳入 | 公司:  | 姓名: 陈建铭
2026-04-14 16:57:33,727 [INFO] 
处理: 0435_[临时公告]ST华晟关于补发公司及子公司、公司董事被纳入失信被执行人的声明公告.pdf
2026-04-14 16:57:33,914 [INFO]   分类: 公司及个人被纳入 | 公司:  | 姓名: 
2026-04-14 16:57:33,914 [INFO] 
处理: 0436_[临时公告]通捷水务关于公司及公司实际控制人、控股股东被纳入失信被执行人的公告(补发).pdf
2026-04-14 16:57:34,305 [INFO]   分类: 公司及个人被纳入 | 公司: 北京通捷智慧水务股份有限公司 | 姓名: 李云松，邓玉梅
2026-04-14 16:57:34,306 [INFO] 
处理: 0437_[临时公告]森虎科技关于实际控制人、控股股东被纳入失信被执行人的公告[2020-043].pdf
2026-04-14 16:57:34,595 [INFO]   分类: 个人被纳入 | 公司:  | 姓名: 蔡波，郭强
2026-04-14 16:57:34,595 [INFO] 
处理: 0438_[临时公告]五八汽车关于挂牌公司董事及高级管理人员被纳入失信被执行人的公告(补发).pdf
2026-04-14 16:57:34,918 [INFO]   分类: 个人被纳入 | 公司:  | 姓名: 丛林
2026-04-14 16:57:34,918 [INFO] 
处理: 0439_[临时公告]国臻堂关于控股股东、实际控制人、董事长、总经理被纳入失信被执行人的公告(补发).pdf
2026-04-14 16:57:35,472 [INFO]   分类: 个人被纳入 | 公司:  | 姓名: 何家杰
2026-04-14 16:57:35,473 [INFO] 
处理: 0440_[临时公告]益家食品关于控股股东、实际控制人被纳入失信被执行人的公告2020-049.pdf
2026-04-14 16:57:35,759 [INFO]   分类: 个人被纳入 | 公司:  | 姓名: 章仁勇
2026-04-14 16:57:35,759 [INFO] 
处理: 0441_[临时公告]ST元亨利关于公司及实际控制人被撤销部分失信被执行人名单的公告(补发).pdf
2026-04-14 16:57:35,943 [INFO]   分类: 公司及个人被撤销 | 公司:  | 姓名: 谢宗选
2026-04-14 16:57:35,943 [INFO] 
处理: 0442_[临时公告]艾瑞德关于补发公司实际控制人、控股股东被纳入失信被执行人的声明公告.pdf
2026-04-14 16:57:36,190 [INFO]   分类: 个人被纳入 | 公司:  | 姓名: 汪舵
2026-04-14 16:57:36,190 [INFO] 
处理: 0443_[临时公告]北方数据关于补发公司实际控制人、控股股东被纳入失信被执行人的声明公告.pdf
2026-04-14 16:57:36,402 [INFO]   分类: 个人被纳入 | 公司:  | 姓名: 张庆敏
2026-04-14 16:57:36,402 [INFO] 
处理: 0444_[临时公告]ST视纪关于董事长被纳入失信被执行人及被出具限制消费令的公告(补发).pdf
2026-04-14 16:57:36,795 [INFO]   分类: 个人被纳入 | 公司:  | 姓名: 林际军
2026-04-14 16:57:36,795 [INFO] 
处理: 0445_[临时公告]佳科能源关于补发公司及实际控制人、控股股东被纳入失信被执行人声明公告.pdf
2026-04-14 16:57:36,964 [INFO]   分类: 公司及个人被纳入 | 公司:  | 姓名: 张雷
2026-04-14 16:57:36,964 [INFO] 
处理: 0446_[临时公告]ST东和关于公司及公司控股股东、实际控制人被纳入失信被执行人的公告(补发).pdf
2026-04-14 16:57:38,061 [INFO]   分类: 公司及个人被纳入 | 公司: 河南东和环保科技股份有限公司 | 姓名: 李栋
2026-04-14 16:57:38,062 [INFO] 
处理: 0447_[临时公告]兴邦光电关于公司、公司董事被纳入失信名单及被出具限制消费令的补发声明.pdf
2026-04-14 16:57:38,205 [INFO]   分类: 公司被纳入 | 公司:  | 姓名: 
2026-04-14 16:57:38,206 [INFO] 
处理: 0448_[临时公告]联兴科技关于公司控股子公司被纳入失信被执行人的公告[2020-045](补发).pdf
2026-04-14 16:57:38,403 [INFO]   分类: 公司被纳入 | 公司: 青海和兴炭素有限公司 | 姓名: 
2026-04-14 16:57:38,403 [INFO] 
处理: 0449_[临时公告]艾瑞德关于补发公司实际控制人、控股股东被纳入失信被执行人的声明公告.pdf
2026-04-14 16:57:38,627 [INFO]   分类: 个人被纳入 | 公司:  | 姓名: 汪舵
2026-04-14 16:57:38,627 [INFO] 
处理: 0450_[临时公告]钰景园林关于公司控股股东、实际控制人被纳入失信被执行人公告的补发说明.pdf
2026-04-14 16:57:38,805 [INFO]   分类: 个人被纳入 | 公司:  | 姓名: 陈建铭
2026-04-14 16:57:38,806 [INFO] 
处理: 0451_[临时公告]ST长乐情关于补发公司、实际控制人及董事被纳入失信被执行人的声明公告.pdf
2026-04-14 16:57:39,004 [INFO]   分类: 公司及个人被纳入 | 公司:  | 姓名: 胡健，谈克利
2026-04-14 16:57:39,005 [INFO] 
处理: 0452_[临时公告]鸿志兴关于公司、实际控制人、董事、高级管理人员被纳入失信被执行人的公告(补发).pdf
2026-04-14 16:57:39,628 [INFO]   分类: 公司及个人被纳入 | 公司: 福建鸿志兴股份有限公司 | 姓名: 康健梅，曾传书
2026-04-14 16:57:39,629 [INFO] 
处理: 0453_[临时公告]天鸿股份关于山东天鸿模具股份有限公司被纳入失信被执行人的公告(补发).pdf
2026-04-14 16:57:39,833 [INFO]   分类: 公司被纳入 | 公司: 山东天鸿模具股份有限公司 | 姓名: 
2026-04-14 16:57:39,833 [INFO] 
处理: 0454_[临时公告]嘉美股份关于公司控股股东、实际控制人、董事被纳入失信被执行人的公告(补发).pdf
2026-04-14 16:57:40,143 [INFO]   分类: 个人被纳入 | 公司:  | 姓名: 张家郡
2026-04-14 16:57:40,143 [INFO] 
处理: 0455_[临时公告]嘉美股份关于公司控股股东、实际控制人、董事被纳入失信被执行人补发声明公告.pdf
2026-04-14 16:57:40,380 [INFO]   分类: 个人被纳入 | 公司:  | 姓名: 张家郡
2026-04-14 16:57:40,381 [INFO] 
处理: 0456_[临时公告]易点科技关于控股股东、实际控制人部分案件被移除失信被执行人名录的公告.pdf
2026-04-14 16:57:40,631 [INFO]   分类: 不属于失信人 | 公司:  | 姓名: 易继先
2026-04-14 16:57:40,632 [INFO] 
处理: 0457_[临时公告]泓宇环能关于控股股东、实际控制人、董事长、总经理被纳入失信被执行人的公告.pdf
2026-04-14 16:57:41,038 [INFO]   分类: 个人被纳入 | 公司:  | 姓名: 陈志强
2026-04-14 16:57:41,039 [INFO] 
处理: 0458_[临时公告]艾瑞德关于补发公司实际控制人、控股股东被纳入失信被执行人的声明公告.pdf
2026-04-14 16:57:41,254 [INFO]   分类: 个人被纳入 | 公司:  | 姓名: 汪舵
2026-04-14 16:57:41,254 [INFO] 
处理: 0459_[临时公告]黄河文化关于控股股东、实际控制人及公司董事被纳入失信被执行人的公告.pdf
2026-04-14 16:57:41,560 [INFO]   分类: 公司及个人被纳入 | 公司: 中喜控股集团有限公司 | 姓名: 张洪勋，张洪欣
2026-04-14 16:57:41,560 [INFO] 
处理: 0460_[临时公告]美世创投关于控股股东、实际控制人及公司董事被纳入失信被执行人的公告.pdf
2026-04-14 16:57:41,735 [INFO]   分类: 公司及个人被纳入 | 公司: 中喜控股集团有限公司 | 姓名: 张洪勋，张洪欣
2026-04-14 16:57:41,735 [INFO] 
处理: 0461_[临时公告]长仪股份关于独立董事被纳入失信被执行人及被出具限制消费令的公告(补发).pdf
2026-04-14 16:57:42,087 [INFO]   分类: 个人被纳入 | 公司:  | 姓名: 关于，成志勇
2026-04-14 16:57:42,087 [INFO] 
处理: 0462_[临时公告]ST天人关于实际控制人、董事、副总经理、董事会秘书被纳入失信被执行人的公告.pdf
2026-04-14 16:57:42,584 [INFO]   分类: 个人被纳入 | 公司:  | 姓名: 周志刚，荣宁江，裴万龄，鄢毅
2026-04-14 16:57:42,584 [INFO] 
处理: 0463_[临时公告]华仪电子关于控股股东及实际控制人被纳入失信被执行人的公告的补发声明.pdf
2026-04-14 16:57:42,755 [INFO]   分类: 个人被纳入 | 公司:  | 姓名: 陈道荣
2026-04-14 16:57:42,755 [INFO] 
处理: 0464_[临时公告]ST贵之步关于控股股东、实际控制人、董事新增被纳入失信被执行人的公告(补发).pdf
2026-04-14 16:57:43,594 [INFO]   分类: 个人被纳入 | 公司:  | 姓名: 李琼，林创彬，郑靖
2026-04-14 16:57:43,595 [INFO] 
处理: 0465_[临时公告]沃阁酒店关于补发控股股东及实际控制人被纳入失信被执行人的声明公告.pdf
2026-04-14 16:57:43,632 [INFO]   分类:  | 公司:  | 姓名: 
2026-04-14 16:57:43,633 [INFO] 
处理: 0466_[临时公告]中御建设关于控股子公司及分公司被纳入失信被执行人补发公告的声明公告.pdf
2026-04-14 16:57:43,946 [INFO]   分类: 公司被纳入 | 公司: 份有限公司关于控股子公司及分公司 | 姓名: 
2026-04-14 16:57:43,946 [INFO] 
处理: 0467_[临时公告]ST春鹏关于公司及实际控制人等相关主体被纳入失信被执行人的公告(补发).pdf
2026-04-14 16:57:45,685 [INFO]   分类: 公司及个人被纳入 | 公司: 山东春鹏彩虹智能电气股份公司 | 姓名: 春鹏，段东超，段宗鹏，董经春
2026-04-14 16:57:45,685 [INFO] 
处理: 0468_[临时公告]ST雷蒙德关于公司及其控股股股东、实际控制人被纳入失信被执行人的公告.pdf
2026-04-14 16:57:46,301 [INFO]   分类: 公司及个人被纳入 | 公司:  | 姓名: 汤济宏，陈双聘
2026-04-14 16:57:46,301 [INFO] 
处理: 0469_[临时公告]长江绿海关于挂牌公司及实际控制人被纳入失信被执行人公告的补发声明.pdf
2026-04-14 16:57:46,429 [INFO]   分类: 公司及个人被纳入 | 公司:  | 姓名: 吴路琴，林善福
2026-04-14 16:57:46,429 [INFO] 
处理: 0470_[临时公告]雨田润公司董事、高管、控股股东及实际控制人被移出失信被执行人名单的公告.pdf
2026-04-14 16:57:46,601 [INFO]   分类: 个人被撤销 | 公司:  | 姓名: 雷振亚，雷经洋
2026-04-14 16:57:46,601 [INFO] 
处理: 0471_[临时公告]百克特关于补发公司董事、控股股东、实际控制人被纳入失信被执行人公告的声明.pdf
2026-04-14 16:57:46,777 [INFO]   分类: 个人被纳入 | 公司:  | 姓名: 张文超
2026-04-14 16:57:46,777 [INFO] 
处理: 0472_[临时公告]富源智慧关于子公司被纳入失信被执行人及子公司法人被出具限制消费令的公告.pdf
2026-04-14 16:57:47,082 [INFO]   分类: 个人被纳入 | 公司:  | 姓名: 
2026-04-14 16:57:47,082 [INFO] 
处理: 0473_[临时公告]ST育星关于公司控股股东、实际控制人、董事、总经理被列入失信被执行人的公告(补发).pdf
2026-04-14 16:57:47,511 [INFO]   分类: 个人被纳入 | 公司:  | 姓名: 李虎彬，王雪琴
2026-04-14 16:57:47,511 [INFO] 
处理: 0474_[临时公告]天房科技2020-081 关于补发公司控股股东被纳入失信被执行人的声明公告.pdf
2026-04-14 16:57:47,768 [INFO]   分类: 个人被纳入 | 公司:  | 姓名: 天房
2026-04-14 16:57:47,768 [INFO] 
处理: 0475_[临时公告]ST白茶关于公司、董事长、实际控制人、控股股东被纳入失信被执行人的补发声明公告.pdf
2026-04-14 16:57:47,960 [INFO]   分类: 公司及个人被纳入 | 公司:  | 姓名: 吴灼
2026-04-14 16:57:47,960 [INFO] 
处理: 0476_[临时公告]美世创投关于控股股东、实际控制人及公司董事被移出失信被执行人名单的公告.pdf
2026-04-14 16:57:48,224 [INFO]   分类: 公司及个人被撤销 | 公司:  | 姓名: 
2026-04-14 16:57:48,224 [INFO] 
处理: 0477_[临时公告]力天世纪关于补发公司及控股股东、实际控制人被纳入失信被执行人的声明公告.pdf
2026-04-14 16:57:48,242 [INFO]   分类:  | 公司:  | 姓名: 
2026-04-14 16:57:48,242 [INFO] 
处理: 0478_[临时公告]易元堂2020-052 关于控股股东、实际控制人被纳入失信被执行人的公告（补发）(补发).pdf
2026-04-14 16:57:49,090 [INFO]   分类: 个人被纳入 | 公司: 上海易元堂药业有限公司 | 姓名: 和高级，王辉
2026-04-14 16:57:49,090 [INFO] 
处理: 0479_[临时公告]ST捷尚关于控股股东、实际控制人及控股子公司被纳入失信被执行人的公告(补发).pdf
2026-04-14 16:57:49,818 [INFO]   分类: 个人被纳入 | 公司: 杭州信鸽智尚科技股份有限公司，杭州捷尚投资管理有限公司，浙江捷信安保技术股份有限公司 | 姓名: 尚凌辉
2026-04-14 16:57:49,818 [INFO] 
处理: 0480_[临时公告]ST中科云关于实际控制人、董事长、总经理、法定代表人被纳入失信被执行人的公告.pdf
2026-04-14 16:57:50,180 [INFO]   分类: 个人被纳入 | 公司:  | 姓名: 李宏宇
2026-04-14 16:57:50,180 [INFO] 
处理: 0481_[临时公告]钰景园林关于控股股东、实际控制人被纳入失信被执行人新增案件公告的补发说明.pdf
2026-04-14 16:57:50,488 [INFO]   分类: 个人被纳入 | 公司:  | 姓名: 陈建铭
2026-04-14 16:57:50,488 [INFO] 
处理: 0482_[临时公告]科能腾达关于补发公司实际控制人、控股股东被纳入失信被执行人的公告的声明.pdf
2026-04-14 16:57:50,701 [INFO]   分类: 个人被纳入 | 公司:  | 姓名: 刘庆
2026-04-14 16:57:50,702 [INFO] 
处理: 0483_[临时公告]金大股份关于控股股东、实际控制人、全资子公司被纳入失信被执行人名单的进展公告.pdf
2026-04-14 16:57:51,127 [INFO]   分类: 个人被纳入 | 公司: 全资子公司，实际控制人及全资子公司，浙江金鹤车业有限公司 | 姓名: 章小理，胡昕
2026-04-14 16:57:51,127 [INFO] 
处理: 0484_[临时公告]ST优森2020-031优森股份：关于补发子公司被纳入失信被执行人公告的说明.pdf
2026-04-14 16:57:51,187 [INFO]   分类: 公司被纳入 | 公司: 上发布的关于子公司 | 姓名: 
2026-04-14 16:57:51,187 [INFO] 
处理: 0485_[临时公告]隶源基关于控股股东、实际控制人、董事长、总经理及公司被纳入失信被执行人的公告(补发).pdf
2026-04-14 16:57:51,325 [INFO]   分类: 公司及个人被纳入 | 公司:  | 姓名: 陈晋榕
2026-04-14 16:57:51,325 [INFO] 
处理: 0486_[临时公告]万家天能关于补发实际控制人、董事江鸿被纳入失信被执行人的公告的说明公告.pdf
2026-04-14 16:57:51,405 [INFO]   分类: 个人被纳入 | 公司:  | 姓名: 江鸿于
2026-04-14 16:57:51,405 [INFO] 
处理: 0487_[临时公告]凌志股份关于补发公司及控股股东、实际控制人、财务总监被纳入失信被执行人的公告.pdf
2026-04-14 16:57:51,471 [INFO]   分类: 公司及个人被纳入 | 公司:  | 姓名: 赵秀艳，闫洪志
2026-04-14 16:57:51,471 [INFO] 
处理: 0488_[临时公告]凌志股份关于公司及控股股东、实际控制人、财务总监被纳入失信被执行人的公告(补发).pdf
2026-04-14 16:57:51,608 [INFO]   分类: 公司及个人被纳入 | 公司: 内蒙古凌志马铃薯科技股份有限公司 | 姓名: 赵秀艳，闫洪志
2026-04-14 16:57:51,608 [INFO] 
处理: 0489_[临时公告]ST元亨利关于公司及实际控制人被撤销部分失信被执行人名单的补发声明公告.pdf
2026-04-14 16:57:51,690 [INFO]   分类: 公司及个人被撤销 | 公司:  | 姓名: 谢宗选
2026-04-14 16:57:51,690 [INFO] 
处理: 0490_[临时公告]ST正栩2020-037正栩影视：关于公司被撤销失信被执行人的补发声明公告.pdf
2026-04-14 16:57:51,737 [INFO]   分类: 公司被撤销 | 公司: 本案导致的公司 | 姓名: 
2026-04-14 16:57:51,737 [INFO] 
处理: 0491_[临时公告]亚玫股份 关于补发公司及实际控制人、控股股东被纳入失信被执行人的声明公告.pdf
2026-04-14 16:57:51,848 [INFO]   分类: 公司及个人被纳入 | 公司:  | 姓名: 姚丽静，顾健如
2026-04-14 16:57:51,848 [INFO] 
处理: 0492_[临时公告]维恩木塑关于公司董事、控股股东、法人及实际控制人被纳入失信被执行人的公告(补发).pdf
2026-04-14 16:57:52,124 [INFO]   分类: 个人被纳入 | 公司:  | 姓名: 李海洋
2026-04-14 16:57:52,124 [INFO] 
处理: 0493_[临时公告]东南光电 关于公司、实际控制人、董事及全资子公司被纳入失信被执行人的公告 (补发).pdf
2026-04-14 16:57:52,434 [INFO]   分类: 公司及个人被纳入 | 公司: 泉州中誉光电有限公司，泉州市东南光电股份有限公司 | 姓名: 赖玉华，黄中元，黄中河
2026-04-14 16:57:52,434 [INFO] 
处理: 0494_[临时公告]羽健股份关于公司、子公司及实际控制人、控股股东被纳入失信被执行人的公告(补发).pdf
2026-04-14 16:57:52,697 [INFO]   分类: 公司及个人被纳入 | 公司: 浙江丰华农业开发有限公司，浙江羽健实业股份有限公司 | 姓名: 丁华美，潘国平
2026-04-14 16:57:52,697 [INFO] 
处理: 0495_[临时公告]大境生态关于补发控股股东、实际控制人、董事长被纳入失信被执行人公告的声明公告.pdf
2026-04-14 16:57:52,749 [INFO]   分类: 个人被纳入 | 公司:  | 姓名: 
2026-04-14 16:57:52,749 [INFO] 
处理: 0496_[临时公告]ST视纪关于董事长被纳入失信被执行人及被出具限制消费令的公告的补发声明.pdf
2026-04-14 16:57:52,849 [INFO]   分类: 其他 | 公司:  | 姓名: 
2026-04-14 16:57:52,849 [INFO] 
处理: 0497_[临时公告]ST万星关于补发公司、实际控制人及董事被纳入失信被执行人公告的声明公告.pdf
2026-04-14 16:57:52,951 [INFO]   分类: 公司及个人被纳入 | 公司:  | 姓名: 郭志刚
2026-04-14 16:57:52,951 [INFO] 
处理: 0498_[临时公告]巨鹏食品关于补发公司及实际控制人、控股股东被纳入失信被执行人的声明公告.pdf
2026-04-14 16:57:53,017 [INFO]   分类: 公司及个人被纳入 | 公司:  | 姓名: 张琇灵
2026-04-14 16:57:53,018 [INFO] 
处理: 0499_[临时公告]方金影视关于实际控制人、董事长、总经理、法定代表人被纳入失信被执行人的公告(补发).pdf
2026-04-14 16:57:53,144 [INFO]   分类: 个人被纳入 | 公司:  | 姓名: 李景阳
2026-04-14 16:57:53,145 [INFO] 
处理: 0500_[临时公告]四川唯鸿关于公司及控股股东、实际控制人、董事长被列入失信被执行人的公告(补发).pdf
2026-04-14 16:57:53,321 [INFO]   分类: 公司及个人被纳入 | 公司: 四川唯鸿生物科技股份公司 | 姓名: 陈善明
2026-04-14 16:57:53,321 [INFO] 
处理: 0501_[临时公告]焕鑫新材关于公司及其实际控制人、董事、高级管理人员被纳入失信被执行人的公告（六）.pdf
2026-04-14 16:57:53,646 [INFO]   分类: 公司及个人被纳入 | 公司: 江苏焕鑫新材料股份有限公司 | 姓名: 和董监，董监高，钱小金，钱建华
2026-04-14 16:57:53,646 [INFO] 
处理: 0502_[临时公告]益家食品关于公司及公司实际控制人、控股股东被移出失信被执行人名单的公告.pdf
2026-04-14 16:57:53,709 [INFO]   分类: 公司及个人被撤销 | 公司:  | 姓名: 
2026-04-14 16:57:53,709 [INFO] 
处理: 0503_[临时公告]决胜股份关于控股股东及实际控制人、董事长、总经理被纳入失信被执行人的公告(补发).pdf
2026-04-14 16:57:53,925 [INFO]   分类: 个人被纳入 | 公司:  | 姓名: 戴政，表示，阙登峰
2026-04-14 16:57:53,925 [INFO] 
处理: 0504_[临时公告]优利得关于公司、控股股东、实际控制人、董事长、董事、总经理被纳入失信被执行人的公告.pdf
2026-04-14 16:57:54,775 [INFO]   分类: 公司及个人被纳入 | 公司: 厦门优利得科技股份有限公司 | 姓名: 宋沧艺，蔡再顶
2026-04-14 16:57:54,777 [INFO] 
处理: 0505_[临时公告]ST贵之步关于补发控股股东、实际控制人、董事新增被纳入失信被执行人公告的说明.pdf
2026-04-14 16:57:54,946 [INFO]   分类: 个人被纳入 | 公司:  | 姓名: 李琼存，林创，郑靖
2026-04-14 16:57:54,946 [INFO] 
处理: 0506_[临时公告]牧天食品关于公司及公司实际控制人被纳入失信被执行人补发公告的声明公告.pdf
2026-04-14 16:57:55,130 [INFO]   分类: 公司及个人被纳入 | 公司:  | 姓名: 
2026-04-14 16:57:55,131 [INFO] 
处理: 0507_[临时公告]卓佳股份关于补发公司被列入失信被执行人、对外担暨关联交易、诉讼进展公告的声明.pdf
2026-04-14 16:57:55,429 [INFO]   分类: 公司被纳入 | 公司: 山东卓佳电力电子股份有限公司关于公司 | 姓名: 
2026-04-14 16:57:55,429 [INFO] 
处理: 0508_[临时公告]新元太关于补发公司及公司控股股东、实际控制人被纳入失信被执行人的公告-闫海斌.pdf
2026-04-14 16:57:55,855 [INFO]   分类: 公司及个人被纳入 | 公司: 山西新元太生物科技股份有限公司 | 姓名: 游成海，范晋玲
2026-04-14 16:57:55,855 [INFO] 
处理: 0509_[临时公告]ST育星关于公司控股股东、实际控制人、董事、总经理被列入失信被执行人的补发说明公告.pdf
2026-04-14 16:57:56,019 [INFO]   分类: 个人被纳入 | 公司:  | 姓名: 李虎彬，王雪琴
2026-04-14 16:57:56,019 [INFO] 
处理: 0510_[临时公告]易元堂2020-053 关于补发控股股东及实际控制人被纳入失信被执行人公告的声明.pdf
2026-04-14 16:57:56,151 [INFO]   分类: 个人被纳入 | 公司:  | 姓名: 王辉
2026-04-14 16:57:56,151 [INFO] 
处理: 0511_[临时公告]尚慧能源2020-47尚慧能源：关于公司被纳入失信被执行人的公告之补发声明公告.pdf
2026-04-14 16:57:56,284 [INFO]   分类: 公司被纳入 | 公司:  | 姓名: 
2026-04-14 16:57:56,284 [INFO] 
处理: 0512_[临时公告]众信易诚012 835641_关于被纳入失信被执行人的补发声明_20201118(2).pdf
2026-04-14 16:57:56,485 [INFO]   分类: 公司被纳入 | 公司:  | 姓名: 
2026-04-14 16:57:56,486 [INFO] 
处理: 0513_[临时公告]赛能杰公司子公司重庆正艾敏再生资源回收有限公司被纳入失信被执行人的公告(补发).pdf
2026-04-14 16:57:57,122 [INFO]   分类: 公司被纳入 | 公司: 公司子公司，重庆正艾敏再生资源回收有限公司 | 姓名: 
2026-04-14 16:57:57,123 [INFO] 
处理: 0514_[临时公告]通捷水务关于补发公司及公司实际控制人、控股股东被纳入失信被执行人的声明公告.pdf
2026-04-14 16:57:57,324 [INFO]   分类: 公司及个人被纳入 | 公司:  | 姓名: 李云松，邓玉梅
2026-04-14 16:57:57,325 [INFO] 
处理: 0515_[临时公告]国臻堂关于补发控股股东、实际控制人、董事长、总经理被纳入失信被执行人公告的声明公告.pdf
2026-04-14 16:57:57,582 [INFO]   分类: 个人被纳入 | 公司:  | 姓名: 何家杰
2026-04-14 16:57:57,582 [INFO] 
处理: 0516_[临时公告]凯英信业补发关于公司、控股子公司、实际控制人被纳入失信被执行人的公告的声明公告.pdf
2026-04-14 16:57:57,767 [INFO]   分类: 公司及个人被纳入 | 公司:  | 姓名: 
2026-04-14 16:57:57,767 [INFO] 
处理: 0517_[临时公告]益家食品关于公司股东、董事兼任董事长及董事会秘书被纳入失信被执行人的公告(补发).pdf
2026-04-14 16:57:57,973 [INFO]   分类: 个人被纳入 | 公司:  | 姓名: 陈素平
2026-04-14 16:57:57,973 [INFO] 
处理: 0518_[临时公告]ST瓷爵士2020-028瓷爵士：关于控股股东被纳入失信被执行人的公告的声明公告.pdf
2026-04-14 16:57:58,163 [INFO]   分类: 个人被纳入 | 公司:  | 姓名: 
2026-04-14 16:57:58,163 [INFO] 
处理: 0519_[临时公告]ST爱珂关于补发公司及控投股东、实际控制人被纳入失信被执行人公告的情况说明.pdf
2026-04-14 16:57:58,311 [INFO]   分类: 个人被纳入 | 公司:  | 姓名: 施杰军
2026-04-14 16:57:58,311 [INFO] 
处理: 0520_[临时公告]ST中海关于控股股东、实际控制人被纳入失信被执行人、被出具限制消费令的公告(补发).pdf
2026-04-14 16:57:58,611 [INFO]   分类: 个人被纳入 | 公司:  | 姓名: 薛黎明
2026-04-14 16:57:58,612 [INFO] 
处理: 0521_[临时公告]维恩木塑关于补发公司董事、控股股东、法人及实际控制人被纳入失信被执行人的声明公告.pdf
2026-04-14 16:57:58,763 [INFO]   分类: 个人被纳入 | 公司:  | 姓名: 
2026-04-14 16:57:58,764 [INFO] 
处理: 0522_[临时公告]ST胜龙关于控股股东北京泽泓投资管理中心（有限合伙）被纳入失信联合惩戒对象的公告.pdf
2026-04-14 16:57:59,021 [INFO]   分类: 个人被纳入 | 公司:  | 姓名: 
2026-04-14 16:57:59,021 [INFO] 
处理: 0523_[临时公告]东南光电关于补发公司、实际控制人、董事及全资子公司被纳入失信被执行人的声明公告.pdf
2026-04-14 16:57:59,207 [INFO]   分类: 公司及个人被纳入 | 公司: 董事及全资子公司 | 姓名: 赖玉华，黄中元，黄中河
2026-04-14 16:57:59,208 [INFO] 
处理: 0524_[临时公告]羽健股份关于补发公司、子公司及实际控制人、控股股东被纳入失信被执行人的声明公告.pdf
2026-04-14 16:57:59,508 [INFO]   分类: 公司及个人被纳入 | 公司:  | 姓名: 丁华美，潘国平
2026-04-14 16:57:59,509 [INFO] 
处理: 0525_[临时公告]壹加壹关于补发公司、控股子公司被纳入失信被执行人及公司资产被查封公告的声明.pdf
2026-04-14 16:57:59,714 [INFO]   分类: 公司被纳入 | 公司: 宁夏现代壹加壹牧业发展有限公司，控股子公司 | 姓名: 
2026-04-14 16:57:59,714 [INFO] 
处理: 0526_[临时公告]壹加壹关于补发公司、控股子公司被纳入失信被执行人及公司资产被查封公告的声明.pdf
2026-04-14 16:57:59,987 [INFO]   分类: 公司被纳入 | 公司: 宁夏现代壹加壹牧业发展有限公司，控股子公司 | 姓名: 
2026-04-14 16:57:59,988 [INFO] 
处理: 0527_[临时公告]美家帮关于公司控股子公司北京美家帮科技有限公司被纳入失信被执行人的公告(补发).pdf
2026-04-14 16:58:00,405 [INFO]   分类: 公司被纳入 | 公司: 北京美家帮科技有限公司 | 姓名: 
2026-04-14 16:58:00,405 [INFO] 
处理: 0528_[临时公告]雪郎生物2020-025雪郎生物：关于补发公司董事被纳入失信被执行人的声明公告.pdf
2026-04-14 16:58:00,543 [INFO]   分类: 个人被纳入 | 公司:  | 姓名: 方家健
2026-04-14 16:58:00,543 [INFO] 
处理: 0529_[临时公告]宝成股份关于公司控股股东、实际控制人、董事、高级管理人员被纳入失信被执行人的公告 (补发).pdf
2026-04-14 16:58:02,437 [INFO]   分类: 个人被纳入 | 公司: 天津宝成机械集团有限公司 | 姓名: 柴宝奎，柴宝成，柴宝祥，董俊生
2026-04-14 16:58:02,437 [INFO] 
处理: 0530_[临时公告]南广影视关于公司及控股股东、实际控制人涉及诉讼暨被纳入失信被执行人的公告(补发).pdf
2026-04-14 16:58:03,013 [INFO]   分类: 公司及个人被纳入 | 公司:  | 姓名: 
2026-04-14 16:58:03,013 [INFO] 
处理: 0531_[临时公告]方金影视关于补发实际控制人、董事长、总经理、法定代表人被纳入失信被执行人的声明公告.pdf
2026-04-14 16:58:03,186 [INFO]   分类: 个人被纳入 | 公司:  | 姓名: 李景阳
2026-04-14 16:58:03,186 [INFO] 
处理: 0532_[临时公告]ST爱珂关于补发公司及控投股东、实际控制人被纳入失信被执行人公告的情况说明.pdf
2026-04-14 16:58:03,202 [INFO]   分类:  | 公司:  | 姓名: 
2026-04-14 16:58:03,202 [INFO] 
处理: 0533_[临时公告]美克思关于控股股东、实际控制人、 总经理、 董事长、法定代表人被纳入失信被执行人的公告(补发).pdf
2026-04-14 16:58:03,537 [INFO]   分类: 个人被纳入 | 公司:  | 姓名: 孙金利
2026-04-14 16:58:03,537 [INFO] 
处理: 0534_[临时公告]ST立特834036_关于补发公司被纳入失信被执行人的声明公告_2020-03-03.pdf
2026-04-14 16:58:03,688 [INFO]   分类: 公司被纳入 | 公司: 立特营销股份有限公司关于公司 | 姓名: 
2026-04-14 16:58:03,689 [INFO] 
处理: 0535_[临时公告]益家食品关于公司及公司控股股东、实际控制人、董事长被纳入失信被执行人的公告(补发).pdf
2026-04-14 16:58:04,086 [INFO]   分类: 公司及个人被纳入 | 公司: 江西益家食品股份有限公司 | 姓名: 章仁勇
2026-04-14 16:58:04,086 [INFO] 
处理: 0536_[临时公告]ST春鹏关于补发公司及实际控制人等相关主体被纳入失信被执行人公告的声明公告.pdf
2026-04-14 16:58:04,334 [INFO]   分类: 公司及个人被纳入 | 公司:  | 姓名: 多次，段东
2026-04-14 16:58:04,334 [INFO] 
处理: 0537_[临时公告]ST元亨利2020-004：关于补发公司及实际控制人被纳入失信被执行人的声明公告.pdf
2026-04-14 16:58:04,524 [INFO]   分类: 公司及个人被纳入 | 公司:  | 姓名: 
2026-04-14 16:58:04,525 [INFO] 
处理: 0538_[临时公告]ST元亨利2020-006：关于补发公司及实际控制人被纳入失信被执行人的声明公告.pdf
2026-04-14 16:58:04,694 [INFO]   分类: 公司及个人被纳入 | 公司:  | 姓名: 
2026-04-14 16:58:04,694 [INFO] 
处理: 0539_[临时公告]星光珠宝关于挂牌公司及控股股东、实际控制人、子公司被纳入失信被执行人的公告（补发）.pdf
2026-04-14 16:58:05,554 [INFO]   分类: 公司及个人被纳入 | 公司: 阜阳星光珠宝有限公司 | 姓名: 周天杰
2026-04-14 16:58:05,554 [INFO] 
处理: 0540_[临时公告]大盛微电关于挂牌公司被纳入失信被执行人及实际控制人被出具限制消费令的公告(补发).pdf
2026-04-14 16:58:06,156 [INFO]   分类: 个人被纳入 | 公司: 大盛微电科技股份有限公司 | 姓名: 牛怀清
2026-04-14 16:58:06,156 [INFO] 
处理: 0541_[临时公告]越盛腾关于公司和公司实际控制人被纳入失信被执行人及被出具限制消费令的公告(补发).pdf
2026-04-14 16:58:06,751 [INFO]   分类: 个人被纳入 | 公司:  | 姓名: 
2026-04-14 16:58:06,751 [INFO] 
处理: 0542_[临时公告]春秋园林关于公司及公司实际控制人被纳入失信被执行人及被出具限制消费令的声明公告.pdf
2026-04-14 16:58:06,784 [INFO]   分类: 其他 | 公司:  | 姓名: 
2026-04-14 16:58:06,785 [INFO] 
处理: 0543_[临时公告]春秋园林关于公司及公司实际控制人被纳入失信被执行人及被出具限制消费令的公告(补发).pdf
2026-04-14 16:58:07,243 [INFO]   分类: 个人被纳入 | 公司: 新疆春秋园林股份有限公司 | 姓名: 汪勇茹
2026-04-14 16:58:07,243 [INFO] 
处理: 0544_[临时公告]了望股份关于公司及公司控股股东、实际控制人兼法定代表人被撤销失信被执行人的公告.pdf
2026-04-14 16:58:07,503 [INFO]   分类: 公司及个人被撤销 | 公司:  | 姓名: 王蕊
2026-04-14 16:58:07,503 [INFO] 
处理: 0545_[临时公告]ST天富关于公司及公司控股股东、实际控制人、控股子公司被纳入失信被执行人的公告(补发).pdf
2026-04-14 16:58:08,646 [INFO]   分类: 公司及个人被纳入 | 公司: 广东天富电气股份有限公司 | 姓名: 郭振清，陈莉慧
2026-04-14 16:58:08,646 [INFO] 
处理: 0546_[临时公告]ST中磁关于公司及实际控制人、董事长、法定代表人、武汉分公司被纳入失信被执行人的公告(补发).pdf
2026-04-14 16:58:09,093 [INFO]   分类: 公司及个人被纳入 | 公司: 山东中磁视讯股份有限公司，山东中磁视讯股份有限公司武汉分公司，武汉分公司 | 姓名: 贾伟光
2026-04-14 16:58:09,093 [INFO] 
处理: 0547_[临时公告]金正食品关于公司及其控股股东、实际控制人、董事、高级管理人员被纳入失信被执行人的公告(补发).pdf
2026-04-14 16:58:09,490 [INFO]   分类: 公司及个人被纳入 | 公司: 潍坊金正食品股份有限公司 | 姓名: 单俊凤
2026-04-14 16:58:09,491 [INFO] 
处理: 0548_[临时公告]森虎科技关于公司实际控制人、控股股东被列入失信被执行人的补发声明公告[2020-044].pdf
2026-04-14 16:58:09,658 [INFO]   分类: 个人被纳入 | 公司:  | 姓名: 郭强
2026-04-14 16:58:09,658 [INFO] 
处理: 0549_[临时公告]隶源基关于控股股东、实际控制人、董事长、总经理及公司被纳入失信被执行人的补发声明公告.pdf
2026-04-14 16:58:09,828 [INFO]   分类: 公司及个人被纳入 | 公司: 总经理及公司 | 姓名: 
2026-04-14 16:58:09,829 [INFO] 
处理: 0550_[临时公告]ST长乐情关于公司、公司实际控制人、公司董事、高级管理人员被撤销失信被执行人名单的公告.pdf
2026-04-14 16:58:10,133 [INFO]   分类: 公司及个人被撤销 | 公司:  | 姓名: 湛伟，胡健，谈克利，陈练作
2026-04-14 16:58:10,133 [INFO] 
处理: 0551_[临时公告]益家食品关于补发公司股东、董事兼任董事长及董事会秘书被纳入失信被执行人的声明公告.pdf
2026-04-14 16:58:10,248 [INFO]   分类: 个人被纳入 | 公司:  | 姓名: 陈素平
2026-04-14 16:58:10,248 [INFO] 
处理: 0552_[临时公告]亚玫股份关于公司、子公司及实际控制人、控股股东、子公司法人代表被纳入失信被执行人的公告.pdf
2026-04-14 16:58:11,164 [INFO]   分类: 公司及个人被纳入 | 公司: 上海亚玫标签股份有限公司，上海松玫服装辅料有限公司 | 姓名: 姚丽静，顾健如
2026-04-14 16:58:11,165 [INFO] 
处理: 0553_[临时公告]新元太关于补发公司和控股股东、实际控制人被纳入失信被执行人、限制消费人员的公告-刘河花.pdf
2026-04-14 16:58:11,469 [INFO]   分类: 公司及个人被纳入 | 公司:  | 姓名: 
2026-04-14 16:58:11,469 [INFO] 
处理: 0554_[临时公告]新元太关于补发公司和控股股东、实际控制人被纳入失信被执行人、限制消费人员的公告-望都.pdf
2026-04-14 16:58:11,845 [INFO]   分类: 公司及个人被纳入 | 公司:  | 姓名: 
2026-04-14 16:58:11,846 [INFO] 
处理: 0555_[临时公告]新元太关于补发公司和控股股东、实际控制人被纳入失信被执行人、限制消费人员的公告-晋博.pdf
2026-04-14 16:58:12,244 [INFO]   分类: 公司及个人被纳入 | 公司:  | 姓名: 
2026-04-14 16:58:12,245 [INFO] 
处理: 0556_[临时公告]新元太关于补发公司和控股股东、实际控制人被纳入失信被执行人、限制消费人员的公告-新乐.pdf
2026-04-14 16:58:12,663 [INFO]   分类: 公司及个人被纳入 | 公司:  | 姓名: 
2026-04-14 16:58:12,663 [INFO] 
处理: 0557_[临时公告]捷尚股份关于实际控制人、董事长兼总经理被列入失信被执行人及被出具限制消费令的公告.pdf
2026-04-14 16:58:13,043 [INFO]   分类: 个人被纳入 | 公司:  | 姓名: 尚凌辉
2026-04-14 16:58:13,043 [INFO] 
处理: 0558_[临时公告]宝成股份关于公司控股股东、实际控制人、董事、高级管理人员被纳入失信被执行人的补发说明.pdf
2026-04-14 16:58:13,239 [INFO]   分类: 个人被纳入 | 公司:  | 姓名: 柴宝奎，柴宝成，柴宝祥，董俊生
2026-04-14 16:58:13,239 [INFO] 
处理: 0559_[临时公告]南广影视关于补发公司及控股股东、实际控制人涉及诉讼暨被纳入失信被执行人的公告声明.pdf
2026-04-14 16:58:13,578 [INFO]   分类: 公司及个人被纳入 | 公司:  | 姓名: 
2026-04-14 16:58:13,578 [INFO] 
处理: 0560_[临时公告]鸿志兴关于公司、实际控制人、董事、高级管理人员被纳入失信被执行人的公告的补发声明公告.pdf
2026-04-14 16:58:13,715 [INFO]   分类: 公司及个人被纳入 | 公司:  | 姓名: 
2026-04-14 16:58:13,715 [INFO] 
处理: 0561_[临时公告]ST元亨利2020-028：关于补发公司及实际控制人被列入失信被执行人名单的声明公告.pdf
2026-04-14 16:58:13,907 [INFO]   分类: 公司及个人被纳入 | 公司:  | 姓名: 
2026-04-14 16:58:13,907 [INFO] 
处理: 0562_[临时公告]长仪股份关于补发公司独立董事被纳入失信被执行人名单及被出具限制消费令的声明公告.pdf
2026-04-14 16:58:14,073 [INFO]   分类: 其他 | 公司:  | 姓名: 
2026-04-14 16:58:14,073 [INFO] 
处理: 0563_[临时公告]决胜股份关于控股股东及实际控制人、董事长、总经理被纳入失信被执行人的公告的补发声明.pdf
2026-04-14 16:58:14,293 [INFO]   分类: 个人被纳入 | 公司:  | 姓名: 戴政
2026-04-14 16:58:14,293 [INFO] 
处理: 0564_[临时公告]益家食品关于补发公司及公司控股股东、实际控制人、董事长被纳入失信被执行人的声明公告.pdf
2026-04-14 16:58:14,424 [INFO]   分类: 公司及个人被纳入 | 公司:  | 姓名: 
2026-04-14 16:58:14,424 [INFO] 
处理: 0565_[临时公告]霍普金斯838619_公司被纳入失信被执行人的声明_2020-01-20-lmj-ssn-ssn（已取消）.pdf
2026-04-14 16:58:14,627 [INFO]   分类: 公司被纳入 | 公司: 药研究院股份有限公司关于公司 | 姓名: 
2026-04-14 16:58:14,627 [INFO] 
处理: 0566_[临时公告]浩天新杰关于控股股东、实际控制人、董事长及董事被纳入失信联合惩戒对象的公告(补发)(更正公告).pdf
2026-04-14 16:58:14,960 [INFO]   分类: 个人被纳入 | 公司:  | 姓名: 刘建国，刘晨
2026-04-14 16:58:14,960 [INFO] 
处理: 0567_[临时公告]越盛腾关于补发公司和公司实际控制人被纳入失信被执行人及被出具限制消费令的声明公告.pdf
2026-04-14 16:58:15,149 [INFO]   分类: 其他 | 公司:  | 姓名: 
2026-04-14 16:58:15,149 [INFO] 
处理: 0568_[临时公告]ST天富关于补发公司及公司控股股东、实际控制人、控股子公司被纳入失信被执行人的声明公告.pdf
2026-04-14 16:58:15,363 [INFO]   分类: 公司及个人被纳入 | 公司: 控股子公司 | 姓名: 
2026-04-14 16:58:15,364 [INFO] 
处理: 0569_[临时公告]ST宇宁关于公司及公司控股股东、实际控制人被列入失信被执行人及被出具限制消费令的公告.pdf
2026-04-14 16:58:16,157 [INFO]   分类: 公司及个人被纳入 | 公司: 安徽宇宁果胶股份有限公司 | 姓名: 刘革兰，谢保明
2026-04-14 16:58:16,157 [INFO] 
处理: 0570_[临时公告]云鼎教育430728 云鼎教育 2020-037：关于补发公司被纳入失信被执行人公告的声明公告.pdf
2026-04-14 16:58:16,320 [INFO]   分类: 公司被纳入 | 公司:  | 姓名: 
2026-04-14 16:58:16,320 [INFO] 
处理: 0571_[临时公告]黑尊生物关于公司法定代表人、控股股东、实际控制人、董事长、总经理被纳入失信被执行人的公告(补发).pdf
2026-04-14 16:58:16,613 [INFO]   分类: 个人被纳入 | 公司:  | 姓名: 程福文
2026-04-14 16:58:16,614 [INFO] 
处理: 0572_[临时公告]ST弛达关于公司、公司实际控制人及控股股东、子公司及孙公司被列入失信被执行人的公告(补发).pdf
2026-04-14 16:58:18,229 [INFO]   分类: 公司及个人被纳入 | 公司: 子公司及孙公司，浙江弛达信息科技股份有限公司，浙江邮小贰科技有限公司，重庆邮小贰科技发展有限公司 | 姓名: 张弛
2026-04-14 16:58:18,229 [INFO] 
处理: 0573_[临时公告]赛能杰关于补发公司子公司重庆正艾敏再生资源回收有限公司被纳入失信被执行人的声明公告.pdf
2026-04-14 16:58:18,406 [INFO]   分类: 公司被纳入 | 公司:  | 姓名: 
2026-04-14 16:58:18,406 [INFO] 
处理: 0574_[临时公告]帝通新材关于实际控制人、控股股东、董事麦鹤远被纳入失信被执行人和限制消费人员的公告(补发).pdf
2026-04-14 16:58:18,733 [INFO]   分类: 个人被纳入 | 公司:  | 姓名: 麦鹤远
2026-04-14 16:58:18,733 [INFO] 
处理: 0575_[临时公告]盈通黑金关于实际控制人、控股股东、董事麦鹤远被纳入失信被执行人和限制消费人员的公告(补发).pdf
2026-04-14 16:58:19,054 [INFO]   分类: 个人被纳入 | 公司:  | 姓名: 麦鹤远
2026-04-14 16:58:19,055 [INFO] 
处理: 0576_[临时公告]图灵汽车关于控股股东、实际控制人、董事长、董事、总经理兼董事会秘书被纳入失信被执行人的公告(补发).pdf
2026-04-14 16:58:19,454 [INFO]   分类: 个人被纳入 | 公司:  | 姓名: 冯浩
2026-04-14 16:58:19,454 [INFO] 
处理: 0577_[临时公告]新元太关于补发公司和控股股东、实际控制人被纳入失信被执行人、限制消费人员的公告-万森包装.pdf
2026-04-14 16:58:19,833 [INFO]   分类: 公司及个人被纳入 | 公司:  | 姓名: 
2026-04-14 16:58:19,834 [INFO] 
处理: 0578_[临时公告]ST中海关于补发公司控股股东、实际控制人被列入失信被执行人、被出具限制消费令的公告的说明.pdf
2026-04-14 16:58:19,863 [INFO]   分类:  | 公司:  | 姓名: 
2026-04-14 16:58:19,863 [INFO] 
处理: 0579_[券商公告]ST奥吉特银河证券关于奥吉特及其实际控制人被列入失信被执行人名单的风险提示性公告.pdf
2026-04-14 16:58:20,809 [INFO]   分类: 个人被纳入 | 公司:  | 姓名: 可能，常利霞，李政伟，董监高
2026-04-14 16:58:20,809 [INFO] 
处理: 0580_[临时公告]美家帮关于补发公司控股子公司北京美家帮科技有限公司被纳入失信被执行人的公告的说明.pdf
2026-04-14 16:58:20,975 [INFO]   分类: 公司被纳入 | 公司: 有限公司 | 姓名: 
2026-04-14 16:58:20,976 [INFO] 
处理: 0581_[临时公告]ST黑蜘关于公司及实际控制人、控股股东、董事长兼法定代表人被纳入失信被执行人的公告(补发).pdf
2026-04-14 16:58:22,442 [INFO]   分类: 公司及个人被纳入 | 公司: 河南黑蜘蛛电子商务股份有限公司 | 姓名: 聂卫献
2026-04-14 16:58:22,443 [INFO] 
处理: 0582_[临时公告]美克思关于补发控股股东、实际控制人、 总经理、 董事长、法定代表人被纳入失信被执行人公告的声明公告.pdf
2026-04-14 16:58:22,517 [INFO]   分类: 个人被纳入 | 公司:  | 姓名: 
2026-04-14 16:58:22,517 [INFO] 
处理: 0583_[券商公告]力天世纪五矿证券关于广东力天世纪传媒股份有公司被列入失信被执行人的风险提示性公告.pdf
2026-04-14 16:58:22,753 [INFO]   分类: 公司被纳入 | 公司: 广东力天世纪传媒股份有限公司 | 姓名: 
2026-04-14 16:58:22,753 [INFO] 
处理: 0584_[临时公告]星光珠宝关于补发挂牌公司及控股股东、实际控制人、子公司被纳入失信被执行人公告的声明公告.pdf
2026-04-14 16:58:22,789 [INFO]   分类: 公司及个人被纳入 | 公司:  | 姓名: 
2026-04-14 16:58:22,790 [INFO] 
处理: 0585_[券商公告]图灵汽车西南证券关于天津图灵汽车科技股份有限公司被列为失信被执行人等事项风险提示性公告.pdf
2026-04-14 16:58:23,526 [INFO]   分类: 其他 | 公司:  | 姓名: 冯浩因
2026-04-14 16:58:23,526 [INFO] 
处理: 0586_[临时公告]大森机电20201222大森机电：关于补发公司控股股东、实际控制人被纳入失信被执行人的公告.pdf
2026-04-14 16:58:23,674 [INFO]   分类: 个人被纳入 | 公司:  | 姓名: 赵晓东
2026-04-14 16:58:23,674 [INFO] 
处理: 0587_[券商公告]ST天富国融证券关于广东天富电气股份有限公司新增被列入失信被执行人情形的风险提示性公告.pdf
2026-04-14 16:58:24,139 [INFO]   分类: 公司被纳入 | 公司:  | 姓名: 
2026-04-14 16:58:24,139 [INFO] 
处理: 0588_[临时公告]ST中磁关于补发公司及实际控制人、董事长、法定代表人、武汉分公司被纳入失信被执行人的声明公告.pdf
2026-04-14 16:58:24,218 [INFO]   分类: 公司及个人被纳入 | 公司: 武汉分公司 | 姓名: 贾伟光
2026-04-14 16:58:24,218 [INFO] 
处理: 0589_[临时公告]ST唯鸿关于公司及控制股东、实际控制人、董事长兼法定代表人新增被纳入失信被执行人的公告(补发).pdf
2026-04-14 16:58:24,375 [INFO]   分类: 个人被纳入 | 公司: 四川唯鸿生物科技股份公司 | 姓名: 陈善明
2026-04-14 16:58:24,375 [INFO] 
处理: 0590_[临时公告]黑尊生物关于补发公司法定代表人、控股股东、实际控制人、董事长、总经理被纳入失信被执行人公告的声明公告.pdf
2026-04-14 16:58:24,471 [INFO]   分类: 个人被纳入 | 公司:  | 姓名: 程福文
2026-04-14 16:58:24,471 [INFO] 
处理: 0591_[临时公告]金正食品关于补发公司及其控股股东、实际控制人、董事、高级管理人员被纳入失信被执行人名单的声明公告.pdf
2026-04-14 16:58:24,564 [INFO]   分类: 公司及个人被纳入 | 公司:  | 姓名: 单俊凤
2026-04-14 16:58:24,564 [INFO] 
处理: 0592_[临时公告]华丽包装关于公司及公司实际控制人、公司子公司甘肃华丽包装制品有限公司被纳入失信被执行人的公告.pdf
2026-04-14 16:58:24,870 [INFO]   分类: 公司及个人被纳入 | 公司: 品有限公司，河南华丽纸业包装股份有限公司，甘肃华丽包装制品有限公司 | 姓名: 代建设
2026-04-14 16:58:24,870 [INFO] 
处理: 0593_[临时公告]ST弛达关于补发公司、公司实际控制人及控股股东、子公司及孙公司被列入失信被执行人公告的说明.pdf
2026-04-14 16:58:24,939 [INFO]   分类: 公司及个人被纳入 | 公司: 子公司及孙公司 | 姓名: 
2026-04-14 16:58:24,939 [INFO] 
处理: 0594_[临时公告]帝通新材关于补发实际控制人、控股股东、董事麦鹤远被纳入失信被执行人和限制消费人员的声明公告.pdf
2026-04-14 16:58:25,008 [INFO]   分类: 其他 | 公司:  | 姓名: 麦鹤远
2026-04-14 16:58:25,008 [INFO] 
处理: 0595_[临时公告]盈通黑金关于补发实际控制人、控股股东、董事麦鹤远被纳入失信被执行人和限制消费人员的声明公告.pdf
2026-04-14 16:58:25,087 [INFO]   分类: 其他 | 公司:  | 姓名: 麦鹤远
2026-04-14 16:58:25,087 [INFO] 
处理: 0596_[券商公告]火柴互娱联储证券关于火柴互娱控股股东、实际控制人被列入失信被执行人事项的风险提示性公告.pdf
2026-04-14 16:58:25,307 [INFO]   分类: 个人被纳入 | 公司:  | 姓名: 王斌，王秀芬
2026-04-14 16:58:25,307 [INFO] 
处理: 0597_[临时公告]ST捷尚关于公司及控股股东、实际控制人、董事长兼总经理被列入失信被执行人及被出具限制消费令的公告.pdf
2026-04-14 16:58:25,560 [INFO]   分类: 公司及个人被纳入 | 公司: 浙江捷尚视觉科技股份有限公司 | 姓名: 周王，尚凌辉
2026-04-14 16:58:25,560 [INFO] 
处理: 0598_[临时公告]容德科技关于挂牌公司及控股股东、实际控制人、董事长、总经理、法定代表人被纳入失信被执行人的补发声明公告.pdf
2026-04-14 16:58:25,658 [INFO]   分类: 公司及个人被纳入 | 公司:  | 姓名: 刘玉玲
2026-04-14 16:58:25,658 [INFO] 
处理: 0599_[临时公告]华丽包装关于公司及公司实际控制人、公司子公司湖北华丽包装有限公司被纳入失信被执行人的公告.pdf
2026-04-14 16:58:25,898 [INFO]   分类: 公司及个人被纳入 | 公司: 河南华丽纸业包装股份有限公司，湖北华丽包装有限公司 | 姓名: 代建设
2026-04-14 16:58:25,899 [INFO] 
处理: 0600_[临时公告]图灵汽车关于补发控股股东、实际控制人、董事长、董事、总经理兼董事会秘书被纳入失信被执行人公告的声明公告.pdf
2026-04-14 16:58:25,979 [INFO]   分类: 个人被纳入 | 公司:  | 姓名: 冯浩
2026-04-14 16:58:25,979 [INFO] 
处理: 0601_[临时公告]新元太关于公司及公司控股股东、实际控制人被纳入失信被执行人和限制消费人员的公告的补发说明.pdf
2026-04-14 16:58:26,104 [INFO]   分类: 公司及个人被纳入 | 公司:  | 姓名: 海先生，游成海
2026-04-14 16:58:26,104 [INFO] 
处理: 0602_[临时公告]长江绿海关于挂牌公司及实际控制人被纳入失信被执行人及公司应收账款在执行中被冻结的公告(补发).pdf
2026-04-14 16:58:26,242 [INFO]   分类: 公司及个人被纳入 | 公司: 长江绿海环境工程股份有限公司 | 姓名: 吴路琴，林善福
2026-04-14 16:58:26,243 [INFO] 
处理: 0603_[临时公告]科能腾达430148_关于补发北京科能腾达信息技术股份有限公司被纳入失信被执行人公告的声明.pdf
2026-04-14 16:58:26,305 [INFO]   分类: 公司被纳入 | 公司: 在知悉公司 | 姓名: 
2026-04-14 16:58:26,307 [INFO] 
处理: 0604_[临时公告]艺根科技关于补发公司及公司控股股东、实际控制人、董事被纳入失信被执行人和限制消费人员的公告(补发).pdf
2026-04-14 16:58:26,447 [INFO]   分类: 公司及个人被纳入 | 公司: 福建艺根科技股份有限公司 | 姓名: 李美暖，李美耕
2026-04-14 16:58:26,447 [INFO] 
处理: 0605_[临时公告]艺根科技关于补发公司及公司控股股东、实际控制人、董事被纳入失信被执行人和限制消费人员的声明公告.pdf
2026-04-14 16:58:26,558 [INFO]   分类: 其他 | 公司:  | 姓名: 
2026-04-14 16:58:26,559 [INFO] 
处理: 0606_[临时公告]ST黑蜘关于补发公司及控股股东、实际控制人、董事长兼法定代表人被纳入失信被执行人公告的声明公告.pdf
2026-04-14 16:58:26,659 [INFO]   分类: 公司及个人被纳入 | 公司:  | 姓名: 
2026-04-14 16:58:26,659 [INFO] 
处理: 0607_[临时公告]四川唯鸿关于补发公司及控股股东、实际看控制人、董事长兼法定代表人被纳入失信被执行人公告的声明公告.pdf
2026-04-14 16:58:26,736 [INFO]   分类: 公司及个人被纳入 | 公司:  | 姓名: 
2026-04-14 16:58:26,736 [INFO] 
处理: 0608_[临时公告]颍元股份2020-003颍元股份：关于补发公司以及控股股东、实际控制人被纳入失信被执行人的声明公告.pdf
2026-04-14 16:58:26,811 [INFO]   分类: 个人被纳入 | 公司:  | 姓名: 梁亦才
2026-04-14 16:58:26,811 [INFO] 
处理: 0609_[临时公告]玖悦股份关于公司、子公司、公司控股股东及实际控制人被纳入失信被执行人及被出具限制消费令的公告(补发).pdf
2026-04-14 16:58:27,109 [INFO]   分类: 个人被纳入 | 公司: 上海玖悦文化传播股份有限公司，汕头市玖悦文化传播有限公司 | 姓名: 王晓霞
2026-04-14 16:58:27,110 [INFO] 
处理: 0610_[临时公告]霍普金斯838619_实际控制人被纳入失信联合惩戒对象的声明_2020-01-20-lmj-ssn-ssn（已取消）.pdf
2026-04-14 16:58:27,185 [INFO]   分类: 个人被纳入 | 公司:  | 姓名: 
2026-04-14 16:58:27,185 [INFO] 
处理: 0611_[临时公告]新元太关于公司及公司控股股东、实际控制人被纳入失信被执行人和限制消费人员的公告的补发说明.pdf
2026-04-14 16:58:27,257 [INFO]   分类: 公司及个人被纳入 | 公司:  | 姓名: 游成海，范晋玲
2026-04-14 16:58:27,257 [INFO] 
处理: 0612_[临时公告]东方视野关于公司及法定代表人、控股股东、实际控制人、董事长、总经理及财务负责人被纳入失信被执行人的公告(补发).pdf
2026-04-14 16:58:27,443 [INFO]   分类: 公司及个人被纳入 | 公司: 河北东方视野文化传播股份有限公司 | 姓名: 张杰，李春霞
2026-04-14 16:58:27,443 [INFO] 
处理: 0613_[临时公告]黑尊生物关于公司控股子公司及公司法定代表人控股股东实际控制人董事长总经理被撤销失信被执行人的公告.pdf
2026-04-14 16:58:27,572 [INFO]   分类: 公司及个人被撤销 | 公司: 控股子公司 | 姓名: 程福文
2026-04-14 16:58:27,573 [INFO] 
处理: 0614_[临时公告]容德科技关于公司及公司控股股东、实际控制人、董事长、总经理、法定代表人刘玉玲被纳入失信被执行人的公告(补发).pdf
2026-04-14 16:58:27,720 [INFO]   分类: 公司及个人被纳入 | 公司: 河南省容德电子科技股份有限公司 | 姓名: 刘玉玲
2026-04-14 16:58:27,720 [INFO] 
处理: 0615_[临时公告]长江绿海关于挂牌公司及实际控制人被纳入失信被执行人及公司应收账款在执行中被冻结补发公告的声明.pdf
2026-04-14 16:58:27,800 [INFO]   分类: 公司及个人被纳入 | 公司:  | 姓名: 
2026-04-14 16:58:27,800 [INFO] 
处理: 0616_[临时公告]壹加壹关于宁夏壹加壹农牧股份有限公司、宁夏现代壹加壹牧业发展有限公司被纳入失信被执行人的公告(补发).pdf
2026-04-14 16:58:27,909 [INFO]   分类: 公司被纳入 | 公司: 宁夏壹加壹农牧股份有限公司，有限公司 | 姓名: 
2026-04-14 16:58:27,910 [INFO] 
处理: 0617_[临时公告]峻岭能源关于公司控股股东、实际控制人、财务负责人、总经理、董事长兼法定代表人被纳入失信被执行人补发声明公告(补发).pdf
2026-04-14 16:58:28,238 [INFO]   分类: 个人被纳入 | 公司:  | 姓名: 周俊
2026-04-14 16:58:28,238 [INFO] 
处理: 0618_[临时公告]卓越钒业 攀枝花卓越钒业科技股份有限公司关于控股股东攀枝花钢城集团有限公司解除失信被执行人的公告.pdf
2026-04-14 16:58:28,679 [INFO]   分类: 个人被撤销 | 公司: 控股股东攀枝花钢城集团有限公司，攀枝花钢城集团有限公司，知悉控股股东攀枝花钢城集团有限公司 | 姓名: 解决该
2026-04-14 16:58:28,679 [INFO] 
处理: 0619_[临时公告]华丽包装关于公司法定代表人、董事长、总经理代建设先生被列入失信被执行人公司未完成改选或另聘的说明公告.pdf
2026-04-14 16:58:29,018 [INFO]   分类: 个人被纳入 | 公司:  | 姓名: 代建设
2026-04-14 16:58:29,018 [INFO] 
处理: 0620_[临时公告]东方视野关于补发公司及法定代表人、控股股东、实际控制人、董事长、总经理及财务负责人被纳入失信被执行人的公告的声明公告.pdf
2026-04-14 16:58:29,184 [INFO]   分类: 公司及个人被纳入 | 公司:  | 姓名: 张杰，李春霞
2026-04-14 16:58:29,185 [INFO] 
处理: 0621_[券商公告]昶桦股份中原证券关于盐城市昶桦户外用品股份有限公司涉及重大诉讼、公司被列为失信被执行人的风险提示性公告.pdf
2026-04-14 16:58:29,713 [INFO]   分类: 其他 | 公司:  | 姓名: 
2026-04-14 16:58:29,714 [INFO] 
处理: 0622_[券商公告]昶桦股份中原证券关于盐城市昶桦户外用品股份有限公司控股股东、实际控制人、董事长被列为失信被执行人风险提示性公告.pdf
2026-04-14 16:58:30,409 [INFO]   分类: 其他 | 公司:  | 姓名: 严正华
2026-04-14 16:58:30,409 [INFO] 
处理: 0623_[券商公告]永平资源安信证券关于山东永平再生资源股份有限公司及控股股东、实际控制人被列为失信被执行人的风险提示性公告.pdf
2026-04-14 16:58:31,223 [INFO]   分类: 其他 | 公司:  | 姓名: 孙学萍
2026-04-14 16:58:31,223 [INFO] 
处理: 0624_[临时公告]宏鼎股份关于控股股东、实际控制人、控股子公司、董事、监事、高级管理人员被纳入失信被执行人及被出具限制消费令的公告(补发).pdf
2026-04-14 16:58:31,610 [INFO]   分类: 公司及个人被纳入 | 公司:  | 姓名: 张一鹤
2026-04-14 16:58:31,611 [INFO] 
处理: 0625_[临时公告]宇宁果胶关于公司及公司控股股东、实际控制人、董事长兼法定代表人被纳被列入失信被执行人及被出具限制消费令的公告（补发）.pdf
2026-04-14 16:58:32,180 [INFO]   分类: 公司及个人被纳入 | 公司: 安徽宇宁果胶股份有限公司 | 姓名: 刘革兰
2026-04-14 16:58:32,180 [INFO] 
处理: 0626_[券商公告]聚元食品申万宏源证券有限公司关于福建省聚元食品股份有限公司的子公司被纳入失信被执行人的风险提示性公告.pdf
2026-04-14 16:58:32,674 [INFO]   分类: 公司被纳入 | 公司: 福建省聚元食品股份有限公司的子公司 | 姓名: 
2026-04-14 16:58:32,675 [INFO] 
处理: 0627_[券商公告]ST长乐情国融证券关于湖南长乐情食品科技股份有限公司、实际控制人及董事被纳入失信被执行人风险提示性公告.pdf
2026-04-14 16:58:33,176 [INFO]   分类: 公司及个人被纳入 | 公司:  | 姓名: 
2026-04-14 16:58:33,176 [INFO] 
处理: 0628_[券商公告]星光珠宝光大证券关于星光珠宝集团股份有限公司及子公司被列入失信被执行人、限制消费人员名单的风险提示性公告.pdf
2026-04-14 16:58:33,889 [INFO]   分类: 公司被纳入 | 公司: 及子公司，子公司阜阳星光珠宝有限公司，宝有限责任公司，星光珠宝集团股份有限公司，蚌埠星光珠宝有限责任公司 | 姓名: 
2026-04-14 16:58:33,889 [INFO] 
处理: 0629_[临时公告]峻岭能源2020-031 关于公司控股股东、实际控制人、财务负责人、总经理、董事长兼法定代表人被纳入失信被执行人补发声明公告.pdf
2026-04-14 16:58:34,036 [INFO]   分类: 个人被纳入 | 公司:  | 姓名: 周俊
2026-04-14 16:58:34,036 [INFO] 
处理: 0630_[券商公告]润升牛业申万宏源证券有限公司关于安徽润升牛业股份有限公司及相关人员被列入失信被执行人的风险提示性公告.pdf
2026-04-14 16:58:34,914 [INFO]   分类: 公司被纳入 | 公司:  | 姓名: 
2026-04-14 16:58:34,915 [INFO] 
处理: 0631_[券商公告]星光珠宝光大证券关于星光珠宝集团股份有限公司被纳入失信被执行人名单、涉及劳动仲裁、经营风险的风险提示性公告.pdf
2026-04-14 16:58:35,311 [INFO]   分类: 公司被纳入 | 公司: 光珠宝集团股份有限公司 | 姓名: 
2026-04-14 16:58:35,311 [INFO] 
处理: 0632_[临时公告]ST捷尚832325 ST捷尚2020-080：关于补发控股股东、实际控制人及控股子公司被纳入失信被执行人公告的声明公告.pdf
2026-04-14 16:58:35,501 [INFO]   分类: 个人被纳入 | 公司:  | 姓名: 尚凌辉
2026-04-14 16:58:35,501 [INFO] 
处理: 0633_[券商公告]东吾洋中信建投证券股份有限公司关于福建东吾洋食品股份有限公司被纳入失信被执行人及银行账户被冻结的风险提示性公告.pdf
2026-04-14 16:58:35,788 [INFO]   分类: 公司被纳入 | 公司: 福建东吾洋食品股份有限公司 | 姓名: 
2026-04-14 16:58:35,788 [INFO] 
处理: 0634_[临时公告]宇宁果胶关于补发公司及公实际控制人、董事长被纳入失信被执行人及被出具限制消费令及补充确认关联交易的公告的说明公告.pdf
2026-04-14 16:58:36,138 [INFO]   分类: 其他 | 公司:  | 姓名: 
2026-04-14 16:58:36,138 [INFO] 
处理: 0635_[临时公告]ST东和2020-026_河南东和环保科技股份有限公司补发公司及公司控股股东、实际控制人被纳入失信被执行人公告的声明公告.pdf
2026-04-14 16:58:36,295 [INFO]   分类: 公司及个人被纳入 | 公司:  | 姓名: 
2026-04-14 16:58:36,296 [INFO] 
处理: 0636_[临时公告]了望股份关于公司及公司控股股东、实际控制人、高级管理人员兼法定代表人被纳入失信被执行人及被出具限制消费令的公告(补发).pdf
2026-04-14 16:58:36,744 [INFO]   分类: 公司及个人被纳入 | 公司: 北京了望投资顾问股份有限公司 | 姓名: 王蕊
2026-04-14 16:58:36,745 [INFO] 
处理: 0637_[临时公告]了望股份关于补发公司及公司控股股东、实际控制人、高级管理人员兼法定代表人被纳入失信被执行人及被出具限制消费令的声明公告.pdf
2026-04-14 16:58:36,929 [INFO]   分类: 其他 | 公司:  | 姓名: 
2026-04-14 16:58:36,929 [INFO] 
处理: 0638_[券商公告]亿仕达广州证券（已更名为中信华南）关于亿仕达公司及控股股东、董事长被列入被执行人、法定代表人被列入失信被执行人的风险提示性公告.pdf
2026-04-14 16:58:37,547 [INFO]   分类: 公司及个人被纳入 | 公司:  | 姓名: 张天宇，张海涛
2026-04-14 16:58:37,547 [INFO] 
处理: 0639_[券商公告]中喜股份光大证券股份有限公司关于中喜生态产业股份有限公司实际控制人、控股股东被列入失信被执行人的风险提示性公告.pdf
2026-04-14 16:58:38,048 [INFO]   分类: 个人被纳入 | 公司:  | 姓名: 和高级，张洪欣，董监高
2026-04-14 16:58:38,049 [INFO] 
处理: 0640_[临时公告]玖悦股份2020-020_1799_关于公司、子公司、公司控股股东、实际控制人被纳入失信被执行人及被出具限制消费令的公告的补发说明.pdf
2026-04-14 16:58:38,225 [INFO]   分类: 不属于失信人 | 公司:  | 姓名: 
2026-04-14 16:58:38,225 [INFO] 
处理: 0641_[券商公告]唐山华熠方正承销保荐关于唐山华熠实业股份有限公司及事故主要负责人被纳入安全生产失信联合惩戒对象的风险提示性公告.pdf
2026-04-14 16:58:38,595 [INFO]   分类: 公司被纳入 | 公司:  | 姓名: 
2026-04-14 16:58:38,596 [INFO] 
处理: 0642_[券商公告]巨鹏食品大同证券有限责任公司关于甘肃巨鹏清真食品股份有限公司被纳入失信被执行人、不配合持续督导工作等相关事项的风险提示性公告.pdf
2026-04-14 16:58:38,767 [INFO]   分类: 公司被纳入 | 公司: 甘肃巨鹏清真食品股份有限公司 | 姓名: 
2026-04-14 16:58:38,767 [INFO] 
处理: 0643_[券商公告]ST海斯迪方正证券承销保荐有限责任公司关于深圳海斯迪能源科技股份有限公司实际控制人新增失信被执行人信息的风险提示性公告.pdf
2026-04-14 16:58:39,177 [INFO]   分类: 个人被纳入 | 公司:  | 姓名: 张晓云
2026-04-14 16:58:39,178 [INFO] 
处理: 0644_[券商公告]天翔昌运中信建投关于北京天翔昌运科技股份有限公司及其控股子公司、公司实际控制人兼法定代表人被列入失信被执行人的风险提示性公告.pdf
2026-04-14 16:58:41,002 [INFO]   分类: 公司及个人被纳入 | 公司: 北京天翔昌运科技股份有限公司，惠州市众业科技有限公司，惠州市天翔昌运电子有限公司 | 姓名: 陈海平
2026-04-14 16:58:41,002 [INFO] 
处理: 0645_[券商公告]东北证券股份有限公司关于黑龙江省北味菌业科技集团股份有限公司控股子公司新增被列入失信被执行人及被执行人情形的风险提示性公告.pdf
2026-04-14 16:58:41,602 [INFO]   分类: 公司被纳入 | 公司:  | 姓名: 
2026-04-14 16:58:41,602 [INFO] 
处理: 0646_[券商公告]亿仕达广州证券（已更名为中信华南）关于亿仕达公司、控股股东、董事长及法定代表人被列入被执行人、法定代表人被列入失信被执行人的风险提示性公告.pdf
2026-04-14 16:58:42,135 [INFO]   分类: 公司及个人被纳入 | 公司:  | 姓名: 张天宇，张海涛
2026-04-14 16:58:42,136 [INFO] 
处理: 0647_[券商公告]韶华文化天风证券关于韶华文化实际控制人被刑事拘留、取保候审的进展情况、实际控制人之一被纳入失信被执行人及持续经营能力的风险提示性公告.pdf
2026-04-14 16:58:42,715 [INFO]   分类: 个人被纳入 | 公司:  | 姓名: 刘忠全，林莉
2026-04-14 16:58:42,715 [INFO] 
处理: 0648_[券商公告]科得新材关于江西科得新材料股份有限公司被列为失信被执行人、科得新材和公司实际控制人奉玉贞被限制高消费及涉及法律诉讼的风险提示性公告.pdf
2026-04-14 16:58:43,131 [INFO]   分类: 其他 | 公司:  | 姓名: 奉玉贞
2026-04-14 16:58:43,132 [INFO] 
处理: 0649_[券商公告]中青国际东吴证券股份有限公司关于河南中青国际旅行社股份有限公司涉及诉讼、被纳入失信被执行人、未能规范履行信息披露义务的风险提示性公告.pdf
2026-04-14 16:58:44,300 [INFO]   分类: 公司被纳入 | 公司:  | 姓名: 
2026-04-14 16:58:44,300 [INFO] 
处理: 0650_[券商公告]东北证券股份有限公司关于黑龙江省北味菌业科技集团股份有限公司控股股东、实际控制人及控股子公司新增被列入失信被执行人情形的风险提示性公告.pdf
2026-04-14 16:58:45,515 [INFO]   分类: 个人被纳入 | 公司:  | 姓名: 和高，董监高，齐振东，齐振华
2026-04-14 16:58:45,516 [INFO] 
处理: 0651_[券商公告]美家帮东吴证券股份有限公司关于厦门美家帮科技股份有限公司未弥补亏损达实收股本总额三分之一及控股子公司被列为失信被执行人的风险提示性公告.pdf
2026-04-14 16:58:45,826 [INFO]   分类: 不属于失信人 | 公司: 控股子公司 | 姓名: 
2026-04-14 16:58:45,826 [INFO] 
处理: 0652_[券商公告]ST唯鸿大同证券有限责任公司关于四川唯鸿生物科技股份公司及子公司、实际控制人涉及诉讼、被列入失信被执行人、被执行人和限制消费人员名单等事项的风险提示.pdf
2026-04-14 16:58:47,396 [INFO]   分类: 公司及个人被纳入 | 公司: 及子公司 | 姓名: 
2026-04-14 16:58:47,397 [INFO] 
处理: 0653_[券商公告]东北证券股份有限公司关于黑龙江省北味菌业科技集团股份有限公司实际控制人、董事兼总经理被列入被执行人、失信被执行人及限制消费人员名单的风险提示性公告.pdf
2026-04-14 16:58:48,126 [INFO]   分类: 个人被纳入 | 公司:  | 姓名: 和高，董监高，齐振华
2026-04-14 16:58:48,127 [INFO] 
处理: 0654_[券商公告]多尔克司申万宏源证券有限公司关于多尔克司食品集团股份有限公司及相关人员被列为失信被执行人、主要银行账户被冻结、实际控制人股份被冻结的风险提示性公告.pdf
2026-04-14 16:58:49,483 [INFO]   分类: 其他 | 公司:  | 姓名: 和高级，戴士伟，董监高，赵志强，韩温香
2026-04-14 16:58:49,483 [INFO] 
处理: 0655_[券商公告]星光珠宝光大证券股份有限公司关于星光珠宝集团股份有限公司及其实际控制人、子公司涉及诉讼、被列入失信被执行人和限制消费人员名单等事项的风险提示性公告.pdf
2026-04-14 16:58:53,707 [INFO]   分类: 其他 | 公司: 本案涉及的星光珠宝集团股份有限公司，阜阳星光珠宝有限公司 | 姓名: 周天杰
2026-04-14 16:58:53,707 [INFO] 
处理: 0656_[临时公告]泓宇环能河南泓宇环能科技股份有限公司关于公司法定代表人、董事长、总经理陈志强先生及副董事长、董事会秘书王朝选先生被列入失信被执行人公司未完成改选或另.pdf
2026-04-14 16:58:54,018 [INFO]   分类: 个人被纳入 | 公司:  | 姓名: 王朝选，陈志强
2026-04-14 16:58:54,019 [INFO] 
处理: 0657_[券商公告]韶华文化天风证券股份有限公司关于上海韶华文化传播股份有限公司实际控制人被刑事拘留、取保候审的进展情况、实际控制人被纳入失信被执行人及持续经营能力的风.pdf
2026-04-14 16:58:54,867 [INFO]   分类: 个人被纳入 | 公司:  | 姓名: 刘忠全，林莉
2026-04-14 16:58:54,869 [INFO] 
处理: 0658_[券商公告]东北证券股份有限公司关于黑龙江省北味菌业科技集团股份有限公司及其实际控制人、子公司涉及诉讼、被列入失信被执行人、被执行人和限制消费人员名单等事项的风.pdf
2026-04-14 16:58:58,764 [INFO]   分类: 公司及个人被纳入 | 公司:  | 姓名: 齐振华
2026-04-14 16:58:58,764 [INFO] 
处理: 0659_[券商公告]新卡奔方正承销保荐关于江西新卡奔科技股份有限公司被纳入失信被执行人、实际控制人被出具限制消费令、公司银行账户被冻结及无法按期披露2019年年度报告的.pdf
2026-04-14 16:58:59,215 [INFO]   分类: 公司被纳入 | 公司: 导致公司，江西新卡奔科技股份有限公司 | 姓名: 
2026-04-14 16:58:59,237 [INFO] 
结果已保存: D:\This computer\desktop\2020年失信人文件-pdf（659）\失信人信息提取结果_分类版.csv
2026-04-14 16:58:59,237 [INFO] 
完成！共 659 条记录
2026-04-14 16:58:59,238 [INFO] 分类[公司被纳入]: 278 条
2026-04-14 16:58:59,238 [INFO] 分类[公司被撤销]: 15 条
2026-04-14 16:58:59,238 [INFO] 分类[个人被纳入]: 188 条
2026-04-14 16:58:59,238 [INFO] 分类[个人被撤销]: 12 条
2026-04-14 16:58:59,238 [INFO] 分类[公司及个人被纳入]: 124 条
2026-04-14 16:58:59,238 [INFO] 分类[公司及个人被撤销]: 8 条
2026-04-14 16:58:59,238 [INFO] 分类[不属于失信人]: 5 条
2026-04-14 16:58:59,240 [INFO] 分类[其他]: 19 条
