2026-04-13 16:28:09,052 [INFO] LAC 已加载
2026-04-13 16:28:27,005 [DEBUG] Building prefix dict from the default dictionary ...
2026-04-13 16:28:27,581 [DEBUG] Dumping model to file cache C:\Users\25485\AppData\Local\Temp\jieba.cache
2026-04-13 16:28:27,624 [DEBUG] Loading model cost 0.619 seconds.
2026-04-13 16:28:27,624 [DEBUG] Prefix dict has been built successfully.
2026-04-13 16:28:27,627 [INFO] 
处理: 0001_[临时公告]华维电瓷关于补发挂牌公司被纳入失信被执行人并移除失信被执行人信息及控股股东、实际控制人被纳入失信被执行人公告的声明公告.pdf
2026-04-13 16:28:27,709 [INFO]   分类: 个人被纳入 | 公司: 由于公司 | 姓名: 
2026-04-13 16:28:27,710 [INFO] 
处理: 0002_[临时公告]华维电瓷关于补发挂牌公司被纳入失信被执行人并移除失信被执行人信息及控股股东、实际控制人被纳入失信被执行人公告的声明公告.pdf
2026-04-13 16:28:27,800 [INFO]   分类: 个人被纳入 | 公司: 由于公司 | 姓名: 
2026-04-13 16:28:27,801 [INFO] 
处理: 0003_[临时公告]华维电瓷关于挂牌公司被纳入失信被执行人并移除失信被执行人信息的公告(补发).pdf
2026-04-13 16:28:28,068 [INFO]   分类: 公司被纳入 | 公司: 未及时履行导致公司，萍乡华维电瓷科技股份有限公司 | 姓名: 
2026-04-13 16:28:28,068 [INFO] 
处理: 0004_[临时公告]风云科技关于挂牌公司被纳入失信被执行人并移除失信被执行人信息的公告(补发).pdf
2026-04-13 16:28:28,215 [INFO]   分类: 公司被纳入 | 公司: 厦门风云科技股份有限公司，未及时履行导致公司 | 姓名: 
2026-04-13 16:28:28,216 [INFO] 
处理: 0005_[临时公告]风云科技关于补发挂牌公司被纳入失信被执行人并移除失信被执行人信息公告的声明公告.pdf
2026-04-13 16:28:28,260 [INFO]   分类: 公司被纳入 | 公司:  | 姓名: 
2026-04-13 16:28:28,260 [INFO] 
处理: 0006_[临时公告]润生保险关于董事被纳入失信联合惩戒对象的公告.pdf
2026-04-13 16:28:28,415 [INFO]   分类: 个人被纳入 | 公司:  | 姓名: 李蓉
2026-04-13 16:28:28,415 [INFO] 
处理: 0007_[临时公告]骅锋科技关于公司被撤销失信执行人的公告.pdf
2026-04-13 16:28:28,486 [INFO]   分类: 公司被撤销 | 公司:  | 姓名: 
2026-04-13 16:28:28,486 [INFO] 
处理: 0008_[临时公告]ST白茶关于公司被纳入失信联合惩戒对象的公告（补发）.pdf
2026-04-13 16:28:28,558 [INFO]   分类: 公司被纳入 | 公司: 福鼎白茶股份有限公司 | 姓名: 
2026-04-13 16:28:28,558 [INFO] 
处理: 0009_[临时公告]宏良皮业关于公司被纳入失信被执行人的公告.pdf
2026-04-13 16:28:28,643 [INFO]   分类: 公司被纳入 | 公司: 甘肃宏良皮业股份有限公司 | 姓名: 
2026-04-13 16:28:28,643 [INFO] 
处理: 0010_[临时公告]兴艺景关于监事被移出失信被执行人的公告.pdf
2026-04-13 16:28:28,709 [INFO]   分类: 个人被撤销 | 公司:  | 姓名: 
2026-04-13 16:28:28,709 [INFO] 
处理: 0011_[临时公告]国遥博诚关于公司被纳入失信被执行人的公告.pdf
2026-04-13 16:28:28,777 [INFO]   分类: 公司被纳入 | 公司: 吉林省国遥博诚科技股份有限公司 | 姓名: 
2026-04-13 16:28:28,777 [INFO] 
处理: 0012_[临时公告]兴艺景关于监事被纳入失信被执行人的公告.pdf
2026-04-13 16:28:28,909 [INFO]   分类: 个人被纳入 | 公司:  | 姓名: 王大桃
2026-04-13 16:28:28,909 [INFO] 
处理: 0013_[临时公告]宏良皮业关于公司被纳入失信被执行人的公告.pdf
2026-04-13 16:28:29,037 [INFO]   分类: 公司被纳入 | 公司: 甘肃宏良皮业股份有限公司 | 姓名: 
2026-04-13 16:28:29,037 [INFO] 
处理: 0014_[临时公告]金开利关于公司被纳入失信被执行人的公告.pdf
2026-04-13 16:28:29,096 [INFO]   分类: 公司被纳入 | 公司: 深圳市金开利科技股份有限公司 | 姓名: 
2026-04-13 16:28:29,097 [INFO] 
处理: 0015_[临时公告]宏良皮业关于公司被纳入失信被执行人的公告.pdf
2026-04-13 16:28:29,188 [INFO]   分类: 公司被纳入 | 公司: 甘肃宏良皮业股份有限公司 | 姓名: 
2026-04-13 16:28:29,188 [INFO] 
处理: 0016_[临时公告]宏良皮业关于公司被纳入失信被执行人的公告.pdf
2026-04-13 16:28:29,273 [INFO]   分类: 公司被纳入 | 公司: 甘肃宏良皮业股份有限公司 | 姓名: 
2026-04-13 16:28:29,273 [INFO] 
处理: 0017_[临时公告]宏良皮业关于公司被纳入失信被执行人的公告.pdf
2026-04-13 16:28:29,378 [INFO]   分类: 公司被纳入 | 公司: 甘肃宏良皮业股份有限公司 | 姓名: 
2026-04-13 16:28:29,378 [INFO] 
处理: 0018_[临时公告]掌玩互娱关于公司被纳入失信被执行人的公告.pdf
2026-04-13 16:28:29,534 [INFO]   分类: 公司被纳入 | 公司: 由于上述公司 | 姓名: 
2026-04-13 16:28:29,534 [INFO] 
处理: 0019_[临时公告]维尔思关于挂牌公司被纳入失信被执行人的公告.pdf
2026-04-13 16:28:29,710 [INFO]   分类: 公司被纳入 | 公司: 江苏维尔思环境工程有限公司，江苏维尔思环境工程股份有限公司 | 姓名: 
2026-04-13 16:28:29,711 [INFO] 
处理: 0020_[临时公告]德御坊关于控股股东被纳入失信被执行人的公告.pdf
2026-04-13 16:28:29,898 [INFO]   分类: 个人被纳入 | 公司: 龙跃实业集团有限公司 | 姓名: 赵培林，赵晶，龙跃
2026-04-13 16:28:29,898 [INFO] 
处理: 0021_[临时公告]ST曼克斯关于公司被移除失信被执行人的公告.pdf
2026-04-13 16:28:30,048 [INFO]   分类: 个人被纳入 | 公司: 浙江曼克斯缝纫机股份有限公司 | 姓名: 
2026-04-13 16:28:30,048 [INFO] 
处理: 0022_[临时公告]国臻堂关于公司被纳入失信被执行人的公告(补发).pdf
2026-04-13 16:28:30,151 [INFO]   分类: 公司被纳入 | 公司: 安徽省国臻堂生物科技股份有限公司 | 姓名: 
2026-04-13 16:28:30,151 [INFO] 
处理: 0023_[临时公告]维尔思关于挂牌公司被纳入失信被执行人的公告.pdf
2026-04-13 16:28:30,256 [INFO]   分类: 公司被纳入 | 公司: 江苏维尔思环境工程股份有限公司 | 姓名: 
2026-04-13 16:28:30,257 [INFO] 
处理: 0024_[临时公告]力好科技关于公司被纳入失信被执行人的公告.pdf
2026-04-13 16:28:30,342 [INFO]   分类: 公司被纳入 | 公司: 江西力好新能源科技股份有限公司 | 姓名: 
2026-04-13 16:28:30,342 [INFO] 
处理: 0025_[临时公告]贵交科关于控股股东被纳入失信被执行人的公告.pdf
2026-04-13 16:28:30,442 [INFO]   分类: 个人被纳入 | 公司:  | 姓名: 
2026-04-13 16:28:30,442 [INFO] 
处理: 0026_[临时公告]中标集团被列入失信被执行人的公告.pdf
2026-04-13 16:28:30,592 [INFO]   分类: 公司被纳入 | 公司: 中标建设集团股份有限公司，中标集团总包建设有限公司 | 姓名: 
2026-04-13 16:28:30,592 [INFO] 
处理: 0027_[临时公告]宇德科技关于公司解除失信被执行人的公告.pdf
2026-04-13 16:28:30,766 [INFO]   分类: 个人被纳入 | 公司: 湖南宇德信息科技股份有限公司 | 姓名: 
2026-04-13 16:28:30,766 [INFO] 
处理: 0028_[临时公告]贵交科关于控股股东被纳入失信被执行人的公告.pdf
2026-04-13 16:28:30,928 [INFO]   分类: 个人被纳入 | 公司:  | 姓名: 
2026-04-13 16:28:30,928 [INFO] 
处理: 0029_[临时公告]ST中科关于公司被纳入失信被执行人的公告.pdf
2026-04-13 16:28:30,989 [INFO]   分类: 公司被纳入 | 公司: 北京中科联众科技股份有限公司 | 姓名: 
2026-04-13 16:28:30,989 [INFO] 
处理: 0030_[临时公告]唐人科技解除失信被执行人公告.pdf
2026-04-13 16:28:30,994 [INFO]   分类:  | 公司:  | 姓名: 
2026-04-13 16:28:30,995 [INFO] 
处理: 0031_[临时公告]ST威能关于公司被纳入失信被执行人的公告.pdf
2026-04-13 16:28:31,706 [INFO]   分类: 公司被纳入 | 公司: 山东威能环保电源科技股份有限公司 | 姓名: 
2026-04-13 16:28:31,706 [INFO] 
处理: 0032_[临时公告]墨药股份董事被纳入失信被执行人的公告.pdf
2026-04-13 16:28:32,673 [INFO]   分类: 个人被纳入 | 公司:  | 姓名: 吴鸿鹄
2026-04-13 16:28:32,673 [INFO] 
处理: 0033_[临时公告]墨药股份监事被纳入失信被执行人的公告.pdf
2026-04-13 16:28:33,440 [INFO]   分类: 个人被纳入 | 公司:  | 姓名: 李传东
2026-04-13 16:28:33,440 [INFO] 
处理: 0034_[临时公告]墨药股份董事被纳入失信被执行人的公告.pdf
2026-04-13 16:28:33,909 [INFO]   分类: 个人被纳入 | 公司:  | 姓名: 李传东
2026-04-13 16:28:33,909 [INFO] 
处理: 0035_[临时公告]乐众信息董事被纳入失信被执行人的公告.pdf
2026-04-13 16:28:34,216 [INFO]   分类: 个人被纳入 | 公司:  | 姓名: 李翠兰
2026-04-13 16:28:34,216 [INFO] 
处理: 0036_[临时公告]ST中科关于公司被纳入失信被执行人的公告.pdf
2026-04-13 16:28:34,519 [INFO]   分类: 公司被纳入 | 公司: 北京中科联众科技股份有限公司 | 姓名: 
2026-04-13 16:28:34,519 [INFO] 
处理: 0037_[临时公告]维尔思关于挂牌公司被纳入失信被执行人的公告.pdf
2026-04-13 16:28:34,717 [INFO]   分类: 公司被纳入 | 公司: 江苏维尔思环境工程股份有限公司 | 姓名: 
2026-04-13 16:28:34,717 [INFO] 
处理: 0038_[临时公告]森纵教育关于公司解除失信被执行人的公告.pdf
2026-04-13 16:28:34,989 [INFO]   分类: 公司被纳入 | 公司: 司关于公司 | 姓名: 
2026-04-13 16:28:34,991 [INFO] 
处理: 0039_[临时公告]ST威能关于公司被纳入失信被执行人的公告.pdf
2026-04-13 16:28:35,225 [INFO]   分类: 公司被纳入 | 公司: 山东威能环保电源科技股份有限公司 | 姓名: 
2026-04-13 16:28:35,225 [INFO] 
处理: 0040_[临时公告]贵交科控股股东被纳入失信被执行人的公告.pdf
2026-04-13 16:28:35,597 [INFO]   分类: 个人被纳入 | 公司:  | 姓名: 
2026-04-13 16:28:35,597 [INFO] 
处理: 0041_[临时公告]森纵教育关于公司被纳入失信被执行人的公告.pdf
2026-04-13 16:28:35,925 [INFO]   分类: 公司被纳入 | 公司: 信息披露工作人员在查询中国执行信息公开网相关信息时发现公司 | 姓名: 
2026-04-13 16:28:35,925 [INFO] 
处理: 0042_[临时公告]新久利关于公司被纳入失信被执行人的公告(补发).pdf
2026-04-13 16:28:36,919 [INFO]   分类: 公司被纳入 | 公司: 沈阳新久利管业股份有限公司 | 姓名: 
2026-04-13 16:28:36,919 [INFO] 
处理: 0043_[临时公告]ST中科关于公司被纳入失信被执行人的公告.pdf
2026-04-13 16:28:37,361 [INFO]   分类: 公司被纳入 | 公司: 北京中科联众科技股份有限公司 | 姓名: 
2026-04-13 16:28:37,361 [INFO] 
处理: 0044_[临时公告]弘祥隆关于实际控制人被纳入失信被执行人的公告.pdf
2026-04-13 16:28:38,024 [INFO]   分类: 个人被纳入 | 公司:  | 姓名: 何劲松
2026-04-13 16:28:38,024 [INFO] 
处理: 0045_[临时公告]舜阳科技关于公司被纳入失信被执行人的公告.pdf
2026-04-13 16:28:38,552 [INFO]   分类: 公司被纳入 | 公司: 无锡舜阳新能源科技股份有限公司 | 姓名: 
2026-04-13 16:28:38,552 [INFO] 
处理: 0046_[临时公告]宏伟世通关于董事被纳入失信联合惩戒对象的公告.pdf
2026-04-13 16:28:39,040 [INFO]   分类: 个人被纳入 | 公司:  | 姓名: 严丹
2026-04-13 16:28:39,040 [INFO] 
处理: 0047_[临时公告]双猫股份关于董事被纳入失信被执行人的公告.pdf
2026-04-13 16:28:39,743 [INFO]   分类: 个人被纳入 | 公司:  | 姓名: 孙中村，接替
2026-04-13 16:28:39,743 [INFO] 
处理: 0048_[临时公告]骅锋科技关于公司被纳入失信被执行人的公告.pdf
2026-04-13 16:28:41,425 [INFO]   分类: 公司被纳入 | 公司: 广东骅锋科技股份有限公司 | 姓名: 
2026-04-13 16:28:41,425 [INFO] 
处理: 0049_[临时公告]金科资源监事被纳入失信被执行人的公告.pdf
2026-04-13 16:28:42,159 [INFO]   分类: 个人被纳入 | 公司:  | 姓名: 张福元
2026-04-13 16:28:42,159 [INFO] 
处理: 0050_[临时公告]久洁车服关于公司被纳入失信被执行人的公告(补发).pdf
2026-04-13 16:28:42,858 [INFO]   分类: 公司被纳入 | 公司:  | 姓名: 
2026-04-13 16:28:42,858 [INFO] 
处理: 0051_[临时公告]德御坊关于控股股东被纳入失信被执行人的公告.pdf
2026-04-13 16:28:45,781 [INFO]   分类: 个人被纳入 | 公司: 此次控股股东龙跃实业集团有限公司，龙跃实业集团有限公司 | 姓名: 龙跃
2026-04-13 16:28:45,781 [INFO] 
处理: 0052_[临时公告]泰康翔关于监事被纳入失信被执行人的公告(补发).pdf
2026-04-13 16:28:46,012 [INFO]   分类: 个人被纳入 | 公司:  | 姓名: 吴志刚
2026-04-13 16:28:46,012 [INFO] 
处理: 0053_[临时公告]华奥科技关于公司被纳入失信被执行人的公告.pdf
2026-04-13 16:28:46,593 [INFO]   分类: 公司被纳入 | 公司:  | 姓名: 
2026-04-13 16:28:46,593 [INFO] 
处理: 0054_[临时公告]通发股份关于公司被纳入失信被执行人的公告.pdf
2026-04-13 16:28:47,251 [INFO]   分类: 公司被纳入 | 公司:  | 姓名: 
2026-04-13 16:28:47,251 [INFO] 
处理: 0055_[临时公告]至臻传媒关于公司被纳入失信被执行人的公告.pdf
2026-04-13 16:28:47,854 [INFO]   分类: 公司被纳入 | 公司: 上海至臻文化传媒股份有限公司 | 姓名: 
2026-04-13 16:28:47,854 [INFO] 
处理: 0056_[临时公告]保通食品关于公司被纳入失信被执行人的公告.pdf
2026-04-13 16:28:48,932 [INFO]   分类: 公司被纳入 | 公司: 北海保通食品股份有限公司 | 姓名: 
2026-04-13 16:28:48,932 [INFO] 
处理: 0057_[临时公告]ST中科关于公司被纳入失信被执行人的公告.pdf
2026-04-13 16:28:49,471 [INFO]   分类: 公司被纳入 | 公司: 北京中科联众科技股份有限公司 | 姓名: 
2026-04-13 16:28:49,471 [INFO] 
处理: 0058_[临时公告]特西诺采关于公司被撤销失信被执行人信息的公告.pdf
2026-04-13 16:28:49,843 [INFO]   分类: 公司被撤销 | 公司:  | 姓名: 
2026-04-13 16:28:49,843 [INFO] 
处理: 0059_[临时公告]英网股份关于公司被纳入失信被执行人的公告(补发).pdf
2026-04-13 16:28:50,762 [INFO]   分类: 公司被纳入 | 公司: 青岛英网资讯股份有限公司 | 姓名: 
2026-04-13 16:28:50,764 [INFO] 
处理: 0060_[临时公告]ST腾骏关于公司被纳入失信被执行人的公告(补发).pdf
2026-04-13 16:28:51,822 [INFO]   分类: 公司被纳入 | 公司: 浙江腾骏祥科技股份有限公司 | 姓名: 
2026-04-13 16:28:51,822 [INFO] 
处理: 0061_[临时公告]星光珠宝关于公司被纳入失信被执行人的公告.pdf
2026-04-13 16:28:52,900 [INFO]   分类: 公司被纳入 | 公司:  | 姓名: 
2026-04-13 16:28:52,905 [INFO] 
处理: 0062_[临时公告]广达新网关于公司被纳入失信被执行人的公告(补发).pdf
2026-04-13 16:28:54,174 [INFO]   分类: 公司被纳入 | 公司: 成都广达新网科技股份有限公司 | 姓名: 
2026-04-13 16:28:54,174 [INFO] 
处理: 0063_[临时公告]ST致生关于公司被纳入失信被执行人的公告.pdf
2026-04-13 16:28:55,414 [INFO]   分类: 公司被纳入 | 公司: 争取消除本次公司，本次公司，致生联发信息技术股份有限公司 | 姓名: 
2026-04-13 16:28:55,414 [INFO] 
处理: 0064_[临时公告]国臻堂关于补发关于公司被纳入失信被执行人的声明公告.pdf
2026-04-13 16:28:56,275 [INFO]   分类: 公司被纳入 | 公司:  | 姓名: 
2026-04-13 16:28:56,275 [INFO] 
处理: 0065_[临时公告]阳光坊关于公司被纳入失信被执行人的公告.pdf
2026-04-13 16:28:56,902 [INFO]   分类: 公司被纳入 | 公司: 宁夏阳光坊节能科技股份有限公司 | 姓名: 
2026-04-13 16:28:56,902 [INFO] 
处理: 0066_[临时公告]智信股份关于公司被撤销被纳入失信被执行人的公告.pdf
2026-04-13 16:28:57,322 [INFO]   分类: 公司被撤销 | 公司:  | 姓名: 
2026-04-13 16:28:57,322 [INFO] 
处理: 0067_[临时公告]九门科技关于董事被纳入失信被执行人的公告.pdf
2026-04-13 16:28:57,866 [INFO]   分类: 个人被纳入 | 公司:  | 姓名: 刘麒
2026-04-13 16:28:57,866 [INFO] 
处理: 0068_[临时公告]馋神国际关于公司被纳入失信被执行人的公告(补发).pdf
2026-04-13 16:28:59,004 [INFO]   分类: 公司被纳入 | 公司: 上海馋神国际贸易股份有限公司 | 姓名: 
2026-04-13 16:28:59,006 [INFO] 
处理: 0069_[临时公告]川清医化关于控股股东被纳入失信被执行人的公告(补发).pdf
2026-04-13 16:28:59,671 [INFO]   分类: 个人被纳入 | 公司: 重庆清山绿水实业集团股份有限公司 | 姓名: 
2026-04-13 16:28:59,671 [INFO] 
处理: 0070_[临时公告]本草春关于公司被纳入失信被执行人的公告.pdf
2026-04-13 16:29:00,198 [INFO]   分类: 公司被纳入 | 公司: 知悉公司，福建本草春石斛股份有限公司 | 姓名: 
2026-04-13 16:29:00,198 [INFO] 
处理: 0071_[临时公告]牧天食品关于公司被纳入失信被执行人的公告(补发).pdf
2026-04-13 16:29:00,973 [INFO]   分类: 公司被纳入 | 公司: 四川牧天食品股份有限公司 | 姓名: 
2026-04-13 16:29:00,973 [INFO] 
处理: 0072_[临时公告]广达新网关于公司被纳入失信被执行人的公告(补发).pdf
2026-04-13 16:29:02,567 [INFO]   分类: 公司被纳入 | 公司: 成都广达新网科技股份有限公司 | 姓名: 
2026-04-13 16:29:02,572 [INFO] 
处理: 0073_[临时公告]德尔能关于公司被移出失信被执行人名单的公告（一）.pdf
2026-04-13 16:29:03,579 [INFO]   分类: 公司被撤销 | 公司: 东莞市德尔能新能源股份有限公司 | 姓名: 
2026-04-13 16:29:03,579 [INFO] 
处理: 0074_[临时公告]德尔能关于补发公司被纳入失信被执行人的公告（一）(补发).pdf
2026-04-13 16:29:04,293 [INFO]   分类: 公司被纳入 | 公司: 东莞市德尔能新能源股份有限公司 | 姓名: 
2026-04-13 16:29:04,293 [INFO] 
处理: 0075_[临时公告]大富装饰公司被列入失信被执行人的公告(补发).pdf
2026-04-13 16:29:07,811 [INFO]   分类: 公司被纳入 | 公司: 安徽大富装饰股份有限公司，安徽大富装饰股份有限公司苏州分公司 | 姓名: 
2026-04-13 16:29:07,811 [INFO] 
处理: 0076_[临时公告]明朗智能关于挂牌公司被纳入失信被执行人的公告.pdf
2026-04-13 16:29:08,227 [INFO]   分类: 公司被纳入 | 公司: 广东明朗智能科技股份有限公司 | 姓名: 
2026-04-13 16:29:08,227 [INFO] 
处理: 0077_[临时公告]奥莎动力关于公司被纳入失信被执行人的公告 (补发).pdf
2026-04-13 16:29:09,011 [INFO]   分类: 公司被纳入 | 公司: 湖南奥莎动力集团股份有限公司 | 姓名: 
2026-04-13 16:29:09,011 [INFO] 
处理: 0078_[临时公告]长宝科技关于公司董事解除失信被执行人的公告.pdf
2026-04-13 16:29:10,638 [INFO]   分类: 个人被纳入 | 公司:  | 姓名: 郑卓洪
2026-04-13 16:29:10,638 [INFO] 
处理: 0079_[临时公告]视观察关于公司被列入失信被执行人的公告(补发).pdf
2026-04-13 16:29:11,814 [INFO]   分类: 公司被纳入 | 公司: 山东视观察信息科技股份有限公司 | 姓名: 
2026-04-13 16:29:11,814 [INFO] 
处理: 0080_[临时公告]ST绿色关于公司被纳入失信被执行人的公告(补发).pdf
2026-04-13 16:29:13,339 [INFO]   分类: 公司被纳入 | 公司: 北京绿色空间生物科技股份有限公司 | 姓名: 
2026-04-13 16:29:13,339 [INFO] 
处理: 0081_[临时公告]宇德科技关于补发公司被纳入失信被执行人的公告.pdf
2026-04-13 16:29:13,971 [INFO]   分类: 公司被纳入 | 公司: 湖南宇德信息科技股份有限公司 | 姓名: 
2026-04-13 16:29:13,971 [INFO] 
处理: 0082_[临时公告]芍花堂关于孙公司被纳入失信被执行人的公告(补发).pdf
2026-04-13 16:29:14,273 [INFO]   分类: 公司被纳入 | 公司: 亳州市药都物流仓储有限公司 | 姓名: 
2026-04-13 16:29:14,273 [INFO] 
处理: 0083_[临时公告]芍花堂关于孙公司解除失信被执行人的公告(补发).pdf
2026-04-13 16:29:14,767 [INFO]   分类: 公司被纳入 | 公司:  | 姓名: 
2026-04-13 16:29:14,767 [INFO] 
处理: 0084_[临时公告]宇航重工关于公司被纳入失信被执行人的公告.pdf
2026-04-13 16:29:15,843 [INFO]   分类: 公司被纳入 | 公司: 披露了公司，洛阳宇航重工机械有限公司 | 姓名: 
2026-04-13 16:29:15,843 [INFO] 
处理: 0085_[临时公告]安澳智能 关于公司被纳入失信被执行人的公告(补发).pdf
2026-04-13 16:29:16,848 [INFO]   分类: 公司被纳入 | 公司:  | 姓名: 
2026-04-13 16:29:16,848 [INFO] 
处理: 0086_[临时公告]ST派芬被纳入失信被执行人的公告(补发).pdf
2026-04-13 16:29:17,362 [INFO]   分类: 公司被纳入 | 公司: 股份有限公司 | 姓名: 
2026-04-13 16:29:17,368 [INFO] 
处理: 0087_[临时公告]磊鑫股份关于公司被纳入失信被执行人的公告(补发).pdf
2026-04-13 16:29:18,594 [INFO]   分类: 公司被纳入 | 公司: 深圳市磊鑫环境建设股份有限公司 | 姓名: 
2026-04-13 16:29:18,594 [INFO] 
处理: 0088_[临时公告]明朗智能关于挂牌公司被纳入失信被执行人的公告（已取消）.pdf
2026-04-13 16:29:19,510 [INFO]   分类: 公司被纳入 | 公司: 广东明朗智能科技股份有限公司 | 姓名: 
2026-04-13 16:29:19,510 [INFO] 
处理: 0089_[临时公告]奥莎动力关于公司被纳入失信被执行人的公告 (补发).pdf
2026-04-13 16:29:20,534 [INFO]   分类: 公司被纳入 | 公司: 湖南奥莎动力集团股份有限公司 | 姓名: 
2026-04-13 16:29:20,534 [INFO] 
处理: 0090_[临时公告]智信股份关于公司被纳入失信被执行人的公告(补发).pdf
2026-04-13 16:29:21,208 [INFO]   分类: 公司被纳入 | 公司: 云南智云信息技术股份有限公司 | 姓名: 
2026-04-13 16:29:21,208 [INFO] 
处理: 0091_[临时公告]大富装饰关于公司被纳入失信被执行人的公告(补发).pdf
2026-04-13 16:29:22,524 [INFO]   分类: 公司被纳入 | 公司: 安徽大富装饰股份有限公司 | 姓名: 
2026-04-13 16:29:22,524 [INFO] 
处理: 0092_[临时公告]ST曼克斯关于公司被纳入失信被执行人的公告(补发).pdf
2026-04-13 16:29:24,530 [INFO]   分类: 公司被纳入 | 公司: 浙江曼克斯缝纫机股份有限公司 | 姓名: 
2026-04-13 16:29:24,530 [INFO] 
处理: 0093_[临时公告]ST白茶关于公司被纳入失信被执行人的公告（补发）.pdf
2026-04-13 16:29:25,180 [INFO]   分类: 公司被纳入 | 公司:  | 姓名: 
2026-04-13 16:29:25,180 [INFO] 
处理: 0094_[临时公告]ST威能关于公司被纳入失信被执行人的公告(补发).pdf
2026-04-13 16:29:25,777 [INFO]   分类: 公司被纳入 | 公司: 山东威能环保电源科技股份有限公司 | 姓名: 
2026-04-13 16:29:25,777 [INFO] 
处理: 0095_[临时公告]长宝科技关于公司董事被纳入失信被执行人的公告.pdf
2026-04-13 16:29:26,857 [INFO]   分类: 个人被纳入 | 公司:  | 姓名: 郑卓洪
2026-04-13 16:29:26,862 [INFO] 
处理: 0096_[临时公告]科得新材关于公司及公司高管解除失信被执行人的公告.pdf
2026-04-13 16:29:27,635 [INFO]   分类: 公司及个人被纳入 | 公司: 江西科得新材料股份有限公司 | 姓名: 
2026-04-13 16:29:27,635 [INFO] 
处理: 0097_[临时公告]派芬自控实际控制人被纳入失信被执行人的公告.pdf
2026-04-13 16:29:29,005 [INFO]   分类: 个人被纳入 | 公司:  | 姓名: 孙继超
2026-04-13 16:29:29,009 [INFO] 
处理: 0098_[临时公告]ST川马关于公司被纳入失信被执行人的公告(补发).pdf
2026-04-13 16:29:29,862 [INFO]   分类: 公司被纳入 | 公司: 深圳市川马电子股份有限公司 | 姓名: 
2026-04-13 16:29:29,862 [INFO] 
处理: 0099_[临时公告]唐人科技关于公司被纳入失信被执行人的公告.pdf
2026-04-13 16:29:30,755 [INFO]   分类: 公司被纳入 | 公司: 厦门唐人科技股份有限公司 | 姓名: 
2026-04-13 16:29:30,755 [INFO] 
处理: 0100_[临时公告]博本智能关于公司被纳入失信被执行人的公告(补发).pdf
2026-04-13 16:29:31,965 [INFO]   分类: 公司被纳入 | 公司:  | 姓名: 
2026-04-13 16:29:31,965 [INFO] 
处理: 0101_[临时公告]宇航重工关于公司被纳入失信被执行人的公告.pdf
2026-04-13 16:29:36,782 [INFO]   分类: 公司被纳入 | 公司: 洛阳宇航重工工科技股份有限公司，洛阳宇航重工机械有限公司，洛阳宇航重工科技股份有限公司 | 姓名: 
2026-04-13 16:29:36,782 [INFO] 
处理: 0102_[临时公告]奥莎动力关于公司被纳入失信被执行人的公告 (补发).pdf
2026-04-13 16:29:37,144 [INFO]   分类: 公司被纳入 | 公司: 湖南奥莎动力集团股份有限公司 | 姓名: 
2026-04-13 16:29:37,144 [INFO] 
处理: 0103_[临时公告]金恩生物关于子公司被纳入失信被执行人的公告.pdf
2026-04-13 16:29:37,788 [INFO]   分类: 公司被纳入 | 公司: 上海润妍生物科技有限公司 | 姓名: 
2026-04-13 16:29:37,789 [INFO] 
处理: 0104_[临时公告]宏良皮业关于全资子公司被纳入失信被执行人的公告.pdf
2026-04-13 16:29:38,577 [INFO]   分类: 公司被纳入 | 公司: 江门市风尚皮革有限公司 | 姓名: 
2026-04-13 16:29:38,577 [INFO] 
处理: 0105_[临时公告]星原丰泰关于公司被纳入失信被执行人的公告(补发).pdf
2026-04-13 16:29:39,831 [INFO]   分类: 公司被纳入 | 公司: 北京星原丰泰电子技术股份有限公司 | 姓名: 
2026-04-13 16:29:39,831 [INFO] 
处理: 0106_[临时公告]奥莎动力关于公司被纳入失信被执行人的公告 (补发).pdf
2026-04-13 16:29:40,464 [INFO]   分类: 公司被纳入 | 公司: 湖南奥莎动力集团股份有限公司 | 姓名: 
2026-04-13 16:29:40,464 [INFO] 
处理: 0107_[临时公告]瑞珑科技关于补发公司被纳入失信被执行人的公告.pdf
2026-04-13 16:29:40,656 [INFO]   分类: 公司被纳入 | 公司: 定信息披露平台补发关于公司 | 姓名: 
2026-04-13 16:29:40,656 [INFO] 
处理: 0108_[临时公告]威能电源关于公司被纳入失信被执行人的公告(补发).pdf
2026-04-13 16:29:41,486 [INFO]   分类: 公司被纳入 | 公司: 山东威能环保电源科技股份有限公司 | 姓名: 
2026-04-13 16:29:41,486 [INFO] 
处理: 0109_[临时公告]ST腾骏公司被纳入失信被执行人的公告(补发).pdf
2026-04-13 16:29:42,476 [INFO]   分类: 公司被纳入 | 公司: 浙江腾骏祥科技股份有限公司 | 姓名: 
2026-04-13 16:29:42,476 [INFO] 
处理: 0110_[临时公告]广建装饰关于公司被纳入失信被执行人的公告(补发).pdf
2026-04-13 16:29:43,935 [INFO]   分类: 公司被纳入 | 公司: 重庆广建装饰股份有限公司 | 姓名: 
2026-04-13 16:29:43,935 [INFO] 
处理: 0111_[临时公告]印克电商关于公司被撤销失信被执行人名单的公告.pdf
2026-04-13 16:29:44,096 [INFO]   分类: 公司被撤销 | 公司: 司关于公司 | 姓名: 
2026-04-13 16:29:44,096 [INFO] 
处理: 0112_[临时公告]金宏泰关于公司实际控制人被纳入失信被执行人的公告.pdf
2026-04-13 16:29:44,732 [INFO]   分类: 个人被纳入 | 公司:  | 姓名: 赖泳村
2026-04-13 16:29:44,732 [INFO] 
处理: 0113_[临时公告]久洁车服关于补发公司被纳入失信被执行人公告的声明.pdf
2026-04-13 16:29:44,897 [INFO]   分类: 公司被纳入 | 公司:  | 姓名: 
2026-04-13 16:29:44,897 [INFO] 
处理: 0114_[临时公告]天衡股份关于本公司被纳入失信被执行人的公告.pdf
2026-04-13 16:29:45,149 [INFO]   分类: 公司被纳入 | 公司: 本次公司，湖南天衡儿童用品股份有限公司 | 姓名: 
2026-04-13 16:29:45,149 [INFO] 
处理: 0115_[临时公告]泰康翔关于补发监事被纳入失信被执行人的声明公告.pdf
2026-04-13 16:29:45,327 [INFO]   分类: 个人被纳入 | 公司:  | 姓名: 吴志刚
2026-04-13 16:29:45,327 [INFO] 
处理: 0116_[临时公告]多尔克司关于补发公司被纳入失信被执行人的声明公告.pdf
2026-04-13 16:29:45,490 [INFO]   分类: 公司被纳入 | 公司:  | 姓名: 
2026-04-13 16:29:45,495 [INFO] 
处理: 0117_[临时公告]掌玩互娱关于公司被撤销失信被执行人名单的公告.pdf
2026-04-13 16:29:45,719 [INFO]   分类: 公司被撤销 | 公司:  | 姓名: 
2026-04-13 16:29:45,719 [INFO] 
处理: 0118_[临时公告]德润能源公司被纳入失信被执行人的公告(补发).pdf
2026-04-13 16:29:46,654 [INFO]   分类: 公司被纳入 | 公司: 胜利德润能源股份有限公司 | 姓名: 
2026-04-13 16:29:46,654 [INFO] 
处理: 0119_[临时公告]松德资源关于公司被纳入失信被执行人的公告(补发).pdf
2026-04-13 16:29:47,099 [INFO]   分类: 公司被纳入 | 公司: 重庆松德再生资源股份有限公司 | 姓名: 
2026-04-13 16:29:47,104 [INFO] 
处理: 0120_[临时公告]神州云关于公司被纳入失信被执行人的公告.pdf
2026-04-13 16:29:48,139 [INFO]   分类: 公司被纳入 | 公司: 大连神州云融合网络股份有限公司 | 姓名: 
2026-04-13 16:29:48,139 [INFO] 
处理: 0121_[临时公告]世胜股份关于公司被纳入失信被执行人的公告(补发).pdf
2026-04-13 16:29:49,662 [INFO]   分类: 公司被纳入 | 公司: 广州世胜信息科技股份有限公司 | 姓名: 
2026-04-13 16:29:49,662 [INFO] 
处理: 0122_[临时公告]华盛控股关于公司被撤销失信被执行人信息的公告.pdf
2026-04-13 16:29:50,019 [INFO]   分类: 公司被撤销 | 公司:  | 姓名: 
2026-04-13 16:29:50,019 [INFO] 
处理: 0123_[临时公告]天人节能关于公司被纳入失信被执行人的公告.pdf
2026-04-13 16:29:50,352 [INFO]   分类: 公司被纳入 | 公司: 重庆天人节能技术股份有限公司 | 姓名: 
2026-04-13 16:29:50,352 [INFO] 
处理: 0124_[临时公告]ST致生关于公司被纳入失信被执行人的公告.pdf
2026-04-13 16:29:51,918 [INFO]   分类: 公司被纳入 | 公司: 致生联发信息技术股份有限公司，针对公司 | 姓名: 
2026-04-13 16:29:51,918 [INFO] 
处理: 0125_[临时公告]ST腾骏关于公司被纳入失信被执行人的公告(补发).pdf
2026-04-13 16:29:53,635 [INFO]   分类: 公司被纳入 | 公司: 浙江腾骏祥科技股份有限公司 | 姓名: 
2026-04-13 16:29:53,635 [INFO] 
处理: 0126_[临时公告]ST茂余关于公司被纳入失信被执行人的公告.pdf
2026-04-13 16:29:54,235 [INFO]   分类: 公司被纳入 | 公司: 重庆茂余燃气设备股份有限公司 | 姓名: 
2026-04-13 16:29:54,235 [INFO] 
处理: 0127_[临时公告]白茶股份关于公司被纳入失信被执行人的公告.pdf
2026-04-13 16:29:54,800 [INFO]   分类: 公司被纳入 | 公司: 福鼎白茶股份有限公司 | 姓名: 
2026-04-13 16:29:54,801 [INFO] 
处理: 0128_[临时公告]广建装饰关于公司被纳入失信被执行人的公告(补发).pdf
2026-04-13 16:29:55,741 [INFO]   分类: 公司被纳入 | 公司: 由于上述公司，重庆广建装饰股份有限公司 | 姓名: 
2026-04-13 16:29:55,741 [INFO] 
处理: 0129_[临时公告]嘉尚传媒关于公司被纳入失信被执行人的公告.pdf
2026-04-13 16:29:56,336 [INFO]   分类: 公司被纳入 | 公司: 成都嘉尚广告传媒股份有限公司 | 姓名: 
2026-04-13 16:29:56,336 [INFO] 
处理: 0130_[临时公告]大菲5关于公司被纳入失信被执行人的公告(补发).pdf
2026-04-13 16:29:56,993 [INFO]   分类: 公司被纳入 | 公司:  | 姓名: 
2026-04-13 16:29:56,993 [INFO] 
处理: 0131_[临时公告]易电通挂牌公司被纳入失信被执行人的公告（补发）.pdf
2026-04-13 16:29:57,816 [INFO]   分类: 公司被纳入 | 公司: 挂牌公司，江苏易电通智慧能源股份有限公司 | 姓名: 
2026-04-13 16:29:57,816 [INFO] 
处理: 0132_[临时公告]金百万关于公司被纳入失信被执行人的公告(补发).pdf
2026-04-13 16:29:58,623 [INFO]   分类: 公司被纳入 | 公司: 北京金百万餐饮股份有限公司 | 姓名: 
2026-04-13 16:29:58,623 [INFO] 
处理: 0133_[临时公告]天鸿股份关于挂牌公司被纳入失信被执行人的公告（补发）.pdf
2026-04-13 16:29:59,405 [INFO]   分类: 公司被纳入 | 公司: 山东天鸿模具股份有限公司 | 姓名: 
2026-04-13 16:29:59,405 [INFO] 
处理: 0134_[临时公告]国臻堂关于公司已被撤销失信被执行人名单的公告.pdf
2026-04-13 16:29:59,450 [INFO]   分类:  | 公司:  | 姓名: 
2026-04-13 16:29:59,456 [INFO] 
处理: 0135_[临时公告]广达新网关于补发公司被纳入失信被执行人公告的声明.pdf
2026-04-13 16:29:59,466 [INFO]   分类:  | 公司:  | 姓名: 
2026-04-13 16:29:59,466 [INFO] 
处理: 0136_[临时公告]中标集团关于挂牌公司被纳入失信被执行人的公告.pdf
2026-04-13 16:30:00,696 [INFO]   分类: 公司被纳入 | 公司: 中标建设集团股份有限公司 | 姓名: 
2026-04-13 16:30:00,696 [INFO] 
处理: 0137_[临时公告]ST神州云关于公司被纳入失信被执行人的公告.pdf
2026-04-13 16:30:01,316 [INFO]   分类: 公司被纳入 | 公司: 大连神州云融合网络股份有限公司 | 姓名: 
2026-04-13 16:30:01,316 [INFO] 
处理: 0138_[临时公告]视观察关于公司被移出失信被执行人名单的公告.pdf
2026-04-13 16:30:02,091 [INFO]   分类: 公司被撤销 | 公司: 山东视观察信息科技股份有限公司 | 姓名: 
2026-04-13 16:30:02,091 [INFO] 
处理: 0139_[临时公告]地星测绘关于公司被移出失信被执行人名单的公告（已取消）.pdf
2026-04-13 16:30:02,910 [INFO]   分类: 公司被撤销 | 公司: 山东视观察信息科技股份有限公司 | 姓名: 
2026-04-13 16:30:02,910 [INFO] 
处理: 0140_[临时公告]ST胜龙关于控股股东被纳入失信被执行人的公告.pdf
2026-04-13 16:30:04,045 [INFO]   分类: 个人被纳入 | 公司: 北京泽泓投资管理中心 | 姓名: 
2026-04-13 16:30:04,045 [INFO] 
处理: 0141_[临时公告]阳光坊关于控股股东被纳入失信被执行人的公告.pdf
2026-04-13 16:30:04,520 [INFO]   分类: 个人被纳入 | 公司: 宁夏天幕工贸有限公司 | 姓名: 
2026-04-13 16:30:04,520 [INFO] 
处理: 0142_[临时公告]北味菌业关于控股子公司被纳入失信被执行人的公告.pdf
2026-04-13 16:30:05,151 [INFO]   分类: 公司被纳入 | 公司:  | 姓名: 
2026-04-13 16:30:05,151 [INFO] 
处理: 0143_[临时公告]鞍合成5关于实际控制人被纳入失信被执行人的公告.pdf
2026-04-13 16:30:05,651 [INFO]   分类: 个人被纳入 | 公司:  | 姓名: 李世鸿
2026-04-13 16:30:05,655 [INFO] 
处理: 0144_[临时公告]印加股份关于挂牌公司被纳入失信被执行人的公告.pdf
2026-04-13 16:30:06,032 [INFO]   分类: 公司被纳入 | 公司: 江苏印加新能源科技股份有限公司 | 姓名: 
2026-04-13 16:30:06,032 [INFO] 
处理: 0145_[临时公告]川清医化关于补发控股股东被纳入失信被执行人的声明公告.pdf
2026-04-13 16:30:07,044 [INFO]   分类: 个人被纳入 | 公司: 发现公司控股股东重庆创英实业集团股份有限公司 | 姓名: 
2026-04-13 16:30:07,044 [INFO] 
处理: 0146_[临时公告]凯德科技 关于公司实际控制人被纳入失信被执行人的公告.pdf
2026-04-13 16:30:08,087 [INFO]   分类: 个人被纳入 | 公司:  | 姓名: 吴乐海
2026-04-13 16:30:08,087 [INFO] 
处理: 0147_[临时公告]凯德科技关于公司被纳入及已解除失信被执行人的公告.pdf
2026-04-13 16:30:08,945 [INFO]   分类: 个人被纳入 | 公司: 东莞市凯昶德电子科技股份有限公司 | 姓名: 
2026-04-13 16:30:08,945 [INFO] 
处理: 0148_[临时公告]中标集团关于挂牌公司被纳入失信被执行人的公告.pdf
2026-04-13 16:30:10,978 [INFO]   分类: 公司被纳入 | 公司: 中标建设集团股份有限公司，中标建设集团股份有限公司北京分公司，中标集团总包建设有限公司 | 姓名: 
2026-04-13 16:30:10,978 [INFO] 
处理: 0149_[临时公告]德丰影业关于控股股东被纳入失信被执行人的公告(补发).pdf
2026-04-13 16:30:11,537 [INFO]   分类: 个人被纳入 | 公司: 德丰利达资产管理集团有限公司 | 姓名: 
2026-04-13 16:30:11,537 [INFO] 
处理: 0150_[临时公告]博元1关于公司被纳入失信被执行人的进展公告.pdf
2026-04-13 16:30:11,584 [INFO]   分类:  | 公司:  | 姓名: 
2026-04-13 16:30:11,584 [INFO] 
处理: 0151_[临时公告]广达新网关于补发公司被纳入失信被执行人公告的声明.pdf
2026-04-13 16:30:11,592 [INFO]   分类:  | 公司:  | 姓名: 
2026-04-13 16:30:11,592 [INFO] 
处理: 0152_[临时公告]ST神州云关于公司被纳入失信被执行人的公告.pdf
2026-04-13 16:30:12,392 [INFO]   分类: 公司被纳入 | 公司: 大连神州云融合网络股份有限公司 | 姓名: 
2026-04-13 16:30:12,392 [INFO] 
处理: 0153_[临时公告]德尔能关于公司被移出失信被执行人名单的公告（二）.pdf
2026-04-13 16:30:13,469 [INFO]   分类: 公司被撤销 | 公司: 东莞市德尔能新能源股份有限公司 | 姓名: 
2026-04-13 16:30:13,470 [INFO] 
处理: 0154_[临时公告]德尔能关于补发公司被纳入失信被执行人的公告（二）(补发).pdf
2026-04-13 16:30:14,326 [INFO]   分类: 公司被纳入 | 公司: 东莞市德尔能新能源股份有限公司 | 姓名: 
2026-04-13 16:30:14,326 [INFO] 
处理: 0155_[临时公告]大富装饰补发公司纳入失信被执行人的声明公告.pdf
2026-04-13 16:30:14,337 [INFO]   分类:  | 公司:  | 姓名: 
2026-04-13 16:30:14,337 [INFO] 
处理: 0156_[临时公告]长江绿海关于挂牌公司解除被纳入失信执行人的公告.pdf
2026-04-13 16:30:14,775 [INFO]   分类: 公司被纳入 | 公司: 长江绿海环境工程股份有限公司 | 姓名: 
2026-04-13 16:30:14,777 [INFO] 
处理: 0157_[临时公告]腾飞股份关于公司解除被纳入失信被执行人的公告.pdf
2026-04-13 16:30:15,325 [INFO]   分类: 公司被纳入 | 公司:  | 姓名: 
2026-04-13 16:30:15,325 [INFO] 
处理: 0158_[临时公告]奥莎动力关于补发公司被纳入失信被执行人公告的声明.pdf
2026-04-13 16:30:15,738 [INFO]   分类: 公司被纳入 | 公司:  | 姓名: 
2026-04-13 16:30:15,744 [INFO] 
处理: 0159_[临时公告]皆悦传媒关于公司实际控制人被纳入失信被执行人的公告.pdf
2026-04-13 16:30:17,115 [INFO]   分类: 个人被纳入 | 公司:  | 姓名: 信联合
2026-04-13 16:30:17,115 [INFO] 
处理: 0160_[临时公告]奥莎动力关于补发公司被纳入失信被执行人公告(补发).pdf
2026-04-13 16:30:17,759 [INFO]   分类: 公司被纳入 | 公司: 湖南奥莎动力集团股份有限公司 | 姓名: 
2026-04-13 16:30:17,760 [INFO] 
处理: 0161_[临时公告]奥莎动力关于补发公司被纳入失信被执行人公告的声明.pdf
2026-04-13 16:30:19,502 [INFO]   分类: 公司被纳入 | 公司:  | 姓名: 
2026-04-13 16:30:19,502 [INFO] 
处理: 0162_[临时公告]富源智慧关于子公司解除失信被执行人的公告.pdf
2026-04-13 16:30:20,255 [INFO]   分类: 个人被纳入 | 公司: 江苏富源节能电器有限公司 | 姓名: 
2026-04-13 16:30:20,260 [INFO] 
处理: 0163_[临时公告]视观察关于补发公司被纳入失信被执行人的声明公告.pdf
2026-04-13 16:30:21,035 [INFO]   分类: 公司被纳入 | 公司:  | 姓名: 
2026-04-13 16:30:21,037 [INFO] 
处理: 0164_[临时公告]ST广建关于公司被纳入失信被执行人的公告(补发).pdf
2026-04-13 16:30:22,298 [INFO]   分类: 公司被纳入 | 公司: 重庆广建装饰股份有限公司 | 姓名: 
2026-04-13 16:30:22,301 [INFO] 
处理: 0165_[临时公告]伊悦尼关于实际控制人、子公司解除失信被执行人的公告.pdf
2026-04-13 16:30:23,167 [INFO]   分类: 个人被纳入 | 公司: 浙江金驹汽车零部件有限公司 | 姓名: 尹岳富
2026-04-13 16:30:23,167 [INFO] 
处理: 0166_[临时公告]中标集团关于挂牌公司被列入失信被执行人的公告.pdf
2026-04-13 16:30:24,390 [INFO]   分类: 公司被纳入 | 公司: 中标建设集团股份有限公司上海第二分公司 | 姓名: 
2026-04-13 16:30:24,390 [INFO] 
处理: 0167_[临时公告]ST绿色关于补发公司被纳入失信被执行人的声明公告.pdf
2026-04-13 16:30:24,930 [INFO]   分类: 公司被纳入 | 公司: 该事项发生后应及时披露关于公司 | 姓名: 
2026-04-13 16:30:24,930 [INFO] 
处理: 0168_[临时公告]宇德科技关于补发公司被纳入失信被执行人的公告的声明.pdf
2026-04-13 16:30:25,752 [INFO]   分类: 公司被纳入 | 公司:  | 姓名: 
2026-04-13 16:30:25,752 [INFO] 
处理: 0169_[临时公告]伊悦尼关于实际控制人、子公司被纳入失信被执行人的公告.pdf
2026-04-13 16:30:27,339 [INFO]   分类: 个人被纳入 | 公司: 浙江金驹汽车零部件有限公司 | 姓名: 尹岳富
2026-04-13 16:30:27,339 [INFO] 
处理: 0170_[临时公告]卓佳股份关于挂牌公司被纳入失信被执行人的公告（补发）.pdf
2026-04-13 16:30:27,829 [INFO]   分类: 公司被纳入 | 公司: 山东卓佳电力电子股份有限公司 | 姓名: 
2026-04-13 16:30:27,829 [INFO] 
处理: 0171_[临时公告]国电能源关于公司被纳入失信被执行人的公告(补发).pdf
2026-04-13 16:30:28,499 [INFO]   分类: 公司被纳入 | 公司: 国电远鹏能源科技股份有限公司 | 姓名: 
2026-04-13 16:30:28,499 [INFO] 
处理: 0172_[临时公告]唐人科技关于实际控制人被纳入失信被执行人的公告.pdf
2026-04-13 16:30:29,314 [INFO]   分类: 个人被纳入 | 公司:  | 姓名: 丁洹，陈绍凤
2026-04-13 16:30:29,314 [INFO] 
处理: 0173_[临时公告]中侨3关于公司被撤销失信被执行人名单的公告.pdf
2026-04-13 16:30:29,657 [INFO]   分类: 公司被撤销 | 公司:  | 姓名: 
2026-04-13 16:30:29,657 [INFO] 
处理: 0174_[临时公告]鼎浩股份关于实际控制人被纳入失信被执行人的公告(补发).pdf
2026-04-13 16:30:30,417 [INFO]   分类: 个人被纳入 | 公司:  | 姓名: 庞彩萍，庞浩亮
2026-04-13 16:30:30,422 [INFO] 
处理: 0175_[临时公告]ST简品关于公司被纳入失信被执行人的公告(补发).pdf
2026-04-13 16:30:30,972 [INFO]   分类: 公司被纳入 | 公司: 杭州简品食品股份有限公司 | 姓名: 
2026-04-13 16:30:30,972 [INFO] 
处理: 0176_[临时公告]富源智慧关于子公司被纳入失信被执行人的公告.pdf
2026-04-13 16:30:31,794 [INFO]   分类: 公司被纳入 | 公司: 江苏富源节能电器有限公司 | 姓名: 
2026-04-13 16:30:31,794 [INFO] 
处理: 0177_[临时公告]中侨3关于公司被纳入失信被执行人名单的公告.pdf
2026-04-13 16:30:33,085 [INFO]   分类: 公司被纳入 | 公司: 深圳市中侨发展股份有限公司 | 姓名: 
2026-04-13 16:30:33,085 [INFO] 
处理: 0178_[临时公告]前程能源关于公司被移除失信被执行人信息的公告.pdf
2026-04-13 16:30:33,652 [INFO]   分类: 其他 | 公司: 并将公司 | 姓名: 
2026-04-13 16:30:33,652 [INFO] 
处理: 0179_[临时公告]中标集团关于挂牌公司被纳入失信被执行人的公告.pdf
2026-04-13 16:30:34,060 [INFO]   分类: 公司被纳入 | 公司: 中标建设集团股份有限公司 | 姓名: 
2026-04-13 16:30:34,060 [INFO] 
处理: 0180_[临时公告]奥莎动力关于补发公司被纳入失信被执行人公告的声明.pdf
2026-04-13 16:30:34,768 [INFO]   分类: 公司被纳入 | 公司:  | 姓名: 
2026-04-13 16:30:34,768 [INFO] 
处理: 0181_[临时公告]奥莎动力关于子公司被纳入失信被执行人的公告 (补发).pdf
2026-04-13 16:30:35,441 [INFO]   分类: 公司被纳入 | 公司: 湖南奥士达驱动技术有限公司 | 姓名: 
2026-04-13 16:30:35,441 [INFO] 
处理: 0182_[临时公告]盛唐文娱关于控股股东被纳入失信被执行人的公告.pdf
2026-04-13 16:30:35,996 [INFO]   分类: 个人被纳入 | 公司:  | 姓名: 
2026-04-13 16:30:35,996 [INFO] 
处理: 0183_[临时公告]大富装饰关于补发公司被纳入失信被执行人的声明公告.pdf
2026-04-13 16:30:36,006 [INFO]   分类:  | 公司:  | 姓名: 
2026-04-13 16:30:36,006 [INFO] 
处理: 0184_[临时公告]ST曼克斯关于补发公司被纳入失信被执行人的声明公告.pdf
2026-04-13 16:30:36,229 [INFO]   分类: 公司被纳入 | 公司:  | 姓名: 
2026-04-13 16:30:36,231 [INFO] 
处理: 0185_[临时公告]ST立特关于公司被纳入失信被执行人的公告(补发).pdf
2026-04-13 16:30:36,953 [INFO]   分类: 公司被纳入 | 公司: 上海立特营销股份有限公司 | 姓名: 
2026-04-13 16:30:36,958 [INFO] 
处理: 0186_[临时公告]中标集团关于挂牌公司被纳入失信被执行人的公告.pdf
2026-04-13 16:30:41,829 [INFO]   分类: 公司被纳入 | 公司: 中标建设集团股份有限公司，中标建设集团股份有限公司北京分公司，中标集团总包建设有限公司 | 姓名: 
2026-04-13 16:30:41,829 [INFO] 
处理: 0187_[临时公告]大华新材关于公司被纳入失信被执行人的公告.pdf
2026-04-13 16:30:42,606 [INFO]   分类: 公司被纳入 | 公司: 江西大华新材料股份有限公司 | 姓名: 
2026-04-13 16:30:42,606 [INFO] 
处理: 0188_[临时公告]威能电源关于实际控制人被纳入失信被执行人的公告(补发).pdf
2026-04-13 16:30:43,818 [INFO]   分类: 个人被纳入 | 公司:  | 姓名: 张风太
2026-04-13 16:30:43,818 [INFO] 
处理: 0189_[临时公告]新久利关于补发公司被纳入失信被执行人的公告的声明公告.pdf
2026-04-13 16:30:44,163 [INFO]   分类: 公司被纳入 | 公司:  | 姓名: 
2026-04-13 16:30:44,163 [INFO] 
处理: 0190_[临时公告]ST广通关于子公司被纳入失信被执行人的公告.pdf
2026-04-13 16:30:44,794 [INFO]   分类: 公司被纳入 | 公司: 全资子公司 | 姓名: 
2026-04-13 16:30:44,794 [INFO] 
处理: 0191_[临时公告]博本智能关于补发公司被纳入失信被执行人公告的声明.pdf
2026-04-13 16:30:45,099 [INFO]   分类: 公司被纳入 | 公司: 有限公司关于公司 | 姓名: 
2026-04-13 16:30:45,099 [INFO] 
处理: 0192_[临时公告]安生科技关于公司被纳入失信被执行人的公告(补发).pdf
2026-04-13 16:30:46,084 [INFO]   分类: 公司被纳入 | 公司: 浙江安生信息科技股份有限公司 | 姓名: 
2026-04-13 16:30:46,084 [INFO] 
处理: 0193_[临时公告]安生科技关于补发公司被纳入失信被执行人的声明.pdf
2026-04-13 16:30:46,384 [INFO]   分类: 公司被纳入 | 公司: 有限公司关于公司 | 姓名: 
2026-04-13 16:30:46,384 [INFO] 
处理: 0194_[临时公告]金宏泰关于公司实际控制人被纳入失信被执行人的公告(补发).pdf
2026-04-13 16:30:47,408 [INFO]   分类: 个人被纳入 | 公司:  | 姓名: 赖泳村
2026-04-13 16:30:47,408 [INFO] 
处理: 0195_[临时公告]名家智能关于监事被纳入失信被执行人的公告(补发).pdf
2026-04-13 16:30:48,120 [INFO]   分类: 个人被纳入 | 公司:  | 姓名: 吴火升，接替
2026-04-13 16:30:48,121 [INFO] 
处理: 0196_[临时公告]奥莎动力关于子公司被纳入失信被执行人的公告 (补发).pdf
2026-04-13 16:30:49,046 [INFO]   分类: 公司被纳入 | 公司: 湖南奥士达驱动技术有限公司 | 姓名: 
2026-04-13 16:30:49,047 [INFO] 
处理: 0197_[临时公告]奥莎动力关于补发公司被纳入失信被执行人公告的声明.pdf
2026-04-13 16:30:49,528 [INFO]   分类: 公司被纳入 | 公司:  | 姓名: 
2026-04-13 16:30:49,528 [INFO] 
处理: 0198_[临时公告]中标集团关于挂牌公司被纳入失信被执行人的公告.pdf
2026-04-13 16:30:50,042 [INFO]   分类: 公司被纳入 | 公司: 中标建设集团股份有限公司，法院已撤销挂牌公司 | 姓名: 
2026-04-13 16:30:50,044 [INFO] 
处理: 0199_[临时公告]ST天佐关于公司被纳入失信被执行人的公告(补发).pdf
2026-04-13 16:30:50,613 [INFO]   分类: 公司被纳入 | 公司: 辽宁天佐羊绒纺织股份有限公司 | 姓名: 
2026-04-13 16:30:50,614 [INFO] 
处理: 0200_[临时公告]中标集团关于挂牌公司被纳入失信被执行人的公告.pdf
2026-04-13 16:30:50,916 [INFO]   分类: 公司被纳入 | 公司: 中标建设集团股份有限公司，法院已撤销挂牌公司 | 姓名: 
2026-04-13 16:30:50,918 [INFO] 
处理: 0201_[临时公告]清大教育关于挂牌公司被纳入失信被执行人的公告.pdf
2026-04-13 16:30:51,606 [INFO]   分类: 公司被纳入 | 公司: 河南清大教育科技股份有限公司 | 姓名: 
2026-04-13 16:30:51,606 [INFO] 
处理: 0202_[临时公告]新复大关于控股股东、实际控制人被纳入失信被执行人公告.pdf
2026-04-13 16:30:52,103 [INFO]   分类: 个人被纳入 | 公司:  | 姓名: 郏晨光
2026-04-13 16:30:52,103 [INFO] 
处理: 0203_[临时公告]欧泰科关于公司董事长被纳入失信被执行人的公告.pdf
2026-04-13 16:30:52,833 [INFO]   分类: 个人被纳入 | 公司:  | 姓名: 尹智勇
2026-04-13 16:30:52,833 [INFO] 
处理: 0204_[临时公告]奥莎动力关于补发公司被纳入失信被执行人公告的声明.pdf
2026-04-13 16:30:53,767 [INFO]   分类: 公司被纳入 | 公司:  | 姓名: 
2026-04-13 16:30:53,769 [INFO] 
处理: 0205_[临时公告]瑞珑科技关于挂牌公司被纳入失信被执行人的公告(补发).pdf
2026-04-13 16:30:54,234 [INFO]   分类: 公司被纳入 | 公司: 常州瑞珑汽车科技股份有限公司 | 姓名: 
2026-04-13 16:30:54,239 [INFO] 
处理: 0206_[临时公告]ST腾骏关于补发公司被列入失信被执行人公告的说明公告.pdf
2026-04-13 16:30:54,837 [INFO]   分类: 公司被纳入 | 公司: 未将公司，江腾骏祥科技股份有限公司公司 | 姓名: 
2026-04-13 16:30:54,837 [INFO] 
处理: 0207_[临时公告]安明斯控股子公司被纳入失信被执行人的公告.pdf
2026-04-13 16:30:55,311 [INFO]   分类: 公司被纳入 | 公司: 控股子公司，数字生活科技有限公司 | 姓名: 
2026-04-13 16:30:55,311 [INFO] 
处理: 0208_[临时公告]协成科技关于实际控制人被纳入失信被执行人的公告(补发).pdf
2026-04-13 16:30:56,191 [INFO]   分类: 个人被纳入 | 公司:  | 姓名: 张庆文
2026-04-13 16:30:56,195 [INFO] 
处理: 0209_[临时公告]德润能源关于公司被撤销失信被执行人名单的公告.pdf
2026-04-13 16:30:56,645 [INFO]   分类: 公司被撤销 | 公司:  | 姓名: 
2026-04-13 16:30:56,645 [INFO] 
处理: 0210_[临时公告]印克电商关于公司被纳入失信被执行人名单的公告(补发).pdf
2026-04-13 16:30:57,313 [INFO]   分类: 公司被纳入 | 公司: 上海印克电子商务股份有限公司 | 姓名: 
2026-04-13 16:30:57,313 [INFO] 
处理: 0211_[临时公告]地平通航关于公司被纳入失信被执行人的公告 (补发).pdf
2026-04-13 16:30:57,776 [INFO]   分类: 公司被纳入 | 公司: 河北地平线通用航空股份有限公司 | 姓名: 
2026-04-13 16:30:57,776 [INFO] 
处理: 0212_[临时公告]锦龙装备关于公司被撤销失信被执行人名单的公告.pdf
2026-04-13 16:30:58,248 [INFO]   分类: 公司被撤销 | 公司:  | 姓名: 
2026-04-13 16:30:58,248 [INFO] 
处理: 0213_[临时公告]中控智联关于控股股东、实际控制人被纳入失信被执行人的公告.pdf
2026-04-13 16:30:59,117 [INFO]   分类: 个人被纳入 | 公司:  | 姓名: 王靖安
2026-04-13 16:30:59,232 [INFO] 
处理: 0214_[临时公告]大洋股份关于公司被纳入失信被执行人的公告(补发).pdf
2026-04-13 16:31:00,417 [INFO]   分类: 公司被纳入 | 公司: 常州大洋线缆股份有限公司 | 姓名: 
2026-04-13 16:31:00,417 [INFO] 
处理: 0215_[临时公告]奥莎动力关于子公司被纳入失信被执行人的公告 (补发).pdf
2026-04-13 16:31:00,745 [INFO]   分类: 公司被纳入 | 公司: 河北奥莎电梯制造有限公司 | 姓名: 
2026-04-13 16:31:00,745 [INFO] 
处理: 0216_[临时公告]中海阳关于公司被撤销失信被执行人名单的公告.pdf
2026-04-13 16:31:00,863 [INFO]   分类:  | 公司:  | 姓名: 
2026-04-13 16:31:00,863 [INFO] 
处理: 0217_[临时公告]金宏泰关于公司实际控制人被纳入失信被执行人的公告(补发).pdf
2026-04-13 16:31:01,424 [INFO]   分类: 个人被纳入 | 公司:  | 姓名: 赖泳村
2026-04-13 16:31:01,434 [INFO] 
处理: 0218_[临时公告]浏发健康关于公司被纳入失信被执行人的公告(补发).pdf
2026-04-13 16:31:02,064 [INFO]   分类: 公司被纳入 | 公司: 河南浏发健康管理股份有限公司 | 姓名: 
2026-04-13 16:31:02,064 [INFO] 
处理: 0219_[临时公告]颍元股份关于公司被撤销失信被执行人名单的公告.pdf
2026-04-13 16:31:02,222 [INFO]   分类: 公司被撤销 | 公司:  | 姓名: 
2026-04-13 16:31:02,222 [INFO] 
处理: 0220_[临时公告]国建新能关于公司被纳入失信被执行人的公告(补发).pdf
2026-04-13 16:31:02,508 [INFO]   分类: 公司被纳入 | 公司: 国建新能科技股份有限公司 | 姓名: 
2026-04-13 16:31:02,509 [INFO] 
处理: 0221_[临时公告]新复大关于控股股东、实际控制人被纳入失信被执行人公告.pdf
2026-04-13 16:31:02,678 [INFO]   分类: 个人被纳入 | 公司:  | 姓名: 郏晨光
2026-04-13 16:31:02,678 [INFO] 
处理: 0222_[临时公告]中标集团关于挂牌公司被纳入失信被执行人的公告.pdf
2026-04-13 16:31:03,444 [INFO]   分类: 公司被纳入 | 公司: 中标建设集团股份有限公司 | 姓名: 
2026-04-13 16:31:03,444 [INFO] 
处理: 0223_[临时公告]贵之步关于公司及实际控制人被纳入失信被执行人的公告(补发).pdf
2026-04-13 16:31:03,864 [INFO]   分类: 公司及个人被纳入 | 公司: 上述公司，湖南贵之步科教股份有限公司 | 姓名: 郑靖
2026-04-13 16:31:03,864 [INFO] 
处理: 0224_[临时公告]英网股份关于补发公司被纳入失信被执行人公告的声明公告.pdf
2026-04-13 16:31:03,983 [INFO]   分类: 公司被纳入 | 公司:  | 姓名: 
2026-04-13 16:31:03,983 [INFO] 
处理: 0225_[临时公告]特耐股份关于公司、公司实际控制人被纳入失信被执行人的公告.pdf
2026-04-13 16:31:04,131 [INFO]   分类: 公司及个人被纳入 | 公司: 河南特耐工程材料股份有限公司 | 姓名: 
2026-04-13 16:31:04,131 [INFO] 
处理: 0226_[临时公告]ST奥盖克关于公司子公司被列入失信被执行人的公告(补发).pdf
2026-04-13 16:31:04,265 [INFO]   分类: 公司被纳入 | 公司: 无棣奥盖克化工有限公司 | 姓名: 
2026-04-13 16:31:04,266 [INFO] 
处理: 0227_[临时公告]重交再生关于控股子公司被移除失信被执行人的公告.pdf
2026-04-13 16:31:04,272 [INFO]   分类:  | 公司:  | 姓名: 
2026-04-13 16:31:04,272 [INFO] 
处理: 0228_[临时公告]唐人科技关于公司及其实际控制人被纳入失信被执行人的公告.pdf
2026-04-13 16:31:04,617 [INFO]   分类: 公司及个人被纳入 | 公司: 厦门唐人科技股份有限公司 | 姓名: 丁洹，陈绍凤
2026-04-13 16:31:04,617 [INFO] 
处理: 0229_[临时公告]重交再生关于控股子公司被列入失信被执行人的公告.pdf
2026-04-13 16:31:04,751 [INFO]   分类: 公司被纳入 | 公司: 贵州重交再生资源开发有限公司 | 姓名: 
2026-04-13 16:31:04,751 [INFO] 
处理: 0230_[临时公告]奥根科技关于控股股东 实际控制人被纳入失信被执行人的公告.pdf
2026-04-13 16:31:04,865 [INFO]   分类: 个人被纳入 | 公司:  | 姓名: 易江
2026-04-13 16:31:04,865 [INFO] 
处理: 0231_[临时公告]馋神国际2019-046-关于公司被纳入失信被执行人的补发说明.pdf
2026-04-13 16:31:04,942 [INFO]   分类: 公司被纳入 | 公司: 股份有限公司关于公司 | 姓名: 
2026-04-13 16:31:04,942 [INFO] 
处理: 0232_[临时公告]牧天食品关于公司被纳入失信被执行人补发公告的声明公告.pdf
2026-04-13 16:31:04,994 [INFO]   分类: 公司被纳入 | 公司:  | 姓名: 
2026-04-13 16:31:04,994 [INFO] 
处理: 0233_[临时公告]攀高股份关于挂牌公司被纳入失信被执行人的公告（补发）.pdf
2026-04-13 16:31:05,125 [INFO]   分类: 公司被纳入 | 公司: 北京攀高文化传媒股份有限公司，挂牌公司 | 姓名: 
2026-04-13 16:31:05,125 [INFO] 
处理: 0234_[临时公告]大富装饰公司实际控制人被列入失信被执行人的公告(补发).pdf
2026-04-13 16:31:05,378 [INFO]   分类: 个人被纳入 | 公司:  | 姓名: 孙运峰
2026-04-13 16:31:05,378 [INFO] 
处理: 0235_[临时公告]ST白茶关于控股子公司被纳入失信被执行人的公告.pdf
2026-04-13 16:31:05,469 [INFO]   分类: 公司被纳入 | 公司: 福建省方泰农业科技发展有限公司 | 姓名: 
2026-04-13 16:31:05,470 [INFO] 
处理: 0236_[临时公告]汉泓影院关于控股子公司被纳入失信被执行人的公告.pdf
2026-04-13 16:31:05,644 [INFO]   分类: 公司被纳入 | 公司: 杭州传奇泰丽电影院有限公司 | 姓名: 
2026-04-13 16:31:05,659 [INFO] 
处理: 0237_[临时公告]ST中科关于控股股东、实际控制人被纳入失信被执行人的公告.pdf
2026-04-13 16:31:05,850 [INFO]   分类: 个人被纳入 | 公司:  | 姓名: 陈滨
2026-04-13 16:31:05,850 [INFO] 
处理: 0238_[临时公告]奥莎动力关于公司及实际控制人被纳入失信被执行人的公告 (补发).pdf
2026-04-13 16:31:06,032 [INFO]   分类: 公司及个人被纳入 | 公司: 湖南奥莎动力集团股份有限公司 | 姓名: 
2026-04-13 16:31:06,032 [INFO] 
处理: 0239_[临时公告]腾飞股份补发关于公司被纳入失信被执行人的公告(补发).pdf
2026-04-13 16:31:06,159 [INFO]   分类: 公司被纳入 | 公司: 补发关于公司 | 姓名: 
2026-04-13 16:31:06,159 [INFO] 
处理: 0240_[临时公告]ST合一康关于公司被纳入失信被执行人的公告(补发).pdf
2026-04-13 16:31:06,296 [INFO]   分类: 公司被纳入 | 公司: 深圳市合一康生物科技股份有限公司 | 姓名: 
2026-04-13 16:31:06,296 [INFO] 
处理: 0241_[临时公告]ST派芬子公司被纳入失信被执行人的公告(补发).pdf
2026-04-13 16:31:06,509 [INFO]   分类: 公司被纳入 | 公司: 江苏派芬自动控制技术有限公司 | 姓名: 
2026-04-13 16:31:06,509 [INFO] 
处理: 0242_[临时公告]贝特智联关于监事会主席被纳入失信被执行人的公告(补发).pdf
2026-04-13 16:31:06,697 [INFO]   分类: 个人被纳入 | 公司:  | 姓名: 王杰礼
2026-04-13 16:31:06,698 [INFO] 
处理: 0243_[临时公告]墨药股份控股股东、实际控制人被纳入失信被执行人的公告.pdf
2026-04-13 16:31:06,953 [INFO]   分类: 个人被纳入 | 公司:  | 姓名: 张礼春
2026-04-13 16:31:06,953 [INFO] 
处理: 0244_[临时公告]明朗智能关于挂牌公司被纳入失信被执行人的公告(更正公告).pdf
2026-04-13 16:31:07,069 [INFO]   分类: 公司被纳入 | 公司:  | 姓名: 
2026-04-13 16:31:07,069 [INFO] 
处理: 0245_[临时公告]千里马关于公司被撤销失信被执行人的公告.pdf
2026-04-13 16:31:07,160 [INFO]   分类: 公司被撤销 | 公司: 随即积极处理公司 | 姓名: 
2026-04-13 16:31:07,161 [INFO] 
处理: 0246_[临时公告]ST中科关于控股股东、实际控制人被纳入失信被执行人的公告.pdf
2026-04-13 16:31:07,376 [INFO]   分类: 个人被纳入 | 公司:  | 姓名: 陈滨
2026-04-13 16:31:07,376 [INFO] 
处理: 0247_[临时公告]奥莎动力关于补发子公司被纳入失信被执行人公告的声明.pdf
2026-04-13 16:31:07,431 [INFO]   分类: 公司被纳入 | 公司:  | 姓名: 
2026-04-13 16:31:07,431 [INFO] 
处理: 0248_[临时公告]宝生动力关于公司及实际控制人被纳入失信被执行人的公告.pdf
2026-04-13 16:31:07,600 [INFO]   分类: 公司及个人被纳入 | 公司: 深圳市宝生新能源动力股份有限公司 | 姓名: 任职，姚焯
2026-04-13 16:31:07,600 [INFO] 
处理: 0249_[临时公告]ST威能关于补发公司被纳入失信被执行人公告的声明公告.pdf
2026-04-13 16:31:07,606 [INFO]   分类:  | 公司:  | 姓名: 
2026-04-13 16:31:07,606 [INFO] 
处理: 0250_[临时公告]海博小贷关于监事会主席被纳入失信被执行人的公告(补发).pdf
2026-04-13 16:31:07,743 [INFO]   分类: 个人被纳入 | 公司:  | 姓名: 傅叶明，接替
2026-04-13 16:31:07,743 [INFO] 
处理: 0251_[临时公告]意昂股份关于公司被纳入失信被执行人名单的公告(补发).pdf
2026-04-13 16:31:07,822 [INFO]   分类: 公司被纳入 | 公司: 福建意昂机电股份公司 | 姓名: 
2026-04-13 16:31:07,823 [INFO] 
处理: 0252_[临时公告]广建装饰关于公司实际控制人被纳入失信被执行人的公告(补发).pdf
2026-04-13 16:31:07,921 [INFO]   分类: 个人被纳入 | 公司:  | 姓名: 李云
2026-04-13 16:31:07,922 [INFO] 
处理: 0253_[临时公告]华维电瓷关于控股股东、实际控制人被纳入失信被执行人的公告(补发).pdf
2026-04-13 16:31:08,032 [INFO]   分类: 个人被纳入 | 公司:  | 姓名: 胡文华
2026-04-13 16:31:08,032 [INFO] 
处理: 0254_[临时公告]千里马关于公司被纳入失信被执行人的公告.pdf
2026-04-13 16:31:08,130 [INFO]   分类: 公司被纳入 | 公司: 千里马机械供应链股份有限公司 | 姓名: 
2026-04-13 16:31:08,130 [INFO] 
处理: 0255_[临时公告]奥莎动力关于补发子公司被纳入失信被执行人公告的声明.pdf
2026-04-13 16:31:08,191 [INFO]   分类: 公司被纳入 | 公司:  | 姓名: 
2026-04-13 16:31:08,191 [INFO] 
处理: 0256_[临时公告]泰通农业关于全资子公司被纳入失信被执行人的公告(补发).pdf
2026-04-13 16:31:08,372 [INFO]   分类: 公司被纳入 | 公司: 全资子公司，奇台农场泰通农业科技有限公司 | 姓名: 
2026-04-13 16:31:08,372 [INFO] 
处理: 0257_[临时公告]德御坊关于控股股东、实际控制人、董事被纳入失信被执行人的公告.pdf
2026-04-13 16:31:08,575 [INFO]   分类: 个人被纳入 | 公司: 龙跃实业集团有限公司 | 姓名: 任职，杨波，赵培林，赵晶，龙跃
2026-04-13 16:31:08,575 [INFO] 
处理: 0258_[临时公告]清大教育关于挂牌公司被移除失信被执行人信息的公告.pdf
2026-04-13 16:31:08,646 [INFO]   分类: 公司被纳入 | 公司:  | 姓名: 
2026-04-13 16:31:08,646 [INFO] 
处理: 0259_[临时公告]星原丰泰关于补发公司被纳入失信被执行人的公告的声明公告.pdf
2026-04-13 16:31:08,699 [INFO]   分类: 公司被纳入 | 公司: 公开网查询到公司 | 姓名: 
2026-04-13 16:31:08,699 [INFO] 
处理: 0260_[临时公告]金鑫绿建关于公司被纳入安全生产失信联合惩戒黑名单的公告.pdf
2026-04-13 16:31:08,789 [INFO]   分类: 其他 | 公司:  | 姓名: 
2026-04-13 16:31:08,790 [INFO] 
处理: 0261_[临时公告]威能电源关于补发公司被纳入失信被执行人公告的声明公告.pdf
2026-04-13 16:31:08,853 [INFO]   分类: 公司被纳入 | 公司:  | 姓名: 
2026-04-13 16:31:08,853 [INFO] 
处理: 0262_[临时公告]雨禾精纤关于公司、控股股东及实际控制人被纳入失信被执行人的公告.pdf
2026-04-13 16:31:08,983 [INFO]   分类: 公司及个人被纳入 | 公司: 安徽雨禾精纤股份有限公司 | 姓名: 冯立新
2026-04-13 16:31:08,983 [INFO] 
处理: 0263_[临时公告]贵交科关于控股股东及实际控制人被撤销失信被执行人信息的公告.pdf
2026-04-13 16:31:09,103 [INFO]   分类: 个人被撤销 | 公司:  | 姓名: 项失信，魏璐已
2026-04-13 16:31:09,104 [INFO] 
处理: 0264_[临时公告]双猫股份关于补发董事被纳入失信被执行人公告的声明公告.pdf
2026-04-13 16:31:09,187 [INFO]   分类: 个人被纳入 | 公司:  | 姓名: 孙中村
2026-04-13 16:31:09,188 [INFO] 
处理: 0265_[临时公告]海益宝关于控股股东被纳入失信被执行人名单的公告(补发).pdf
2026-04-13 16:31:09,347 [INFO]   分类: 个人被纳入 | 公司: 山东玖龙海洋产业股份有限公司 | 姓名: 
2026-04-13 16:31:09,347 [INFO] 
处理: 0266_[临时公告]印克电商关于补发公司被纳入失信被执行人名单的公告的声明.pdf
2026-04-13 16:31:09,393 [INFO]   分类: 公司被纳入 | 公司: 于近日获悉公司 | 姓名: 
2026-04-13 16:31:09,393 [INFO] 
处理: 0267_[临时公告]网虫股份关于公司及子公司被纳入失信被执行人的公告.pdf
2026-04-13 16:31:09,868 [INFO]   分类: 公司被纳入 | 公司: 北京特诺克信息技术有限公司，宁夏网虫信息技术股份有限公司 | 姓名: 
2026-04-13 16:31:09,869 [INFO] 
处理: 0268_[临时公告]尚洋文化关于子公司被纳入失信被执行人的公告(补发).pdf
2026-04-13 16:31:10,099 [INFO]   分类: 公司被纳入 | 公司: 公司子公司，广州市尚洋艺术发展有限公司 | 姓名: 
2026-04-13 16:31:10,099 [INFO] 
处理: 0269_[临时公告]地平通航关于补发公司被纳入失信被执行人公告的声明.pdf
2026-04-13 16:31:10,208 [INFO]   分类: 公司被纳入 | 公司: 获悉公司 | 姓名: 
2026-04-13 16:31:10,208 [INFO] 
处理: 0270_[临时公告]奥莎动力关于补发子公司被纳入失信被执行人公告的声明.pdf
2026-04-13 16:31:10,288 [INFO]   分类: 公司被纳入 | 公司:  | 姓名: 
2026-04-13 16:31:10,288 [INFO] 
处理: 0271_[临时公告]正兴玉关于控股股东、实际控制人新增被纳入失信被执行人的公告.pdf
2026-04-13 16:31:10,618 [INFO]   分类: 个人被纳入 | 公司: 深圳日昇创沅资产管理有限公司 | 姓名: 丁立红，表示正，陈鸿成
2026-04-13 16:31:10,619 [INFO] 
处理: 0272_[临时公告]德润能源关于补发公司被纳入失信被执行人公告的声明公告.pdf
2026-04-13 16:31:10,755 [INFO]   分类: 公司被纳入 | 公司:  | 姓名: 
2026-04-13 16:31:10,756 [INFO] 
处理: 0273_[临时公告]松德资源关于补发公司被纳入失信被执行人公告的声明公告.pdf
2026-04-13 16:31:10,858 [INFO]   分类: 公司被纳入 | 公司:  | 姓名: 
2026-04-13 16:31:10,859 [INFO] 
处理: 0274_[临时公告]浏发健康关于张杰被纳入失信被执行人的公告(补发).pdf
2026-04-13 16:31:10,970 [INFO]   分类: 公司被纳入 | 公司:  | 姓名: 
2026-04-13 16:31:10,970 [INFO] 
处理: 0275_[临时公告]大唐种业关于公司被纳入失信被执行人的公告(补发).pdf
2026-04-13 16:31:11,076 [INFO]   分类: 公司被纳入 | 公司: 陕西大唐种业股份有限公司 | 姓名: 
2026-04-13 16:31:11,076 [INFO] 
处理: 0276_[临时公告]科捷锂电关于控股股东、共同实际控制人被纳入失信被执行人的公告.pdf
2026-04-13 16:31:11,274 [INFO]   分类: 个人被纳入 | 公司:  | 姓名: 王永发，王辉
2026-04-13 16:31:11,274 [INFO] 
处理: 0277_[临时公告]ST致生关于全资子公司被纳入失信被执行人的公告.pdf
2026-04-13 16:31:11,573 [INFO]   分类: 公司被纳入 | 公司: 全资子公司，北京致生资产管理有限公司，董事会非常重视公司全资子公司，针对公司全资子公司 | 姓名: 
2026-04-13 16:31:11,573 [INFO] 
处理: 0278_[临时公告]龙云旅游公司及实际控制人被纳入失信被执行人的公告(补发).pdf
2026-04-13 16:31:11,973 [INFO]   分类: 公司及个人被纳入 | 公司: 黑龙江龙云旅游管理股份有限公司 | 姓名: 信联合，和高级，孟宪云，闫显龙，龙云
2026-04-13 16:31:11,973 [INFO] 
处理: 0279_[临时公告]国建新能关于子公司被纳入失信被执行人的公告(补发).pdf
2026-04-13 16:31:12,124 [INFO]   分类: 公司被纳入 | 公司: 公司子公司，国建新能源科技有限公司 | 姓名: 
2026-04-13 16:31:12,125 [INFO] 
处理: 0280_[临时公告]新复大关于控股股东、实际控制人被撤销失信被执行人信息的公告.pdf
2026-04-13 16:31:12,219 [INFO]   分类: 个人被撤销 | 公司:  | 姓名: 郏晨
2026-04-13 16:31:12,219 [INFO] 
处理: 0281_[临时公告]保通食品关于控股子公司被纳入失信被执行人的公告.pdf
2026-04-13 16:31:12,289 [INFO]   分类: 公司被纳入 | 公司: 东兴市保通冷冻食品有限公司，控股子公司 | 姓名: 
2026-04-13 16:31:12,289 [INFO] 
处理: 0282_[临时公告]佰蒂生物关于公司被撤销失信被执行人信息的公告.pdf
2026-04-13 16:31:12,338 [INFO]   分类: 公司被撤销 | 公司:  | 姓名: 
2026-04-13 16:31:12,339 [INFO] 
处理: 0283_[临时公告]ST川马关于公司及公司实际控制人被纳入失信被执行人的公告.pdf
2026-04-13 16:31:12,530 [INFO]   分类: 公司及个人被纳入 | 公司: 深圳市川马电子股份有限公司 | 姓名: 陈绍华
2026-04-13 16:31:12,530 [INFO] 
处理: 0284_[临时公告]华维电瓷关于控股股东、实际控制人被纳入失信被执行人的公告(补发).pdf
2026-04-13 16:31:12,667 [INFO]   分类: 个人被纳入 | 公司:  | 姓名: 胡文华
2026-04-13 16:31:12,668 [INFO] 
处理: 0285_[临时公告]贵之步关于补发公司及实际控制人被纳入失信被执行人公告的情况说明.pdf
2026-04-13 16:31:12,783 [INFO]   分类: 公司及个人被纳入 | 公司:  | 姓名: 郑靖
2026-04-13 16:31:12,784 [INFO] 
处理: 0286_[临时公告]世胜股份关于共同实际控制人之一被纳入失信被执行人的公告(补发).pdf
2026-04-13 16:31:12,868 [INFO]   分类: 个人被纳入 | 公司:  | 姓名: 梁剑桦
2026-04-13 16:31:12,869 [INFO] 
处理: 0287_[临时公告]大菲5关于补发公司被纳入失信被执行人公告的声明公告.pdf
2026-04-13 16:31:12,937 [INFO]   分类: 公司被纳入 | 公司:  | 姓名: 
2026-04-13 16:31:12,937 [INFO] 
处理: 0288_[临时公告]金百万关于补发公司被纳入失信被执行人公告的声明公告.pdf
2026-04-13 16:31:13,043 [INFO]   分类: 公司被纳入 | 公司: 时获悉公司 | 姓名: 
2026-04-13 16:31:13,043 [INFO] 
处理: 0289_[临时公告]华维电瓷关于公司、控股股东、实际控制人被纳入失信被执行人的公告(补发).pdf
2026-04-13 16:31:13,160 [INFO]   分类: 公司及个人被纳入 | 公司: 萍乡华维电瓷科技股份有限公司 | 姓名: 胡文华，蒋秀蓉
2026-04-13 16:31:13,160 [INFO] 
处理: 0290_[临时公告]恒润高科关于控股股东、实际控制人被纳入失信被执行人的公告(补发).pdf
2026-04-13 16:31:13,314 [INFO]   分类: 个人被纳入 | 公司:  | 姓名: 李伟，李芮岚
2026-04-13 16:31:13,314 [INFO] 
处理: 0291_[临时公告]ST白茶关于公司涉及诉讼及被纳入失信联合惩戒对象的补发声明公告.pdf
2026-04-13 16:31:13,475 [INFO]   分类: 公司被纳入 | 公司:  | 姓名: 
2026-04-13 16:31:13,475 [INFO] 
处理: 0292_[临时公告]地星测绘关于公司被移出失信被执行人名单的公告（已取消）.pdf
2026-04-13 16:31:13,618 [INFO]   分类: 公司被撤销 | 公司: 山东视观察信息科技股份有限公司 | 姓名: 
2026-04-13 16:31:13,618 [INFO] 
处理: 0293_[临时公告]沃阁酒店关于控股股东及实际控制人被纳入失信被执行人的公告(补发).pdf
2026-04-13 16:31:13,922 [INFO]   分类: 个人被纳入 | 公司: 江苏沃阁文化旅游集团有限公司 | 姓名: 程剑凯
2026-04-13 16:31:13,924 [INFO] 
处理: 0294_[临时公告]本草春关于公司被纳入失信被执行人补发公告的声明公告.pdf
2026-04-13 16:31:14,017 [INFO]   分类: 公司被纳入 | 公司: 石斛股份有限公司关于公司 | 姓名: 
2026-04-13 16:31:14,017 [INFO] 
处理: 0295_[临时公告]龙发制药关于实际控制人、董事、总经理被纳入失信被执行人的公告.pdf
2026-04-13 16:31:14,212 [INFO]   分类: 个人被纳入 | 公司:  | 姓名: 焦家良，焦少良
2026-04-13 16:31:14,212 [INFO] 
处理: 0296_[临时公告]ST中科关于公司、控股股东、实际控制人被纳入失信被执行人的公告.pdf
2026-04-13 16:31:14,368 [INFO]   分类: 公司及个人被纳入 | 公司: 北京中科联众科技股份有限公司 | 姓名: 陈滨
2026-04-13 16:31:14,368 [INFO] 
处理: 0297_[临时公告]大富装饰补发公司实际控制人被纳入失信被执行人的声明公告.pdf
2026-04-13 16:31:14,384 [INFO]   分类:  | 公司:  | 姓名: 
2026-04-13 16:31:14,384 [INFO] 
处理: 0298_[临时公告]长江绿海关于挂牌公司被纳入失信被执行人的公告(补发).pdf
2026-04-13 16:31:14,489 [INFO]   分类: 公司被纳入 | 公司: 长江绿海环境工程股份有限公司 | 姓名: 
2026-04-13 16:31:14,489 [INFO] 
处理: 0299_[临时公告]ST广建关于公司控股股东被纳入失信被执行人的公告(补发).pdf
2026-04-13 16:31:14,619 [INFO]   分类: 个人被纳入 | 公司: 重庆泰清企业管理咨询有限公司 | 姓名: 
2026-04-13 16:31:14,620 [INFO] 
处理: 0300_[临时公告]ST广建关于公司实际控制人被纳入失信被执行人的公告(补发).pdf
2026-04-13 16:31:14,782 [INFO]   分类: 个人被纳入 | 公司:  | 姓名: 李云
2026-04-13 16:31:14,782 [INFO] 
处理: 0301_[临时公告]ST广建关于公司控股股东被纳入失信被执行人的公告(补发).pdf
2026-04-13 16:31:14,885 [INFO]   分类: 个人被纳入 | 公司: 重庆泰清企业管理咨询有限公司 | 姓名: 
2026-04-13 16:31:14,885 [INFO] 
处理: 0302_[临时公告]卓佳股份关于控股股东、实际控制人被纳入失信被执行人的公告（补发）.pdf
2026-04-13 16:31:15,048 [INFO]   分类: 个人被纳入 | 公司:  | 姓名: 赵洪新
2026-04-13 16:31:15,048 [INFO] 
处理: 0303_[临时公告]华丽包装关于公司及公司实际控制人被纳入失信被执行人的公告.pdf
2026-04-13 16:31:15,430 [INFO]   分类: 公司及个人被纳入 | 公司: 河南华丽纸业包装股份有限公司 | 姓名: 代建设
2026-04-13 16:31:15,430 [INFO] 
处理: 0304_[临时公告]国电能源关于补发公司被纳入失信被执行人公告的声明公告.pdf
2026-04-13 16:31:15,510 [INFO]   分类: 公司被纳入 | 公司: 国电远鹏能源科技股份有限公司关于公司 | 姓名: 
2026-04-13 16:31:15,511 [INFO] 
处理: 0305_[临时公告]ST大华关于公司及控股股东、实际控制人被纳入失信被执行人的公告.pdf
2026-04-13 16:31:15,704 [INFO]   分类: 公司及个人被纳入 | 公司: 江西大华投资集团有限公司，江西大华新材料股份有限公司 | 姓名: 孙华华
2026-04-13 16:31:15,704 [INFO] 
处理: 0306_[临时公告]ST天人关于实际控制人、董事、总经理被纳入失信被执行人的公告.pdf
2026-04-13 16:31:15,863 [INFO]   分类: 个人被纳入 | 公司:  | 姓名: 周志刚
2026-04-13 16:31:15,863 [INFO] 
处理: 0307_[临时公告]艾格生物关于控股股东、实际控制人、董事被纳入失信被执行人的公告.pdf
2026-04-13 16:31:16,101 [INFO]   分类: 个人被纳入 | 公司:  | 姓名: 后生效，周芳琴，徐克成
2026-04-13 16:31:16,101 [INFO] 
处理: 0308_[临时公告]中联环保关于公司高级管理人员被纳入失信联合惩戒对象的公告.pdf
2026-04-13 16:31:16,336 [INFO]   分类: 个人被纳入 | 公司:  | 姓名: 谢永恒
2026-04-13 16:31:16,336 [INFO] 
处理: 0309_[临时公告]鼎浩股份关于补发公司实际控制人被纳入失信被执行人的声明公告.pdf
2026-04-13 16:31:16,491 [INFO]   分类: 个人被纳入 | 公司:  | 姓名: 庞彩萍，庞浩亮
2026-04-13 16:31:16,491 [INFO] 
处理: 0310_[临时公告]ST简品关于补发公司被纳入失信被执行人公告的声明公告.pdf
2026-04-13 16:31:16,604 [INFO]   分类: 公司被纳入 | 公司:  | 姓名: 
2026-04-13 16:31:16,604 [INFO] 
处理: 0311_[临时公告]ST天富关于公司被纳入失信被执行人名单的公告(补发).pdf
2026-04-13 16:31:16,849 [INFO]   分类: 公司被纳入 | 公司: 广东天富电气股份有限公司 | 姓名: 
2026-04-13 16:31:16,849 [INFO] 
处理: 0312_[临时公告]中侨3关于补发公司被纳入失信被执行人名单的声明公告.pdf
2026-04-13 16:31:17,029 [INFO]   分类: 公司被纳入 | 公司:  | 姓名: 
2026-04-13 16:31:17,029 [INFO] 
处理: 0313_[临时公告]创建达一关于控股股东、实际控制人被纳入失信被执行人的公告.pdf
2026-04-13 16:31:17,156 [INFO]   分类: 个人被纳入 | 公司:  | 姓名: 陈剑刚
2026-04-13 16:31:17,156 [INFO] 
处理: 0314_[临时公告]宝安股份关于公司及实际控制人被纳入失信被执行人的公告(补发).pdf
2026-04-13 16:31:17,282 [INFO]   分类: 公司及个人被纳入 | 公司: 浙江宝安服饰股份有限公司 | 姓名: 李斌
2026-04-13 16:31:17,282 [INFO] 
处理: 0315_[临时公告]华丽包装关于公司及公司实际控制人被纳入失信被执行人的公告.pdf
2026-04-13 16:31:17,547 [INFO]   分类: 公司及个人被纳入 | 公司: 河南华丽纸业包装股份有限公司 | 姓名: 代建设
2026-04-13 16:31:17,547 [INFO] 
处理: 0316_[临时公告]意昂股份关于补发公司被纳入失信被执行人名单的声明公告.pdf
2026-04-13 16:31:17,684 [INFO]   分类: 公司被纳入 | 公司: 露关于公司 | 姓名: 
2026-04-13 16:31:17,684 [INFO] 
处理: 0317_[临时公告]威能电源关于补发实际控制人被纳入失信被执行人公告的声明公告.pdf
2026-04-13 16:31:17,740 [INFO]   分类: 个人被纳入 | 公司:  | 姓名: 
2026-04-13 16:31:17,740 [INFO] 
处理: 0318_[临时公告]ST川马关于公司被纳入失信被执行人的补发声明公告.pdf
2026-04-13 16:31:17,862 [INFO]   分类: 公司被纳入 | 公司:  | 姓名: 
2026-04-13 16:31:17,862 [INFO] 
处理: 0319_[临时公告]金宏泰关于补发公司实际控制人被纳入失信被执行人的公告的声明公告.pdf
2026-04-13 16:31:17,959 [INFO]   分类: 个人被纳入 | 公司:  | 姓名: 赖泳
2026-04-13 16:31:17,959 [INFO] 
处理: 0320_[临时公告]名家智能关于补发监事被纳入失信被执行人公告的声明公告.pdf
2026-04-13 16:31:18,041 [INFO]   分类: 个人被纳入 | 公司:  | 姓名: 吴火升
2026-04-13 16:31:18,041 [INFO] 
处理: 0321_[临时公告]ST天佐关于补发公司被纳入失信被执行人公告的声明公告.pdf
2026-04-13 16:31:18,093 [INFO]   分类: 公司被纳入 | 公司: 信用中国查询到公司 | 姓名: 
2026-04-13 16:31:18,093 [INFO] 
处理: 0322_[临时公告]韶华文化关于实际控制人被纳入失信被执行人的公告(补发).pdf
2026-04-13 16:31:18,199 [INFO]   分类: 个人被纳入 | 公司:  | 姓名: 林莉
2026-04-13 16:31:18,199 [INFO] 
处理: 0323_[临时公告]深发红木关于公司实际控制人被纳入失信被执行人的公告(补发).pdf
2026-04-13 16:31:18,441 [INFO]   分类: 个人被纳入 | 公司:  | 姓名: 张祝林
2026-04-13 16:31:18,441 [INFO] 
处理: 0324_[临时公告]创建达一关于控股股东、实际控制人被纳入失信被执行人的公告.pdf
2026-04-13 16:31:18,629 [INFO]   分类: 个人被纳入 | 公司:  | 姓名: 陈剑刚
2026-04-13 16:31:18,629 [INFO] 
处理: 0325_[临时公告]南洋5关于董监高人员被纳入失信被执行人的公告(补发).pdf
2026-04-13 16:31:18,705 [INFO]   分类: 公司被纳入 | 公司:  | 姓名: 
2026-04-13 16:31:18,705 [INFO] 
处理: 0326_[临时公告]大洋股份补发关于公司被纳入失信被执行人的公告的声明公告.pdf
2026-04-13 16:31:18,820 [INFO]   分类: 公司被纳入 | 公司: 补发关于公司 | 姓名: 
2026-04-13 16:31:18,820 [INFO] 
处理: 0327_[临时公告]金宏泰关于补发公司实际控制人被纳入失信被执行人的公告的声明公告.pdf
2026-04-13 16:31:18,902 [INFO]   分类: 个人被纳入 | 公司:  | 姓名: 赖泳
2026-04-13 16:31:18,902 [INFO] 
处理: 0328_[临时公告]华新能源关于公司被纳入失信被执行人的公告（补发）(补发).pdf
2026-04-13 16:31:19,051 [INFO]   分类: 公司被纳入 | 公司: 西安华新新能源股份有限公司 | 姓名: 
2026-04-13 16:31:19,051 [INFO] 
处理: 0329_[临时公告]世胜股份关于公司被纳入失信被执行人的补发声明公告.pdf
2026-04-13 16:31:19,162 [INFO]   分类: 公司被纳入 | 公司:  | 姓名: 
2026-04-13 16:31:19,162 [INFO] 
处理: 0330_[临时公告]浏发健康关于补发关于张杰被纳入失信被执行人的声明公告.pdf
2026-04-13 16:31:19,221 [INFO]   分类: 公司被纳入 | 公司:  | 姓名: 
2026-04-13 16:31:19,221 [INFO] 
处理: 0331_[临时公告]中标集团关于挂牌公司母公司被撤销失信被执行人的公告.pdf
2026-04-13 16:31:19,310 [INFO]   分类: 公司被撤销 | 公司: 及其全资子公司，法院已撤销挂牌公司母公司 | 姓名: 
2026-04-13 16:31:19,310 [INFO] 
处理: 0332_[临时公告]龙云旅游关于补发公司及实际控制人被纳入失信被执行人的声明公告.pdf
2026-04-13 16:31:19,367 [INFO]   分类: 公司及个人被纳入 | 公司:  | 姓名: 
2026-04-13 16:31:19,367 [INFO] 
处理: 0333_[临时公告]国建新能关于补发公司被纳入失信被执行人公告的声明公告.pdf
2026-04-13 16:31:19,429 [INFO]   分类: 公司被纳入 | 公司: 能科技股份有限公司关于公司 | 姓名: 
2026-04-13 16:31:19,430 [INFO] 
处理: 0334_[临时公告]ST彩通关于公司被纳入失信被执行人名单的进展公告.pdf
2026-04-13 16:31:19,571 [INFO]   分类: 公司被纳入 | 公司: 郑州彩通科技股份有限公司 | 姓名: 
2026-04-13 16:31:19,572 [INFO] 
处理: 0335_[临时公告]ST腾骏2019-017 关于补发公司被纳入失信被执行人的说明公告.pdf
2026-04-13 16:31:19,629 [INFO]   分类: 公司被纳入 | 公司: 未将公司 | 姓名: 
2026-04-13 16:31:19,629 [INFO] 
处理: 0336_[临时公告]精湛光电关于挂牌公司及实际控制人被纳入失信被执行人的公告.pdf
2026-04-13 16:31:19,868 [INFO]   分类: 公司及个人被纳入 | 公司: 江苏精湛光电仪器股份有限公司 | 姓名: 李志琴，瞿世鲲
2026-04-13 16:31:19,868 [INFO] 
处理: 0337_[临时公告]掌玩互娱关于补发公司涉及诉讼、被纳入失信被执行人公告的声明公告.pdf
2026-04-13 16:31:19,957 [INFO]   分类: 公司被纳入 | 公司: 披露关于公司 | 姓名: 
2026-04-13 16:31:19,957 [INFO] 
处理: 0338_[临时公告]ST彩通关于公司被纳入失信被执行人名单的进展公告.pdf
2026-04-13 16:31:20,103 [INFO]   分类: 公司被纳入 | 公司: 郑州彩通科技股份有限公司 | 姓名: 
2026-04-13 16:31:20,103 [INFO] 
处理: 0339_[临时公告]温迪数字关于控股股东、实际控制人被纳入失信被执行人的公告（补发）.pdf
2026-04-13 16:31:20,294 [INFO]   分类: 个人被纳入 | 公司:  | 姓名: 关丽芬
2026-04-13 16:31:20,294 [INFO] 
处理: 0340_[临时公告]丰裕环保关于董事会秘书被纳入失信被执行人的公告.pdf
2026-04-13 16:31:20,482 [INFO]   分类: 个人被纳入 | 公司:  | 姓名: 巫杰洪
2026-04-13 16:31:20,483 [INFO] 
处理: 0341_[临时公告]同益股份关于董事金成庆被纳入失信被执行人的公告(补发).pdf
2026-04-13 16:31:20,721 [INFO]   分类: 个人被纳入 | 公司:  | 姓名: 金成庆
2026-04-13 16:31:20,722 [INFO] 
处理: 0342_[临时公告]精湛光电关于公司及实际控制人被纳入失信被执行人的公告(补发).pdf
2026-04-13 16:31:20,966 [INFO]   分类: 公司及个人被纳入 | 公司: 江苏精湛光电仪器股份有限公司 | 姓名: 瞿世鲲
2026-04-13 16:31:20,966 [INFO] 
处理: 0343_[临时公告]ST爱珂关于公司及控股股东、实际控制人被纳入失信被执行人的公告.pdf
2026-04-13 16:31:21,212 [INFO]   分类: 公司及个人被纳入 | 公司: 宁波爱珂智能科技股份有限公司 | 姓名: 施杰军，陈挺也
2026-04-13 16:31:21,212 [INFO] 
处理: 0344_[临时公告]ST腾骏2019-108 关于补发公司被列入失信被执行人公告的说明公告.pdf
2026-04-13 16:31:21,255 [INFO]   分类: 公司被纳入 | 公司: 未将公司，江腾骏祥科技股份有限公司关于公司 | 姓名: 
2026-04-13 16:31:21,255 [INFO] 
处理: 0345_[临时公告]法兰智联关于公司及实际控制人被纳入失信被执行人的公告(补发).pdf
2026-04-13 16:31:21,381 [INFO]   分类: 公司及个人被纳入 | 公司: 深圳市法兰智联股份有限公司 | 姓名: 沈硕果，邱丽纯
2026-04-13 16:31:21,381 [INFO] 
处理: 0346_[临时公告]大地生物关于控股子公司被纳入失信被执行人的公告(补发).pdf
2026-04-13 16:31:21,580 [INFO]   分类: 公司被纳入 | 公司: 湖北铭耀新能源有限公司 | 姓名: 
2026-04-13 16:31:21,581 [INFO] 
处理: 0347_[临时公告]浩天新杰关于控股股东、实际控制人、董事长及董事被纳入失信联合惩戒对象的公告(补发)（已取消）.pdf
2026-04-13 16:31:21,840 [INFO]   分类: 个人被纳入 | 公司:  | 姓名: 刘建国，刘晨
2026-04-13 16:31:21,841 [INFO] 
处理: 0348_[临时公告]沃阁酒店关于补发控股股东及实际控制人被纳入失信被执行人的声明公告.pdf
2026-04-13 16:31:21,887 [INFO]   分类:  | 公司:  | 姓名: 
2026-04-13 16:31:21,888 [INFO] 
处理: 0349_[临时公告]艾瑞德关于公司实际控制人、控股股东被纳入失信被执行人的公告（五）(补发).pdf
2026-04-13 16:31:22,252 [INFO]   分类: 个人被纳入 | 公司:  | 姓名: 汪舵海
2026-04-13 16:31:22,252 [INFO] 
处理: 0350_[临时公告]易点科技关于公司控股股东、实际控制人、监事被纳入失信被执行人的公告.pdf
2026-04-13 16:31:22,543 [INFO]   分类: 个人被纳入 | 公司:  | 姓名: 宋春影，易晓天，易继先
2026-04-13 16:31:22,543 [INFO] 
处理: 0351_[临时公告]特耐股份关于补发涉及诉讼、对外担保及被纳入失信被执行人的声明公告.pdf
2026-04-13 16:31:22,696 [INFO]   分类: 公司被纳入 | 公司:  | 姓名: 
2026-04-13 16:31:22,696 [INFO] 
处理: 0352_[临时公告]ST白茶关于控股子公司被纳入失信联合惩戒对象的补发声明公告.pdf
2026-04-13 16:31:22,806 [INFO]   分类: 公司被纳入 | 公司:  | 姓名: 
2026-04-13 16:31:22,806 [INFO] 
处理: 0353_[临时公告]特耐股份关于公司、公司控制股东及实际控制人被纳入失信被执行人的公告.pdf
2026-04-13 16:31:23,234 [INFO]   分类: 个人被纳入 | 公司: 开封晶圆实业有限公司，河南特耐工程材料股份有限公司 | 姓名: 
2026-04-13 16:31:23,234 [INFO] 
处理: 0354_[临时公告]ST合一康关于补发公司被纳入失信被执行人公告的声明公告.pdf
2026-04-13 16:31:23,344 [INFO]   分类: 公司被纳入 | 公司:  | 姓名: 
2026-04-13 16:31:23,344 [INFO] 
处理: 0355_[临时公告]通捷水务关于公司实际控制人、控股股东被纳入失信被执行人的公告(补发).pdf
2026-04-13 16:31:23,470 [INFO]   分类: 个人被纳入 | 公司:  | 姓名: 李云松
2026-04-13 16:31:23,470 [INFO] 
处理: 0356_[临时公告]芍花堂关于孙公司被纳入失信被执行人公告的补发声明公告.pdf
2026-04-13 16:31:23,548 [INFO]   分类: 公司被纳入 | 公司:  | 姓名: 
2026-04-13 16:31:23,548 [INFO] 
处理: 0357_[临时公告]芍花堂关于孙公司被解除失信被执行人公告的补发声明公告.pdf
2026-04-13 16:31:23,645 [INFO]   分类: 其他 | 公司:  | 姓名: 
2026-04-13 16:31:23,645 [INFO] 
处理: 0358_[临时公告]ST一恒贞关于公司及实际控制人被纳入失信被执行人名单的公告.pdf
2026-04-13 16:31:23,881 [INFO]   分类: 公司及个人被纳入 | 公司: 河南一恒贞珠宝股份有限公司 | 姓名: 张斌，黄飞雪
2026-04-13 16:31:23,881 [INFO] 
处理: 0359_[临时公告]ST元亨利关于补发公司及实际控制人被纳入失信被执行人的声明公告.pdf
2026-04-13 16:31:23,973 [INFO]   分类: 公司及个人被纳入 | 公司:  | 姓名: 
2026-04-13 16:31:23,973 [INFO] 
处理: 0360_[临时公告]艾瑞德关于公司实际控制人、控股股东被纳入失信被执行人的公告四(补发).pdf
2026-04-13 16:31:24,402 [INFO]   分类: 个人被纳入 | 公司:  | 姓名: 汪舵海
2026-04-13 16:31:24,402 [INFO] 
处理: 0361_[临时公告]艾瑞德关于补发公司实际控制人、控股股东被纳入失信被执行人的声明公告.pdf
2026-04-13 16:31:24,573 [INFO]   分类: 个人被纳入 | 公司:  | 姓名: 汪舵海
2026-04-13 16:31:24,573 [INFO] 
处理: 0362_[临时公告]华燃油气关于公司实际控制人被纳入失信被执行人、限制高消费的公告.pdf
2026-04-13 16:31:24,789 [INFO]   分类: 个人被纳入 | 公司:  | 姓名: 叶蕊茂
2026-04-13 16:31:24,790 [INFO] 
处理: 0363_[临时公告]ST天富关于补发公司被纳入失信被执行人名单的声明公告.pdf
2026-04-13 16:31:24,898 [INFO]   分类: 公司被纳入 | 公司: 广东天富电气股份有限公司关于公司 | 姓名: 
2026-04-13 16:31:24,900 [INFO] 
处理: 0364_[临时公告]宝安股份关于补发公司及实际控制人被纳入失信被执行人的声明公告.pdf
2026-04-13 16:31:24,995 [INFO]   分类: 公司及个人被纳入 | 公司:  | 姓名: 
2026-04-13 16:31:24,995 [INFO] 
处理: 0365_[临时公告]益家食品关于分公司及公司实际控制人、董事长被纳入失信联合惩戒对象的公告.pdf
2026-04-13 16:31:25,161 [INFO]   分类: 公司及个人被纳入 | 公司: 江西省益家食品有限公司宜春分公司 | 姓名: 章仁勇
2026-04-13 16:31:25,161 [INFO] 
处理: 0366_[临时公告]百华科技关于公司及公司董事被纳入失信被执行人的公告(补发).pdf
2026-04-13 16:31:25,396 [INFO]   分类: 公司及个人被纳入 | 公司: 广东百华科技股份有限公司 | 姓名: 宁娟，接替
2026-04-13 16:31:25,396 [INFO] 
处理: 0367_[临时公告]ST白茶关于控股股东、董事长被纳入失信被执行人的公告（补发）.pdf
2026-04-13 16:31:25,586 [INFO]   分类: 个人被纳入 | 公司: 福建本源香艺农业投资管理有限公司 | 姓名: 朱丽燕
2026-04-13 16:31:25,586 [INFO] 
处理: 0368_[临时公告]图灵汽车关于公司及北京分公司被纳入失信被执行人的公告(补发).pdf
2026-04-13 16:31:25,808 [INFO]   分类: 公司被纳入 | 公司: 北京分公司，天津鸿逸汽车科技发展股份有限公司 | 姓名: 
2026-04-13 16:31:25,808 [INFO] 
处理: 0369_[临时公告]海博小贷关于补发监事会主席纳入失信被执行人公告的声明公告.pdf
2026-04-13 16:31:26,036 [INFO]   分类: 个人被纳入 | 公司:  | 姓名: 傅叶明，是否
2026-04-13 16:31:26,036 [INFO] 
处理: 0370_[临时公告]正兴玉关于控股股东、实际控制人新增被纳入失信被执行人事项的公告.pdf
2026-04-13 16:31:26,374 [INFO]   分类: 个人被纳入 | 公司: 深圳日昇创沅资产管理有限公司 | 姓名: 丁立红，表示正，陈鸿成
2026-04-13 16:31:26,374 [INFO] 
处理: 0371_[临时公告]ST一恒贞关于公司及实际控制人被纳入失信被执行人名单的公告.pdf
2026-04-13 16:31:27,327 [INFO]   分类: 公司及个人被纳入 | 公司: 河南一恒贞珠宝股份有限公司 | 姓名: 张斌，黄飞雪
2026-04-13 16:31:27,327 [INFO] 
处理: 0372_[临时公告]泰通农业关于补发全资子公司被纳入失信被执行人公告的声明公告.pdf
2026-04-13 16:31:27,399 [INFO]   分类: 公司被纳入 | 公司: 泰通农业科技有限公司，限公司关于全资子公司 | 姓名: 
2026-04-13 16:31:27,399 [INFO] 
处理: 0373_[临时公告]天环创新关于公司及控股股东、实际控制人被纳入失信被执行人的公告(补发).pdf
2026-04-13 16:31:27,597 [INFO]   分类: 公司及个人被纳入 | 公司: 广东天环创新科技股份有限公司 | 姓名: 梁荣，谭惠嫦
2026-04-13 16:31:27,597 [INFO] 
处理: 0374_[临时公告]爱珂科技关于公司及控股股东、实际控制人被纳入失信被执行人的公告(补发).pdf
2026-04-13 16:31:27,825 [INFO]   分类: 公司及个人被纳入 | 公司: 宁波爱珂智能科技股份有限公司 | 姓名: 施杰军，程雪薇
2026-04-13 16:31:27,825 [INFO] 
处理: 0375_[临时公告]佳田影像关于公司及公司实际控制人、控股股东被纳入失信被执行人的公告.pdf
2026-04-13 16:31:27,999 [INFO]   分类: 公司及个人被纳入 | 公司: 山东佳田医学影像股份有限公司 | 姓名: 朱玉珍，田少文
2026-04-13 16:31:27,999 [INFO] 
处理: 0376_[临时公告]精湛光电关于挂牌公司及实际控制人被纳入失信被执行人的公告(补发).pdf
2026-04-13 16:31:28,212 [INFO]   分类: 公司及个人被纳入 | 公司: 江苏精湛光电仪器股份有限公司 | 姓名: 李志琴，瞿世鲲
2026-04-13 16:31:28,212 [INFO] 
处理: 0377_[临时公告]通捷水务公司涉及诉讼暨公司被列入失信被执行人公(补发).pdf
2026-04-13 16:31:28,400 [INFO]   分类: 公司被纳入 | 公司: 以上诉讼导致公司，公司涉及诉讼暨公司，北京通捷智慧水务股份有限公司 | 姓名: 
2026-04-13 16:31:28,400 [INFO] 
处理: 0378_[临时公告]深发红木关于补发公司实际控制人被纳入失信被执行人的声明公告.pdf
2026-04-13 16:31:28,467 [INFO]   分类: 个人被纳入 | 公司:  | 姓名: 张祝林
2026-04-13 16:31:28,467 [INFO] 
处理: 0379_[临时公告]海益宝关于补发控股股东被纳入失信被执行人名单公告的声明公告.pdf
2026-04-13 16:31:28,571 [INFO]   分类: 个人被纳入 | 公司:  | 姓名: 
2026-04-13 16:31:28,571 [INFO] 
处理: 0380_[临时公告]国瓷5关于补发董事被纳入失信被执行人名单公告(补发).pdf
2026-04-13 16:31:28,868 [INFO]   分类: 个人被纳入 | 公司:  | 姓名: 陈东伟
2026-04-13 16:31:28,868 [INFO] 
处理: 0381_[临时公告]爱珂科技关于公司及控股股东、实际控制人被纳入失信被执行人的公告(补发).pdf
2026-04-13 16:31:29,499 [INFO]   分类: 公司及个人被纳入 | 公司: 宁波爱珂智能科技股份有限公司 | 姓名: 施杰军，程雪薇
2026-04-13 16:31:29,499 [INFO] 
处理: 0382_[临时公告]尚洋文化关于补发子公司被纳入失信被执行人公告的声明公告.pdf
2026-04-13 16:31:29,528 [INFO]   分类:  | 公司:  | 姓名: 
2026-04-13 16:31:29,529 [INFO] 
处理: 0383_[临时公告]中标集团关于挂牌公司湖北分公司被纳入失信被执行人的公告.pdf
2026-04-13 16:31:29,618 [INFO]   分类: 公司被纳入 | 公司: 中标建设集团股份有限公司湖北分公司 | 姓名: 
2026-04-13 16:31:29,618 [INFO] 
处理: 0384_[临时公告]元亨利关于公司及实际控制人被纳入失信被执行人名单的公告(补发).pdf
2026-04-13 16:31:29,797 [INFO]   分类: 公司及个人被纳入 | 公司: 元亨利珠宝股份有限公司 | 姓名: 谢宗选，黄旭文
2026-04-13 16:31:29,797 [INFO] 
处理: 0385_[临时公告]东信智能关于公司及控股股东、实际控制人被纳入失信被执行人的公告.pdf
2026-04-13 16:31:29,965 [INFO]   分类: 公司及个人被纳入 | 公司: 东信智能科技股份有限公司 | 姓名: 陈向群
2026-04-13 16:31:29,965 [INFO] 
处理: 0386_[临时公告]意昂股份关于公司及实际控制人被纳入失信被执行人名单的公告(补发).pdf
2026-04-13 16:31:30,156 [INFO]   分类: 公司及个人被纳入 | 公司: 福建意昂机电股份公司 | 姓名: 庄佟伟，郭秋榕
2026-04-13 16:31:30,156 [INFO] 
处理: 0387_[临时公告]ST凯路仕关于补发公司被纳入失信被执行人名单的公告.pdf
2026-04-13 16:31:30,381 [INFO]   分类: 公司被纳入 | 公司:  | 姓名: 
2026-04-13 16:31:30,382 [INFO] 
处理: 0388_[券商公告]通发股份大通证券关于通发股份被列为失信被执行人的风险提示公告.pdf
2026-04-13 16:31:30,421 [INFO]   分类:  | 公司:  | 姓名: 
2026-04-13 16:31:30,421 [INFO] 
处理: 0389_[临时公告]中标集团关于挂牌公司及其全资子公司被纳入失信被执行人的公告.pdf
2026-04-13 16:31:30,722 [INFO]   分类: 公司被纳入 | 公司: 中标建设集团股份有限公司，中标集团总包建设有限公司 | 姓名: 
2026-04-13 16:31:30,723 [INFO] 
处理: 0390_[临时公告]中标集团关于挂牌公司及其全资子公司被撤销部分失信被执行人的公告.pdf
2026-04-13 16:31:30,863 [INFO]   分类: 公司被纳入 | 公司: 及其全资子公司 | 姓名: 
2026-04-13 16:31:30,864 [INFO] 
处理: 0391_[临时公告]平安环保关于监事会主席被纳入失信被执行人的公告（补发）.pdf
2026-04-13 16:31:31,022 [INFO]   分类: 个人被纳入 | 公司:  | 姓名: 于海
2026-04-13 16:31:31,022 [INFO] 
处理: 0392_[临时公告]元亨利关于公司及实际控制人被纳入失信被执行人名单的公告(补发).pdf
2026-04-13 16:31:31,269 [INFO]   分类: 公司及个人被纳入 | 公司: 元亨利珠宝股份有限公司 | 姓名: 谢宗选，黄旭文
2026-04-13 16:31:31,269 [INFO] 
处理: 0393_[临时公告]精湛光电关于挂牌公司及实际控制人被纳入失信被执行人的公告(补发).pdf
2026-04-13 16:31:31,599 [INFO]   分类: 公司及个人被纳入 | 公司: 江苏精湛光电仪器股份有限公司 | 姓名: 李志琴，瞿世鲲
2026-04-13 16:31:31,600 [INFO] 
处理: 0394_[临时公告]艾瑞德关于公司实际控制人、控股股东被纳入失信被执行人的公告三(补发).pdf
2026-04-13 16:31:32,150 [INFO]   分类: 个人被纳入 | 公司:  | 姓名: 汪舵海
2026-04-13 16:31:32,150 [INFO] 
处理: 0395_[临时公告]艾瑞德关于补发公司实际控制人、控股股东被纳入失信被执行人的声明公告.pdf
2026-04-13 16:31:32,272 [INFO]   分类: 个人被纳入 | 公司:  | 姓名: 汪舵海
2026-04-13 16:31:32,272 [INFO] 
处理: 0396_[临时公告]中标集团关于挂牌公司及其全资子公司被纳入失信被执行人的公告.pdf
2026-04-13 16:31:32,442 [INFO]   分类: 公司被纳入 | 公司: 中标建设集团股份有限公司，中标集团总包建设有限公司 | 姓名: 
2026-04-13 16:31:32,442 [INFO] 
处理: 0397_[临时公告]虎符智能关于公司控股股东、实际控制人被纳入失信被执行人的公告.pdf
2026-04-13 16:31:32,732 [INFO]   分类: 个人被纳入 | 公司:  | 姓名: 和高级，赵巍
2026-04-13 16:31:32,732 [INFO] 
处理: 0398_[临时公告]国建新能关于补发子公司被纳入失信被执行人公告的声明公告.pdf
2026-04-13 16:31:32,906 [INFO]   分类: 公司被纳入 | 公司: 国建新能科技股份有限公司关于子公司，建新能源科技有限公司 | 姓名: 
2026-04-13 16:31:32,926 [INFO] 
处理: 0399_[临时公告]易名科技控股股东及实际控制人被纳入失信被执行人的公告(补发).pdf
2026-04-13 16:31:33,072 [INFO]   分类: 个人被纳入 | 公司:  | 姓名: 孔德菁
2026-04-13 16:31:33,072 [INFO] 
处理: 0400_[临时公告]爱珂科技关于公司及控股股东、实际控制人被撤销失信被执行人信息的公告.pdf
2026-04-13 16:31:33,106 [INFO]   分类:  | 公司:  | 姓名: 
2026-04-13 16:31:33,106 [INFO] 
处理: 0401_[临时公告]益家食品关于分公司及公司实际控制人、董事长被纳入失信联合惩戒对象的公告.pdf
2026-04-13 16:31:33,222 [INFO]   分类: 公司及个人被纳入 | 公司:  | 姓名: 章仁勇
2026-04-13 16:31:33,222 [INFO] 
处理: 0402_[临时公告]爱珂科技关于公司及控股股东、实际控制人被纳入失信被执行人的公告(补发).pdf
2026-04-13 16:31:33,591 [INFO]   分类: 公司及个人被纳入 | 公司: 宁波爱珂智能科技股份有限公司 | 姓名: 施杰军，程雪薇
2026-04-13 16:31:33,591 [INFO] 
处理: 0403_[临时公告]同益股份关于补发董事金成庆被纳入失信被执行人的声明公告.pdf
2026-04-13 16:31:33,672 [INFO]   分类: 个人被纳入 | 公司:  | 姓名: 金成庆
2026-04-13 16:31:33,672 [INFO] 
处理: 0404_[临时公告]白山国旅关于控股子公司被纳入失信被执行人的公告.pdf
2026-04-13 16:31:33,788 [INFO]   分类: 公司被纳入 | 公司: 深圳市滴滴导游网络科技有限公司 | 姓名: 
2026-04-13 16:31:33,788 [INFO] 
处理: 0405_[临时公告]华维电瓷关于补发公司、控股股东、实际控制人被纳入失信被执行人的公告的声明公告.pdf
2026-04-13 16:31:33,861 [INFO]   分类: 公司及个人被纳入 | 公司:  | 姓名: 胡文华，蒋秀蓉
2026-04-13 16:31:33,861 [INFO] 
处理: 0406_[临时公告]法兰智联关于补发公司及实际控制人被纳入失信被执行人公告的声明.pdf
2026-04-13 16:31:33,923 [INFO]   分类: 公司及个人被纳入 | 公司:  | 姓名: 
2026-04-13 16:31:33,923 [INFO] 
处理: 0407_[临时公告]四川唯鸿关于公司实际控制人被列入失信被执行人的公告.pdf
2026-04-13 16:31:34,056 [INFO]   分类: 个人被纳入 | 公司:  | 姓名: 陈善明
2026-04-13 16:31:34,057 [INFO] 
处理: 0408_[临时公告]ST长乐情关于公司实际控制人及董事被纳入失信被执行人的公告(补发).pdf
2026-04-13 16:31:34,272 [INFO]   分类: 个人被纳入 | 公司:  | 姓名: 胡健，谈克利，陈练
2026-04-13 16:31:34,272 [INFO] 
处理: 0409_[临时公告]浩天新杰关于补发控股股东、实际控制人、董事长及董事被纳入失信联合惩戒对象的声明公告.pdf
2026-04-13 16:31:34,338 [INFO]   分类: 个人被纳入 | 公司:  | 姓名: 
2026-04-13 16:31:34,338 [INFO] 
处理: 0410_[临时公告]力天世纪关于控股股东兼实际控制人被列为失信被执行人的公告(补发).pdf
2026-04-13 16:31:34,410 [INFO]   分类: 个人被纳入 | 公司:  | 姓名: 饶国煌
2026-04-13 16:31:34,410 [INFO] 
处理: 0411_[临时公告]力天世纪关于控股股东兼实际控制人被列为失信被执行人的公告(补发).pdf
2026-04-13 16:31:34,598 [INFO]   分类: 个人被纳入 | 公司:  | 姓名: 饶国煌
2026-04-13 16:31:34,598 [INFO] 
处理: 0412_[临时公告]艾瑞德关于补发公司及公司实际控制人、控股股东被纳入失信被执行人的声明公告.pdf
2026-04-13 16:31:34,738 [INFO]   分类: 公司及个人被纳入 | 公司:  | 姓名: 汪舵海
2026-04-13 16:31:34,738 [INFO] 
处理: 0413_[临时公告]竹邦能源关于控股股东、实际控制人、董事长被移出失信被执行人的公告.pdf
2026-04-13 16:31:34,876 [INFO]   分类: 个人被撤销 | 公司:  | 姓名: 冯亚林
2026-04-13 16:31:34,876 [INFO] 
处理: 0414_[临时公告]ST爱珂关于公司及控股股东、实际控制人被纳入失信被执行人的公告(补发).pdf
2026-04-13 16:31:35,376 [INFO]   分类: 公司及个人被纳入 | 公司: 宁波爱珂智能科技股份有限公司 | 姓名: 傅劲崴，施杰军，程雪薇
2026-04-13 16:31:35,376 [INFO] 
处理: 0415_[临时公告]竹邦能源关于控股股东、实际控制人、董事长被纳入失信被执行人的公告.pdf
2026-04-13 16:31:35,518 [INFO]   分类: 个人被纳入 | 公司:  | 姓名: 冯亚林
2026-04-13 16:31:35,518 [INFO] 
处理: 0416_[临时公告]佰蒂生物公司及公司董事长被列入失信被执行人的公告.pdf
2026-04-13 16:31:35,656 [INFO]   分类: 公司及个人被纳入 | 公司: 襄阳佰蒂生物科技股份有限公司 | 姓名: 曾光贤，邓以超
2026-04-13 16:31:35,656 [INFO] 
处理: 0417_[临时公告]千里马关于控股子公司被撤销失信被执行人的公告.pdf
2026-04-13 16:31:35,742 [INFO]   分类: 公司被撤销 | 公司: 理控股子公司 | 姓名: 
2026-04-13 16:31:35,742 [INFO] 
处理: 0418_[临时公告]ST元亨利关于公司及实际控制人被纳入失信被执行人名单的公告(补发).pdf
2026-04-13 16:31:35,882 [INFO]   分类: 公司及个人被纳入 | 公司: 元亨利珠宝股份有限公司 | 姓名: 黄旭文
2026-04-13 16:31:35,882 [INFO] 
处理: 0419_[临时公告]通捷水务关于补发公司实际控制人、控股股东被列入失信被执行人公告的说明公告.pdf
2026-04-13 16:31:35,996 [INFO]   分类: 个人被纳入 | 公司:  | 姓名: 
2026-04-13 16:31:35,997 [INFO] 
处理: 0420_[临时公告]ST元亨利关于公司及实际控制人被纳入失信被执行人名单的公告(补发).pdf
2026-04-13 16:31:36,279 [INFO]   分类: 公司及个人被纳入 | 公司: 元亨利珠宝股份有限公司 | 姓名: 公告，谢宗选，黄旭文
2026-04-13 16:31:36,279 [INFO] 
处理: 0421_[临时公告]千里马关于控股子公司被纳入失信被执行人的公告.pdf
2026-04-13 16:31:36,449 [INFO]   分类: 公司被纳入 | 公司: 控股子公司，武汉青天资产管理有限公司 | 姓名: 
2026-04-13 16:31:36,449 [INFO] 
处理: 0422_[临时公告]百华科技关于补发公司及公司董事被纳入失信被执行人的公告的声明.pdf
2026-04-13 16:31:36,539 [INFO]   分类: 公司及个人被纳入 | 公司:  | 姓名: 
2026-04-13 16:31:36,539 [INFO] 
处理: 0423_[临时公告]佰蒂生物公司及公司董事长被纳入失信被执行人的公告.pdf
2026-04-13 16:31:36,756 [INFO]   分类: 公司及个人被纳入 | 公司: 襄阳佰蒂生物科技股份有限公司 | 姓名: 曾光贤，邓以超
2026-04-13 16:31:36,757 [INFO] 
处理: 0424_[临时公告]欧美克2019-016：失信被执行情况公告补发声明.pdf
2026-04-13 16:31:36,844 [INFO]   分类: 其他 | 公司:  | 姓名: 唐玄
2026-04-13 16:31:36,844 [INFO] 
处理: 0425_[临时公告]ST立特190716立特营销：关于补发公司被纳入失信被执行人的声明公告.pdf
2026-04-13 16:31:36,896 [INFO]   分类: 公司被纳入 | 公司:  | 姓名: 
2026-04-13 16:31:36,896 [INFO] 
处理: 0426_[临时公告]中航前海关于公司控股股东、实际控制人被纳入失信被执行人的公告.pdf
2026-04-13 16:31:37,074 [INFO]   分类: 个人被纳入 | 公司:  | 姓名: 连志杰
2026-04-13 16:31:37,074 [INFO] 
处理: 0427_[券商公告]舜阳科技主办券商关于舜阳科技被列为失信被执行人的风险提示性公告.pdf
2026-04-13 16:31:37,079 [INFO]   分类:  | 公司:  | 姓名: 
2026-04-13 16:31:37,079 [INFO] 
处理: 0428_[临时公告]千里马关于控股子公司被撤销失信被执行人的公告.pdf
2026-04-13 16:31:37,215 [INFO]   分类: 公司被撤销 | 公司: 北京建国者工程机械有限公司，控股子公司 | 姓名: 
2026-04-13 16:31:37,215 [INFO] 
处理: 0429_[临时公告]韶华文化关于补发实际控制人被纳入失信被执行人公告的声明公告.pdf
2026-04-13 16:31:37,259 [INFO]   分类:  | 公司:  | 姓名: 
2026-04-13 16:31:37,260 [INFO] 
处理: 0430_[临时公告]通捷水务关于补发公司涉及诉讼暨公司被列入失信被执行人公告的说明公告.pdf
2026-04-13 16:31:37,357 [INFO]   分类: 公司被纳入 | 公司: 上述公司涉及诉讼及公司，司涉及诉讼暨公司 | 姓名: 
2026-04-13 16:31:37,357 [INFO] 
处理: 0431_[临时公告]协成科技关于补发公司实际控制人被纳入失信被执行人名单的声明公告.pdf
2026-04-13 16:31:37,407 [INFO]   分类: 个人被纳入 | 公司:  | 姓名: 张庆文
2026-04-13 16:31:37,408 [INFO] 
处理: 0432_[临时公告]国瓷5关于补发董事被纳入失信被执行人名单公告的声明公告.pdf
2026-04-13 16:31:37,482 [INFO]   分类: 个人被纳入 | 公司:  | 姓名: 陈东
2026-04-13 16:31:37,483 [INFO] 
处理: 0433_[临时公告]平安环保关于监事会主席被撤销失信被执行人名单的公告.pdf
2026-04-13 16:31:37,594 [INFO]   分类: 个人被撤销 | 公司:  | 姓名: 于海
2026-04-13 16:31:37,594 [INFO] 
处理: 0434_[临时公告]中创水务关于控股股东、实际控制人被纳入失信被执行人名单的公告(补发).pdf
2026-04-13 16:31:38,329 [INFO]   分类: 个人被纳入 | 公司: 浙江高创投资有限公司 | 姓名: 余胜者
2026-04-13 16:31:38,329 [INFO] 
处理: 0435_[临时公告]多尔克司关于公司、实际控制人、高级管理人员被纳入失信被执行人的公告.pdf
2026-04-13 16:31:38,614 [INFO]   分类: 公司及个人被纳入 | 公司: 多尔克司食品集团股份有限公司 | 姓名: 戴士伟，韩温香
2026-04-13 16:31:38,614 [INFO] 
处理: 0436_[临时公告]建润电子关于公司实际控制人、董事长被纳入失信被执行人的公告(补发).pdf
2026-04-13 16:31:38,769 [INFO]   分类: 个人被纳入 | 公司:  | 姓名: 张天生
2026-04-13 16:31:38,769 [INFO] 
处理: 0437_[临时公告]浏发健康2019-016关于补发公司被纳入失信被执行人的声明公告.pdf
2026-04-13 16:31:38,895 [INFO]   分类: 公司被纳入 | 公司:  | 姓名: 
2026-04-13 16:31:38,895 [INFO] 
处理: 0438_[临时公告]平安环保关于补发监事会主席被纳入失信被执行人的声明公告.pdf
2026-04-13 16:31:38,976 [INFO]   分类: 个人被纳入 | 公司:  | 姓名: 席于海
2026-04-13 16:31:38,976 [INFO] 
处理: 0439_[临时公告]万方网络关于公司及实际控制人被纳入失信被执行人的公告(补发).pdf
2026-04-13 16:31:39,633 [INFO]   分类: 公司及个人被纳入 | 公司: 深圳万方网络股份有限公司 | 姓名: 李健文
2026-04-13 16:31:39,633 [INFO] 
处理: 0440_[临时公告]华维电瓷关于补发公司控股股东、实际控制人被纳入失信被执行人公告的声明公告.pdf
2026-04-13 16:31:39,738 [INFO]   分类: 个人被纳入 | 公司:  | 姓名: 胡文华
2026-04-13 16:31:39,738 [INFO] 
处理: 0441_[临时公告]温迪数字关于补发控股股东、实际控制人被纳入失信被执行人公告的声明公告.pdf
2026-04-13 16:31:39,796 [INFO]   分类: 个人被纳入 | 公司:  | 姓名: 关丽芬
2026-04-13 16:31:39,796 [INFO] 
处理: 0442_[临时公告]中瀛鑫关于公司及实际控制人被纳入失信被执行人名单及被出具限制消费令的公告(补发).pdf
2026-04-13 16:31:40,075 [INFO]   分类: 其他 | 公司: 深圳市中瀛鑫科技股份有限公司 | 姓名: 陈文明
2026-04-13 16:31:40,075 [INFO] 
处理: 0443_[临时公告]大地生物关于补发控股子公司被纳入失信被执行人的声明公告明.pdf
2026-04-13 16:31:40,170 [INFO]   分类: 公司被纳入 | 公司: 未能按时披露公司控股子公司，荆州大地生物工程股份有限公司关于控股子公司 | 姓名: 
2026-04-13 16:31:40,170 [INFO] 
处理: 0444_[临时公告]ST长乐情关于补发公司实际控制人及董事被纳入失信被执行人的声明公告.pdf
2026-04-13 16:31:40,254 [INFO]   分类: 个人被纳入 | 公司:  | 姓名: 胡健，谈克利，陈练
2026-04-13 16:31:40,255 [INFO] 
处理: 0445_[临时公告]恒润高科836021_补发被列入失信被执行人的声明公告_2019-12-20.pdf
2026-04-13 16:31:40,326 [INFO]   分类: 公司被纳入 | 公司:  | 姓名: 
2026-04-13 16:31:40,326 [INFO] 
处理: 0446_[券商公告]新复大中泰证券关于新复大被列为失信被执行人及实际控制人股份被冻结的提示性公告.pdf
2026-04-13 16:31:40,462 [INFO]   分类: 个人被纳入 | 公司: 浙江新复大海洋生物科技股份有限公司 | 姓名: 
2026-04-13 16:31:40,462 [INFO] 
处理: 0447_[临时公告]力天世纪关于补发控股股东兼实际控制人被列为失信被执行人的声明公告.pdf
2026-04-13 16:31:40,470 [INFO]   分类:  | 公司:  | 姓名: 
2026-04-13 16:31:40,470 [INFO] 
处理: 0448_[临时公告]龙能股份关于挂牌公司临沂分公司及其负责人被列入失信被执行人的公告.pdf
2026-04-13 16:31:40,597 [INFO]   分类: 公司被纳入 | 公司: 广州市龙能城市运营管理股份有限公司 | 姓名: 
2026-04-13 16:31:40,597 [INFO] 
处理: 0449_[临时公告]特耐股份关于公司、公司董事、高管、控股股东及实际控制人被撤销失信被执行人的公告.pdf
2026-04-13 16:31:40,751 [INFO]   分类: 公司及个人被撤销 | 公司:  | 姓名: 
2026-04-13 16:31:40,751 [INFO] 
处理: 0450_[临时公告]力天世纪关于补发控股股东兼实际控制人被列为失信被执行人的声明公告.pdf
2026-04-13 16:31:40,772 [INFO]   分类:  | 公司:  | 姓名: 
2026-04-13 16:31:40,772 [INFO] 
处理: 0451_[临时公告]长江绿海关于挂牌公司被纳入失信被执行人公告的补发声明.pdf
2026-04-13 16:31:40,869 [INFO]   分类: 公司被纳入 | 公司:  | 姓名: 
2026-04-13 16:31:40,869 [INFO] 
处理: 0452_[临时公告]华安奥特关于公司实际控制人被纳入失信被执行人的公告[2019-024].pdf
2026-04-13 16:31:41,006 [INFO]   分类: 个人被纳入 | 公司:  | 姓名: 
2026-04-13 16:31:41,006 [INFO] 
处理: 0453_[临时公告]华安奥特关于公司及实际控制人被纳入失信被执行人的公告[2019-022].pdf
2026-04-13 16:31:41,373 [INFO]   分类: 公司及个人被纳入 | 公司:  | 姓名: 
2026-04-13 16:31:41,373 [INFO] 
处理: 0454_[临时公告]中瀛鑫关于公司及实际控制人被纳入失信被执行人名单及被出具限制消费令的公告(补发).pdf
2026-04-13 16:31:42,050 [INFO]   分类: 其他 | 公司: 深圳市中瀛鑫科技股份有限公司 | 姓名: 陈文明
2026-04-13 16:31:42,050 [INFO] 
处理: 0455_[临时公告]奥莎动力2019-054关于补发公司及实际控制人被纳入失信被执行人公告的声明.pdf
2026-04-13 16:31:42,149 [INFO]   分类: 公司及个人被纳入 | 公司:  | 姓名: 
2026-04-13 16:31:42,149 [INFO] 
处理: 0456_[临时公告]卓佳股份2019-034_872592-关于补发公司涉诉及被纳入失信被执行人的说明公告.pdf
2026-04-13 16:31:42,242 [INFO]   分类: 公司被纳入 | 公司:  | 姓名: 
2026-04-13 16:31:42,242 [INFO] 
处理: 0457_[临时公告]ST长乐情关于公司、公司实际控制人及董事被纳入失信被执行人的公告(补发).pdf
2026-04-13 16:31:42,397 [INFO]   分类: 公司及个人被纳入 | 公司: 湖南长乐情食品科技股份有限公司 | 姓名: 湛伟已，胡健
2026-04-13 16:31:42,397 [INFO] 
处理: 0458_[临时公告]中实能源关于实际控制人、董事、高级管理人员被纳入失信被执行人的公告.pdf
2026-04-13 16:31:42,651 [INFO]   分类: 个人被纳入 | 公司:  | 姓名: 任大俊，陈斌
2026-04-13 16:31:42,651 [INFO] 
处理: 0459_[临时公告]ST中昊关于公司、实际控制人、部分董事被纳入失信被执行人、限制高消费的公告(补发).pdf
2026-04-13 16:31:43,020 [INFO]   分类: 公司及个人被纳入 | 公司: 安徽中昊环保装备股份有限公司，安徽铭扬特种钢管有限公司 | 姓名: 苏静东，陈国军
2026-04-13 16:31:43,020 [INFO] 
处理: 0460_[临时公告]金土生物关于公司、子公司及公司实际控制人被纳入失信被执行人的公告(补发).pdf
2026-04-13 16:31:43,408 [INFO]   分类: 公司及个人被纳入 | 公司: 河北金土生物科技股份有限公司 | 姓名: 任职，王洪英，陈志国
2026-04-13 16:31:43,408 [INFO] 
处理: 0461_[临时公告]金土生物关于补发公司、子公司及公司实际控制人被纳入失信执行人公告的声明公告.pdf
2026-04-13 16:31:43,480 [INFO]   分类: 公司及个人被纳入 | 公司:  | 姓名: 
2026-04-13 16:31:43,480 [INFO] 
处理: 0462_[临时公告]智信股份关于补发公司被纳入失信被执行人及银行账户被冻结公告的声明公告.pdf
2026-04-13 16:31:43,590 [INFO]   分类: 公司被纳入 | 公司:  | 姓名: 
2026-04-13 16:31:43,590 [INFO] 
处理: 0463_[临时公告]图灵汽车关于补发公司及北京分公司被纳入失信被执行人公告的声明公告.pdf
2026-04-13 16:31:43,638 [INFO]   分类: 公司被纳入 | 公司:  | 姓名: 
2026-04-13 16:31:43,638 [INFO] 
处理: 0464_[临时公告]颍元股份关于公司、控股股东、实际控制人被纳入失信被执行人名单的公告（补发）.pdf
2026-04-13 16:31:43,734 [INFO]   分类: 公司及个人被纳入 | 公司:  | 姓名: 梁亦才
2026-04-13 16:31:43,734 [INFO] 
处理: 0465_[临时公告]汇新能源关于董事、高级管理人员被纳入失信被执行人的公告(补发).pdf
2026-04-13 16:31:43,810 [INFO]   分类: 个人被纳入 | 公司:  | 姓名: 接替梁，梁栢坚
2026-04-13 16:31:43,810 [INFO] 
处理: 0466_[临时公告]天环创新关于补发公司及控股股东、实际控制人被纳失信被执行人信息的公告的情况说明.pdf
2026-04-13 16:31:43,933 [INFO]   分类: 其他 | 公司:  | 姓名: 梁荣基，谭惠嫦
2026-04-13 16:31:43,933 [INFO] 
处理: 0467_[临时公告]精湛光电关于补发公司及实际控制人被纳入失信被执行人名单的声明公告.pdf
2026-04-13 16:31:44,016 [INFO]   分类: 公司及个人被纳入 | 公司:  | 姓名: 
2026-04-13 16:31:44,016 [INFO] 
处理: 0468_[临时公告]千里马关于控股子公司被纳入失信被执行人的公告(补发).pdf
2026-04-13 16:31:44,412 [INFO]   分类: 公司被纳入 | 公司: 北京建国者工程机械有限公司，武汉青天资产管理公司，石家庄建国者工程机械有限公司 | 姓名: 
2026-04-13 16:31:44,413 [INFO] 
处理: 0469_[临时公告]颍元股份关于公司控股股东、实际控制人被纳入失信被执行人名单的公告（补发）.pdf
2026-04-13 16:31:44,532 [INFO]   分类: 个人被纳入 | 公司:  | 姓名: 梁亦才
2026-04-13 16:31:44,532 [INFO] 
处理: 0470_[临时公告]南洋5关于董监高被纳入失信被执行人的公告的补发声明公告.pdf
2026-04-13 16:31:44,559 [INFO]   分类: 公司被纳入 | 公司:  | 姓名: 
2026-04-13 16:31:44,559 [INFO] 
处理: 0471_[临时公告]金开利关于公司实际控制人、董事、高级管理人员被纳入失信被执行人的公告.pdf
2026-04-13 16:31:44,661 [INFO]   分类: 个人被纳入 | 公司:  | 姓名: 徐伟，钱伟东
2026-04-13 16:31:44,661 [INFO] 
处理: 0472_[临时公告]锦龙装备关于公司被纳入失信被执行人公司控股股东实际控制人被采取限制消费措施的公告.pdf
2026-04-13 16:31:44,774 [INFO]   分类: 公司被纳入 | 公司: 北京锦龙海洋装备股份有限公司 | 姓名: 
2026-04-13 16:31:44,775 [INFO] 
处理: 0473_[临时公告]颍元股份关于公司控股股东、实际控制人被纳入失信被执行人名单的公告（补发）.pdf
2026-04-13 16:31:44,914 [INFO]   分类: 个人被纳入 | 公司:  | 姓名: 梁亦才
2026-04-13 16:31:44,914 [INFO] 
处理: 0474_[临时公告]元亨利关于补发公司及实际控制人被纳入失信被执行人名单公告的声明公告.pdf
2026-04-13 16:31:44,972 [INFO]   分类: 公司及个人被纳入 | 公司:  | 姓名: 
2026-04-13 16:31:44,972 [INFO] 
处理: 0475_[临时公告]精湛光电关于补发公司及实际控制人被纳入失信被执行人名单的声明公告.pdf
2026-04-13 16:31:45,021 [INFO]   分类: 公司及个人被纳入 | 公司:  | 姓名: 
2026-04-13 16:31:45,022 [INFO] 
处理: 0476_[临时公告]雪阳坯衫关于公司控股股东、实际控制人及监事会主席被纳入失信被执行人的公告.pdf
2026-04-13 16:31:45,188 [INFO]   分类: 个人被纳入 | 公司: 邓州雪阳集团股份有限公司 | 姓名: 刘红中，杨天岳
2026-04-13 16:31:45,188 [INFO] 
处理: 0477_[临时公告]万方网络关于补发公司及实际控制人被纳入失信被执行人的声明公告.pdf
2026-04-13 16:31:45,250 [INFO]   分类: 公司及个人被纳入 | 公司:  | 姓名: 
2026-04-13 16:31:45,251 [INFO] 
处理: 0478_[临时公告]大宇纺织关于公司及公司控股股东、实际控制人被纳入失信被执行人的公告(补发).pdf
2026-04-13 16:31:45,375 [INFO]   分类: 公司及个人被纳入 | 公司: 山东大宇纺织股份有限公司 | 姓名: 丁士彤，和高级
2026-04-13 16:31:45,376 [INFO] 
处理: 0479_[临时公告]中瀛鑫关于公司及实际控制人被纳入失信被执行人名单及被出具限制消费令的公告(补发).pdf
2026-04-13 16:31:45,390 [INFO]   分类:  | 公司:  | 姓名: 
2026-04-13 16:31:45,390 [INFO] 
处理: 0480_[临时公告]易名科技关于补发公司控股股东及实际控制人被纳入失信被执行人的声明公告.pdf
2026-04-13 16:31:45,461 [INFO]   分类: 个人被纳入 | 公司:  | 姓名: 孔德菁
2026-04-13 16:31:45,461 [INFO] 
处理: 0481_[临时公告]金开利关于公司实际控制人、董事、高级管理人员被纳入失信被执行人的公告.pdf
2026-04-13 16:31:45,600 [INFO]   分类: 个人被纳入 | 公司:  | 姓名: 徐伟，钱伟东
2026-04-13 16:31:45,600 [INFO] 
处理: 0482_[临时公告]佰蒂生物关于公司及公司董事长被纳入失信被执行人的公告(补发).pdf
2026-04-13 16:31:45,753 [INFO]   分类: 公司及个人被纳入 | 公司: 襄阳佰蒂生物科技股份有限公司 | 姓名: 曾光贤，邓以超
2026-04-13 16:31:45,753 [INFO] 
处理: 0483_[临时公告]颍元股份关于公司及其控股股东、实际控制人被纳入失信被执行人名单的公告（补发）.pdf
2026-04-13 16:31:45,863 [INFO]   分类: 公司及个人被纳入 | 公司: 安徽颍元农业科技股份有限公司 | 姓名: 梁亦才
2026-04-13 16:31:45,863 [INFO] 
处理: 0484_[临时公告]精湛光电关于补发公司及实际控制人被纳入失信被执行人名单的声明公告.pdf
2026-04-13 16:31:45,910 [INFO]   分类: 公司及个人被纳入 | 公司:  | 姓名: 
2026-04-13 16:31:45,910 [INFO] 
处理: 0485_[临时公告]翔龙科技关于公司及法定代表人被纳入失信被执行人的公告(补发).pdf
2026-04-13 16:31:46,018 [INFO]   分类: 公司及个人被纳入 | 公司: 无锡翔龙环球科技股份有限公司 | 姓名: 赵建新
2026-04-13 16:31:46,019 [INFO] 
处理: 0486_[临时公告]星光珠宝关于挂牌公司及控股股东、实际控制人、子公司被纳入失信被执行人的公告（已取消）.pdf
2026-04-13 16:31:46,366 [INFO]   分类: 公司及个人被纳入 | 公司: 阜阳星光珠宝有限公司 | 姓名: 周天杰
2026-04-13 16:31:46,366 [INFO] 
处理: 0487_[临时公告]宝辰联合关于控股股东、实际控制人王义因回购事宜被纳入失信被执行人的公告(补发).pdf
2026-04-13 16:31:46,678 [INFO]   分类: 个人被纳入 | 公司:  | 姓名: 王义因
2026-04-13 16:31:46,678 [INFO] 
处理: 0488_[临时公告]ST网虫关于公司及子公司被纳入被执行人或失信被执行人的公告(补发).pdf
2026-04-13 16:31:47,167 [INFO]   分类: 个人被纳入 | 公司: 北京特诺克信息技术有限公司，宁夏网虫信息技术股份有限公司 | 姓名: 葛昱
2026-04-13 16:31:47,167 [INFO] 
处理: 0489_[临时公告]ST白兔湖关于ST白兔湖、实际控制人、控股股东被纳入失信被执行人的公告(补发).pdf
2026-04-13 16:31:47,751 [INFO]   分类: 个人被纳入 | 公司: 安徽白兔湖动力股份有限公司 | 姓名: 汪舵海
2026-04-13 16:31:47,752 [INFO] 
处理: 0490_[临时公告]ST家大夫关于董事、董事会秘书、财务总监被纳入失信被执行人的公告.pdf
2026-04-13 16:31:47,871 [INFO]   分类: 个人被纳入 | 公司:  | 姓名: 陈立权
2026-04-13 16:31:47,871 [INFO] 
处理: 0491_[临时公告]特耐股份关于公司、公司董事、高管、控股股东及实际控制人被纳入失信被执行人的公告(补发).pdf
2026-04-13 16:31:48,300 [INFO]   分类: 公司及个人被纳入 | 公司: 开封晶圆实业有限公司，河南特耐工程材料股份有限公司 | 姓名: 冯希玲，张军营
2026-04-13 16:31:48,300 [INFO] 
处理: 0492_[临时公告]佰蒂生物关于公司及公司董事长被移出失信被执行人名单的公告.pdf
2026-04-13 16:31:48,397 [INFO]   分类: 公司及个人被撤销 | 公司:  | 姓名: 
2026-04-13 16:31:48,397 [INFO] 
处理: 0493_[临时公告]ST元亨利关于补发公司及实际控制人被纳入失信被执行人名单公告的声明公告.pdf
2026-04-13 16:31:48,461 [INFO]   分类: 公司及个人被纳入 | 公司:  | 姓名: 
2026-04-13 16:31:48,462 [INFO] 
处理: 0494_[临时公告]民建股份关于公司控股股东、实际控制人、董事长解除失信被执行人的公告.pdf
2026-04-13 16:31:48,589 [INFO]   分类: 个人被纳入 | 公司: 东营民建大厦集团有限公司 | 姓名: 公告，在知悉，陈建平
2026-04-13 16:31:48,589 [INFO] 
处理: 0495_[临时公告]百年巧匠关于公司及控股股东、实际控制人被纳入失信被执行人的公告(补发).pdf
2026-04-13 16:31:48,785 [INFO]   分类: 公司及个人被纳入 | 公司: 河北百年巧匠文化传播股份有限公司 | 姓名: 郭漫笳
2026-04-13 16:31:48,785 [INFO] 
处理: 0496_[临时公告]百年巧匠关于公司及控股股东、实际控制人被纳入失信被执行人的公告(补发).pdf
2026-04-13 16:31:48,982 [INFO]   分类: 公司及个人被纳入 | 公司: 河北百年巧匠文化传播股份有限公司 | 姓名: 裴艳丽，郭漫笳
2026-04-13 16:31:48,982 [INFO] 
处理: 0497_[临时公告]百年巧匠关于公司及控股股东、实际控制人被纳入失信被执行人的公告(补发).pdf
2026-04-13 16:31:49,206 [INFO]   分类: 公司及个人被纳入 | 公司: 河北百年巧匠文化传播股份有限公司 | 姓名: 公告，裴艳丽，郭漫笳
2026-04-13 16:31:49,206 [INFO] 
处理: 0498_[临时公告]百年巧匠关于公司及控股股东、实际控制人被纳入失信被执行人的公告(补发).pdf
2026-04-13 16:31:49,373 [INFO]   分类: 公司及个人被纳入 | 公司: 河北百年巧匠文化传播股份有限公司 | 姓名: 裴艳丽，郭漫笳
2026-04-13 16:31:49,373 [INFO] 
处理: 0499_[临时公告]特耐股份关于公司、公司董事、高管、控股股东及实际控制人被纳入失信被执行人的公告(补发).pdf
2026-04-13 16:31:49,929 [INFO]   分类: 公司及个人被纳入 | 公司: 开封晶圆实业有限公司，河南特耐工程材料股份有限公司 | 姓名: 冯希玲，张军营，路运锋
2026-04-13 16:31:49,929 [INFO] 
处理: 0500_[临时公告]安澳智能安澳智能（833963）：2019-024 关于补发公司被纳入失信被执行人的声明公告.pdf
2026-04-13 16:31:49,999 [INFO]   分类: 公司被纳入 | 公司: 股份有限公司 | 姓名: 
2026-04-13 16:31:49,999 [INFO] 
处理: 0501_[临时公告]民建股份关于控股股东、实际控制人、董事长被纳入失信被执行人的公告(补发).pdf
2026-04-13 16:31:50,181 [INFO]   分类: 个人被纳入 | 公司: 东营民建大厦集团有限公司 | 姓名: 陈建平
2026-04-13 16:31:50,181 [INFO] 
处理: 0502_[临时公告]ST长乐情关于补发公司、公司实际控制人及董事被纳入失信被执行人的声明公告.pdf
2026-04-13 16:31:50,307 [INFO]   分类: 公司及个人被纳入 | 公司:  | 姓名: 湛伟，胡健
2026-04-13 16:31:50,307 [INFO] 
处理: 0503_[临时公告]ST白兔湖关于ST白兔湖、实际控制人、控股股东被纳入失信被执行人的公告(补发).pdf
2026-04-13 16:31:50,569 [INFO]   分类: 个人被纳入 | 公司:  | 姓名: 汪舵海
2026-04-13 16:31:50,569 [INFO] 
处理: 0504_[临时公告]磊鑫股份834561 磊鑫股份 2019-016：关于补发公司被纳入失信被执行人的声明公告.pdf
2026-04-13 16:31:50,618 [INFO]   分类: 公司被纳入 | 公司:  | 姓名: 
2026-04-13 16:31:50,618 [INFO] 
处理: 0505_[临时公告]贝特智联015关于公司监事会主席被纳入失信被执行人的补发声明公告.pdf
2026-04-13 16:31:50,693 [INFO]   分类: 个人被纳入 | 公司:  | 姓名: 王杰礼
2026-04-13 16:31:50,693 [INFO] 
处理: 0506_[临时公告]ST中昊关于补发公司被纳入失信被执行人及银行账户被冻结公告的声明公告.pdf
2026-04-13 16:31:50,789 [INFO]   分类: 公司被纳入 | 公司:  | 姓名: 
2026-04-13 16:31:50,789 [INFO] 
处理: 0507_[临时公告]ST中昊关于补发公司被纳入失信被执行人及银行账户被冻结公告的声明公告.pdf
2026-04-13 16:31:50,846 [INFO]   分类: 公司被纳入 | 公司:  | 姓名: 
2026-04-13 16:31:50,846 [INFO] 
处理: 0508_[临时公告]ST中昊关于补发公司被纳入失信被执行人及银行账户被冻结公告的声明公告.pdf
2026-04-13 16:31:50,892 [INFO]   分类: 公司被纳入 | 公司:  | 姓名: 
2026-04-13 16:31:50,892 [INFO] 
处理: 0509_[临时公告]画店文化关于江西画店文化产业股份有限公司被纳入失信.pdf
2026-04-13 16:31:51,015 [INFO]   分类: 个人被纳入 | 公司: 故未能于公司，江西画店文化产业股份有限公司 | 姓名: 
2026-04-13 16:31:51,015 [INFO] 
处理: 0510_[临时公告]颍元股份关于补发公司控股股东、实际控制人被纳入失信被执行人名单的声明公告.pdf
2026-04-13 16:31:51,081 [INFO]   分类: 个人被纳入 | 公司:  | 姓名: 梁亦才
2026-04-13 16:31:51,081 [INFO] 
处理: 0511_[临时公告]爱珂科技关于补发公司和控投股东、实际控制人被纳入失信被执行人信息的公告的情况说明.pdf
2026-04-13 16:31:51,087 [INFO]   分类:  | 公司:  | 姓名: 
2026-04-13 16:31:51,087 [INFO] 
处理: 0512_[临时公告]嘉尚传媒关于实际控制人、董事长、总经理被纳入失信被执行人的公告(补发).pdf
2026-04-13 16:31:51,258 [INFO]   分类: 个人被纳入 | 公司:  | 姓名: 张笑童
2026-04-13 16:31:51,259 [INFO] 
处理: 0513_[临时公告]ST彩通关于公司控股股东、实际控制人被纳入失信被执行人名单的进展公告.pdf
2026-04-13 16:31:51,432 [INFO]   分类: 个人被纳入 | 公司:  | 姓名: 和高级，张玉峰
2026-04-13 16:31:51,433 [INFO] 
处理: 0514_[临时公告]千里马关于补发控股子公司被纳入失信被执行人的声明公告.pdf
2026-04-13 16:31:51,503 [INFO]   分类: 公司被纳入 | 公司: 控股子公司石家庄建国者工程机械有限公司，该事项发生后应及时披露关于公司子公司 | 姓名: 
2026-04-13 16:31:51,503 [INFO] 
处理: 0515_[临时公告]双金袜业关于公司及控股子公司、控股股东、实际控制人被纳入失信被执行人的公告(补发).pdf
2026-04-13 16:31:51,996 [INFO]   分类: 公司及个人被纳入 | 公司: 江苏双金纺织品有限公司，诸暨双金袜业股份有限公司，诸暨双金针纺织品有限公司 | 姓名: 杨彩平，杨铁锋
2026-04-13 16:31:51,999 [INFO] 
处理: 0516_[临时公告]颍元股份关于补发公司控股股东、实际控制人被纳入失信被执行人名单的声明公告.pdf
2026-04-13 16:31:52,053 [INFO]   分类: 个人被纳入 | 公司:  | 姓名: 梁亦才
2026-04-13 16:31:52,053 [INFO] 
处理: 0517_[临时公告]爱珂科技关于补发公司和控投股东、实际控制人被纳入失信被执行人信息的公告的情况说明.pdf
2026-04-13 16:31:52,103 [INFO]   分类: 个人被纳入 | 公司:  | 姓名: 施杰军，程雪薇
2026-04-13 16:31:52,103 [INFO] 
处理: 0518_[临时公告]中创水务关于补发公司控股股东、实际控制人被纳入失信被执行人名单的声明公告.pdf
2026-04-13 16:31:52,191 [INFO]   分类: 个人被纳入 | 公司:  | 姓名: 余胜者
2026-04-13 16:31:52,191 [INFO] 
处理: 0519_[临时公告]歌瑞农牧关于公司控股股东、实际控制人、董事长被纳入失信被执行人的公告(补发).pdf
2026-04-13 16:31:52,376 [INFO]   分类: 个人被纳入 | 公司:  | 姓名: 毛磊是
2026-04-13 16:31:52,376 [INFO] 
处理: 0520_[临时公告]建润电子关于补发公司实际控制人、董事长被纳入失信被执行人公告的声明公告.pdf
2026-04-13 16:31:52,531 [INFO]   分类: 个人被纳入 | 公司:  | 姓名: 张天生
2026-04-13 16:31:52,531 [INFO] 
处理: 0521_[临时公告]华新能源2019-002 关于补发公司被纳入失信被执行人公告的声明公告.pdf
2026-04-13 16:31:52,646 [INFO]   分类: 公司被纳入 | 公司: 西安华新新能源股份有限公司关于公司 | 姓名: 
2026-04-13 16:31:52,646 [INFO] 
处理: 0522_[临时公告]大唐种业关于补发公司被纳入失信被执行人的公告的声明（三）_2019-017.pdf
2026-04-13 16:31:52,696 [INFO]   分类: 公司被纳入 | 公司: 导致公司 | 姓名: 
2026-04-13 16:31:52,696 [INFO] 
处理: 0523_[临时公告]颍元股份关于补发公司控股股东、实际控制人被纳入失信被执行人名单的声明公告.pdf
2026-04-13 16:31:52,808 [INFO]   分类: 个人被纳入 | 公司:  | 姓名: 梁亦才
2026-04-13 16:31:52,809 [INFO] 
处理: 0524_[临时公告]颍元股份关于补发公司及其控股股东、实际控制人被纳入失信被执行人名单的声明公告.pdf
2026-04-13 16:31:52,875 [INFO]   分类: 公司及个人被纳入 | 公司:  | 姓名: 梁亦才
2026-04-13 16:31:52,875 [INFO] 
处理: 0525_[临时公告]翔龙科技关于公司及法定代表人被移出失信被执行人名单的公告.pdf
2026-04-13 16:31:52,970 [INFO]   分类: 公司及个人被撤销 | 公司:  | 姓名: 
2026-04-13 16:31:52,970 [INFO] 
处理: 0526_[临时公告]宝辰联合关于公司控股股东、实际控制人王义因回购事宜被列入失信被执行人公告的补发说明.pdf
2026-04-13 16:31:53,040 [INFO]   分类: 个人被纳入 | 公司:  | 姓名: 王义因
2026-04-13 16:31:53,040 [INFO] 
处理: 0527_[临时公告]ST网虫关于补发公司及子公司被纳入被执行人或失信被执行人的声明公告.pdf
2026-04-13 16:31:53,099 [INFO]   分类: 其他 | 公司:  | 姓名: 
2026-04-13 16:31:53,099 [INFO] 
处理: 0528_[临时公告]ST白兔湖关于补发ST白兔湖、实际控制人、控股股东被纳入失信被执行人的声明公告.pdf
2026-04-13 16:31:53,194 [INFO]   分类: 个人被纳入 | 公司:  | 姓名: 汪舵海
2026-04-13 16:31:53,194 [INFO] 
处理: 0529_[临时公告]ST爱珂关于补发公司和控投股东、实际控制人被纳入失信被执行人信息的公告的情况说明.pdf
2026-04-13 16:31:53,196 [INFO]   分类:  | 公司:  | 姓名: 
2026-04-13 16:31:53,196 [INFO] 
处理: 0530_[临时公告]腾飞股份2019-034腾飞股份补发关于公司被纳入失信被执行人的声明公告.pdf
2026-04-13 16:31:53,250 [INFO]   分类: 公司被纳入 | 公司: 补发关于公司 | 姓名: 
2026-04-13 16:31:53,252 [INFO] 
处理: 0531_[临时公告]百年巧匠关于补发公司及实际控制人和控股股东被纳入失信被执行人的声明公告.pdf
2026-04-13 16:31:53,325 [INFO]   分类: 公司及个人被纳入 | 公司:  | 姓名: 
2026-04-13 16:31:53,326 [INFO] 
处理: 0532_[临时公告]百年巧匠关于补发公司及实际控制人和控股股东被纳入失信被执行人的声明公告.pdf
2026-04-13 16:31:53,411 [INFO]   分类: 公司及个人被纳入 | 公司:  | 姓名: 
2026-04-13 16:31:53,411 [INFO] 
处理: 0533_[临时公告]百年巧匠关于补发公司及实际控制人和控股股东被纳入失信被执行人的声明公告.pdf
2026-04-13 16:31:53,475 [INFO]   分类: 公司及个人被纳入 | 公司:  | 姓名: 
2026-04-13 16:31:53,475 [INFO] 
处理: 0534_[临时公告]百年巧匠关于补发公司及实际控制人和控股股东被纳入失信被执行人的声明公告.pdf
2026-04-13 16:31:53,538 [INFO]   分类: 公司及个人被纳入 | 公司:  | 姓名: 
2026-04-13 16:31:53,539 [INFO] 
处理: 0535_[临时公告]特耐股份关于补发公司、公司董事、高管、控股股东及实际控制人被纳入失信被执行人的声明公告.pdf
2026-04-13 16:31:53,605 [INFO]   分类: 公司及个人被纳入 | 公司:  | 姓名: 
2026-04-13 16:31:53,606 [INFO] 
处理: 0536_[临时公告]ST洋股关于公司、实际控制人和高级管理人员被纳入失信被执行人的公告(补发).pdf
2026-04-13 16:31:53,778 [INFO]   分类: 公司及个人被纳入 | 公司: 常州大洋线缆股份有限公司 | 姓名: 吴亚萍，吴盛，和高级
2026-04-13 16:31:53,778 [INFO] 
处理: 0537_[临时公告]民建股份关于补发控股股东、实际控制人、董事长被纳入失信被执行人的声明公告.pdf
2026-04-13 16:31:53,846 [INFO]   分类: 个人被纳入 | 公司:  | 姓名: 
2026-04-13 16:31:53,846 [INFO] 
处理: 0538_[临时公告]森纵教育关于公司控股股东、实际控制人、及部分董事、监事、高级管理人员被纳入失信联合惩戒对象的公告.pdf
2026-04-13 16:31:54,446 [INFO]   分类: 个人被纳入 | 公司:  | 姓名: 戴婕，杨巍，蔺华，邓茂华
2026-04-13 16:31:54,447 [INFO] 
处理: 0539_[临时公告]智信股份关于公司法定代表人被纳入失信被执行人的公告(补发).pdf
2026-04-13 16:31:54,567 [INFO]   分类: 个人被纳入 | 公司:  | 姓名: 唐胜清
2026-04-13 16:31:54,567 [INFO] 
处理: 0540_[临时公告]安友农场关于控股股东、实际控制人、董事长、总经理被纳入失信被执行人的公告(补发).pdf
2026-04-13 16:31:54,680 [INFO]   分类: 个人被纳入 | 公司:  | 姓名: 朱安友
2026-04-13 16:31:54,680 [INFO] 
处理: 0541_[临时公告]久源林业关于补发公司及董事长、实际控制人、子公司被纳入失信被执行人公告的声明.pdf
2026-04-13 16:31:54,705 [INFO]   分类:  | 公司:  | 姓名: 
2026-04-13 16:31:54,705 [INFO] 
处理: 0542_[临时公告]汇新能源关于补发董事、高级管理人员被纳入失信被执行人公告的声明公告.pdf
2026-04-13 16:31:54,781 [INFO]   分类: 个人被纳入 | 公司:  | 姓名: 
2026-04-13 16:31:54,782 [INFO] 
处理: 0543_[临时公告]ST天佐关于实际控制人、董事、董事长、总经理被纳入失信被执行人的公告(补发).pdf
2026-04-13 16:31:55,177 [INFO]   分类: 个人被纳入 | 公司:  | 姓名: 徐存田，朱力，朱天佐
2026-04-13 16:31:55,177 [INFO] 
处理: 0544_[临时公告]奥莎动力关于控股股东、实际控制人、董事长、总经理被纳入失信被执行人的公告 (补发).pdf
2026-04-13 16:31:55,337 [INFO]   分类: 个人被纳入 | 公司:  | 姓名: 李汉军
2026-04-13 16:31:55,337 [INFO] 
处理: 0545_[临时公告]新天龙关于公司及其董事、高级管理人员被纳入失信被执行人名单的公告.pdf
2026-04-13 16:31:55,730 [INFO]   分类: 公司及个人被纳入 | 公司: 浙江新天龙科技股份有限公司 | 姓名: 严三民，严建民，严德民
2026-04-13 16:31:55,730 [INFO] 
处理: 0546_[临时公告]双金袜业关于补发公司及控股子公司、控股股东、实际控制人被纳入失信被执行人的声明公告.pdf
2026-04-13 16:31:55,883 [INFO]   分类: 公司及个人被纳入 | 公司:  | 姓名: 杨彩平，杨铁锋
2026-04-13 16:31:55,883 [INFO] 
处理: 0547_[临时公告]金开利关于补发公司及实际控制人、董事、高级管理人员被纳入失信被执行人的声明公告.pdf
2026-04-13 16:31:55,995 [INFO]   分类: 公司及个人被纳入 | 公司:  | 姓名: 徐伟
2026-04-13 16:31:55,995 [INFO] 
处理: 0548_[临时公告]歌瑞农牧关于补发公司控股股东、实际控制人、董事长被纳入失信被执行人的声明公告.pdf
2026-04-13 16:31:56,060 [INFO]   分类: 个人被纳入 | 公司:  | 姓名: 毛磊
2026-04-13 16:31:56,060 [INFO] 
处理: 0549_[临时公告]ST白兔湖关于ST白兔湖、公司实际控制人、控股股东被纳入失信被执行人的公告(补发).pdf
2026-04-13 16:31:56,421 [INFO]   分类: 个人被纳入 | 公司:  | 姓名: 汪舵海
2026-04-13 16:31:56,421 [INFO] 
处理: 0550_[临时公告]ST白兔湖关于补发ST白兔湖、实际控制人、控股股东被纳入失信被执行人的声明公告.pdf
2026-04-13 16:31:56,522 [INFO]   分类: 个人被纳入 | 公司:  | 姓名: 汪舵海
2026-04-13 16:31:56,523 [INFO] 
处理: 0551_[临时公告]ST宾宝关于公司、实际控制人、控股子公司及董事被纳入失信被执行人的公告(补发).pdf
2026-04-13 16:31:57,190 [INFO]   分类: 公司及个人被纳入 | 公司: 广东宾宝时尚实业股份有限公司，汕头市宾尚服饰有限公司，汕头市炜业制衣有限公司 | 姓名: 佘旭锦，陈暹荣
2026-04-13 16:31:57,190 [INFO] 
处理: 0552_[临时公告]大宇纺织关于补发公司及公司控股股东、实际控制人被纳入失信被执行人公告的声明公告.pdf
2026-04-13 16:31:57,373 [INFO]   分类: 公司及个人被纳入 | 公司:  | 姓名: 丁士彤
2026-04-13 16:31:57,373 [INFO] 
处理: 0553_[临时公告]佰蒂生物关于补充披露公司及公司董事长被纳入失信被执行人的声明公告.pdf
2026-04-13 16:31:57,478 [INFO]   分类: 公司及个人被纳入 | 公司:  | 姓名: 邓以超
2026-04-13 16:31:57,479 [INFO] 
处理: 0554_[临时公告]金开利关于补发公司实际控制人、董事、高级管理人员被纳入失信被执行人的声明公告.pdf
2026-04-13 16:31:57,551 [INFO]   分类: 个人被纳入 | 公司:  | 姓名: 徐伟，钱伟东
2026-04-13 16:31:57,552 [INFO] 
处理: 0555_[临时公告]歌瑞农牧关于公司及公司控股股东、实际控制人、董事长、董事被纳入失信被执行人的公告(补发).pdf
2026-04-13 16:31:57,743 [INFO]   分类: 公司及个人被纳入 | 公司: 河南歌瑞农牧股份有限公司 | 姓名: 原蒲，毛政永，毛磊
2026-04-13 16:31:57,743 [INFO] 
处理: 0556_[临时公告]中创洁能关于公司子公司中创燃气发展（沈阳）有限公司被纳入及移出失信被执行人的公告.pdf
2026-04-13 16:31:57,897 [INFO]   分类: 公司被撤销 | 公司: 有限公司 | 姓名: 
2026-04-13 16:31:57,897 [INFO] 
处理: 0557_[临时公告]图灵汽车关于控股股东、实际控制人、董事长兼总经理被移出失信被执行人的公告.pdf
2026-04-13 16:31:58,074 [INFO]   分类: 个人被撤销 | 公司:  | 姓名: 冯浩
2026-04-13 16:31:58,075 [INFO] 
处理: 0558_[临时公告]源和药业关于公司、控股股东、实际控制人、董事、高级管理人员被纳入失信被执行人的公告.pdf
2026-04-13 16:31:58,344 [INFO]   分类: 公司及个人被纳入 | 公司: 安徽源和堂药业股份有限公司 | 姓名: 袁学友，袁学才
2026-04-13 16:31:58,344 [INFO] 
处理: 0559_[临时公告]ST白兔湖关于补发ST白兔湖、公司实际控制人、控股股东被纳入失信被执行人的声明公告.pdf
2026-04-13 16:31:58,454 [INFO]   分类: 个人被纳入 | 公司:  | 姓名: 汪舵海
2026-04-13 16:31:58,454 [INFO] 
处理: 0560_[临时公告]联达动力关于公司实际控制人兼董事长被出具消费限制令、未被纳入失信被执行人的公告.pdf
2026-04-13 16:31:58,534 [INFO]   分类: 个人被纳入 | 公司:  | 姓名: 同时，王尔明
2026-04-13 16:31:58,534 [INFO] 
处理: 0561_[临时公告]ST白茶关于公司、公司控股股东、董事长涉及诉讼及被纳入失信联合惩戒对象的补发声明公告.pdf
2026-04-13 16:31:58,686 [INFO]   分类: 公司及个人被纳入 | 公司:  | 姓名: 
2026-04-13 16:31:58,687 [INFO] 
处理: 0562_[临时公告]古城股份关于公司实际控制人、董事长兼总经理被纳入失信被执行人的公告(补发).pdf
2026-04-13 16:31:58,990 [INFO]   分类: 个人被纳入 | 公司:  | 姓名: 李国范
2026-04-13 16:31:58,991 [INFO] 
处理: 0563_[临时公告]奥莎动力关于补发控股股东、实际控制人、董事长、总经理被纳入失信被执行人公告的声明.pdf
2026-04-13 16:31:59,133 [INFO]   分类: 个人被纳入 | 公司:  | 姓名: 李汉军
2026-04-13 16:31:59,133 [INFO] 
处理: 0564_[临时公告]金大股份关于控股股东、实际控制人、全资子公司被纳入失信被执行人名单的进展公告.pdf
2026-04-13 16:31:59,486 [INFO]   分类: 个人被纳入 | 公司: 实际控制人及全资子公司，浙江金鹤车业有限公司 | 姓名: 章小理，胡昕
2026-04-13 16:31:59,486 [INFO] 
处理: 0565_[临时公告]中航前海关于公司控股股东、实际控制人兼董事长被纳入失信被执行人的公告.pdf
2026-04-13 16:31:59,685 [INFO]   分类: 个人被纳入 | 公司:  | 姓名: 连志杰
2026-04-13 16:31:59,685 [INFO] 
处理: 0566_[临时公告]元亨利2019-009：关于补发公司及实际控制人被纳入失信被执行人名单公告的声明公告.pdf
2026-04-13 16:31:59,778 [INFO]   分类: 公司及个人被纳入 | 公司:  | 姓名: 
2026-04-13 16:31:59,778 [INFO] 
处理: 0567_[临时公告]ST宾宝关于补发公司、实际控制人、控股子公司及董事被纳入失信被执行人的声明公告.pdf
2026-04-13 16:31:59,826 [INFO]   分类: 公司及个人被纳入 | 公司:  | 姓名: 
2026-04-13 16:31:59,826 [INFO] 
处理: 0568_[临时公告]山东科耐关于公司及张天恒被纳入失信被执行人及公司实际控制人被列为限制消费人员的公告.pdf
2026-04-13 16:32:00,863 [INFO]   分类: 个人被纳入 | 公司:  | 姓名: 张天恒
2026-04-13 16:32:00,863 [INFO] 
处理: 0569_[临时公告]焕鑫新材关于公司及其控股股东、实际控制人、董事、高级管理人员被纳入失信被执行人的公告（二）.pdf
2026-04-13 16:32:01,301 [INFO]   分类: 公司及个人被纳入 | 公司: 圣华控股集团有限公司，江苏焕鑫新材料股份有限公司 | 姓名: 和董监，圣华，董监高，钱小金，钱建华
2026-04-13 16:32:01,302 [INFO] 
处理: 0570_[临时公告]焕鑫新材关于公司及其控股股东、实际控制人、董事、高级管理人员被纳入失信被执行人的公告（三）.pdf
2026-04-13 16:32:01,629 [INFO]   分类: 公司及个人被纳入 | 公司: 圣华控股集团有限公司，江苏焕鑫新材料股份有限公司 | 姓名: 和董监，圣华，董监高，钱小金，钱建华
2026-04-13 16:32:01,629 [INFO] 
处理: 0571_[临时公告]康泰电子关于公司原董事兼高级管理人员被撤销失信被执行人信息的公告.pdf
2026-04-13 16:32:01,734 [INFO]   分类: 个人被撤销 | 公司:  | 姓名: 周丹
2026-04-13 16:32:01,734 [INFO] 
处理: 0572_[临时公告]翔龙科技1799 关于补发公司及法定代表人被纳入及解除失信被执行人公告的声明.pdf
2026-04-13 16:32:01,781 [INFO]   分类: 公司及个人被纳入 | 公司:  | 姓名: 
2026-04-13 16:32:01,781 [INFO] 
处理: 0573_[临时公告]ST微网信关于控股股东、实际控制人、董事长、总经理被纳入失信被执行人的公告(补发).pdf
2026-04-13 16:32:01,882 [INFO]   分类: 个人被纳入 | 公司:  | 姓名: 连仁广
2026-04-13 16:32:01,882 [INFO] 
处理: 0574_[临时公告]ST微网信关于控股股东、实际控制人、董事长、总经理被纳入失信被执行人的公告补发说明.pdf
2026-04-13 16:32:01,962 [INFO]   分类: 个人被纳入 | 公司:  | 姓名: 连仁广
2026-04-13 16:32:01,962 [INFO] 
处理: 0575_[临时公告]歌瑞农牧关于补发公司及公司控股股东、实际控制人、董事长、董事被纳入失信被执行人公告的声明.pdf
2026-04-13 16:32:02,049 [INFO]   分类: 公司及个人被纳入 | 公司:  | 姓名: 于近日
2026-04-13 16:32:02,049 [INFO] 
处理: 0576_[临时公告]星晨互联关于全资子公司广州环景虚拟娱乐有限公司被纳入失信被执行人的公告(补发).pdf
2026-04-13 16:32:02,137 [INFO]   分类: 公司被纳入 | 公司: 广州环景虚拟娱乐有限公司 | 姓名: 
2026-04-13 16:32:02,137 [INFO] 
处理: 0577_[临时公告]北味菌业关于补发控股子公司被纳入失信被执行人及公司、子公司资产被查封、冻结公告的声明.pdf
2026-04-13 16:32:02,207 [INFO]   分类: 公司被纳入 | 公司: 股子公司海林市北味天然食品有限公司 | 姓名: 
2026-04-13 16:32:02,207 [INFO] 
处理: 0578_[临时公告]图灵汽车关于控股股东、实际控制人、董事长兼总经理被纳入失信被执行人的公告(补发).pdf
2026-04-13 16:32:02,384 [INFO]   分类: 个人被纳入 | 公司:  | 姓名: 冯浩，和高级
2026-04-13 16:32:02,384 [INFO] 
处理: 0579_[临时公告]ST洋股关于补发公司、实际控制人和高级管理人员被纳入失信被执行人公告的声明公告.pdf
2026-04-13 16:32:02,465 [INFO]   分类: 公司及个人被纳入 | 公司:  | 姓名: 吴亚萍，吴盛，和高级
2026-04-13 16:32:02,465 [INFO] 
处理: 0580_[临时公告]图灵汽车关于控股股东、实际控制人、董事长兼总经理被纳入失信被执行人的公告(补发).pdf
2026-04-13 16:32:02,571 [INFO]   分类: 个人被纳入 | 公司:  | 姓名: 冯浩，和高级
2026-04-13 16:32:02,571 [INFO] 
处理: 0581_[临时公告]荣邦医疗关于公司及控股股东、实际控制人、董事、高级管理人员被纳入失信被执行人的公告(补发).pdf
2026-04-13 16:32:02,739 [INFO]   分类: 公司及个人被纳入 | 公司: 大连荣邦医疗卫生用品股份有限公司 | 姓名: 刘志刚
2026-04-13 16:32:02,740 [INFO] 
处理: 0582_[临时公告]万家天能关于法定代表人、董事、总经理被纳入失信被执行人的公告.pdf
2026-04-13 16:32:02,910 [INFO]   分类: 个人被纳入 | 公司:  | 姓名: 解卫
2026-04-13 16:32:02,916 [INFO] 
处理: 0583_[临时公告]智信股份关于补发公司法定代表人被纳入失信被执行人公告的声明公告.pdf
2026-04-13 16:32:02,991 [INFO]   分类: 个人被纳入 | 公司:  | 姓名: 
2026-04-13 16:32:02,991 [INFO] 
处理: 0584_[临时公告]安友农场关于补发控股股东、实际控制人、董事长、总经理被纳入失信被执行人公告的声明公告.pdf
2026-04-13 16:32:03,069 [INFO]   分类: 个人被纳入 | 公司:  | 姓名: 朱安友
2026-04-13 16:32:03,069 [INFO] 
处理: 0585_[临时公告]德泓国际公司实际控制人、法定代表人、董事长被纳入失信被执行人的公告.pdf
2026-04-13 16:32:03,203 [INFO]   分类: 个人被纳入 | 公司:  | 姓名: 任职，马海科
2026-04-13 16:32:03,203 [INFO] 
处理: 0586_[临时公告]ST天佐关于补发实际控制人、董事、董事长、总经理被纳入失信被执行人公告的声明公告.pdf
2026-04-13 16:32:03,304 [INFO]   分类: 个人被纳入 | 公司:  | 姓名: 徐存田，朱力，朱天佐
2026-04-13 16:32:03,304 [INFO] 
处理: 0587_[临时公告]意昂股份2019-003意昂股份：关于补发公司及实际控制人被纳入失信被执行人名单的声明公告.pdf
2026-04-13 16:32:03,309 [INFO]   分类:  | 公司:  | 姓名: 
2026-04-13 16:32:03,309 [INFO] 
处理: 0588_[券商公告]ST致生中银证券关于ST致生全资子公司被纳入失信被执行人的风险提示性公告.pdf
2026-04-13 16:32:03,334 [INFO]   分类: 公司被纳入 | 公司: 北京致生资产管理有限公司 | 姓名: 
2026-04-13 16:32:03,334 [INFO] 
处理: 0589_[临时公告]爱珂科技2019-005 关于补发公司和控投股东、实际控制人被纳入失信被执行人信息的公告的情况说明.pdf
2026-04-13 16:32:03,338 [INFO]   分类:  | 公司:  | 姓名: 
2026-04-13 16:32:03,338 [INFO] 
处理: 0590_[临时公告]福吉佳关于法定代表人、董事长被纳入失信被执行人被出具限制消费令的公告(补发).pdf
2026-04-13 16:32:03,452 [INFO]   分类: 其他 | 公司:  | 姓名: 王芳
2026-04-13 16:32:03,452 [INFO] 
处理: 0591_[临时公告]中瀛鑫中瀛鑫2019-046：关于补发公司及实际控制人被纳入失信被执行人名单及被出具限制消费令的声明公告.pdf
2026-04-13 16:32:03,530 [INFO]   分类: 其他 | 公司:  | 姓名: 陈文明
2026-04-13 16:32:03,530 [INFO] 
处理: 0592_[临时公告]雨田润关于公司控股股东、实际控制人、董事、高级管理人员被纳入失信被执行人的公告(补发).pdf
2026-04-13 16:32:03,716 [INFO]   分类: 个人被纳入 | 公司:  | 姓名: 雷振亚，雷经洋
2026-04-13 16:32:03,716 [INFO] 
处理: 0593_[临时公告]星晨互联关于补发全资子公司广州环景虚拟娱乐有限公司被纳入失信被执行人的声明公告.pdf
2026-04-13 16:32:03,835 [INFO]   分类: 公司被纳入 | 公司: 广州环景虚拟娱乐有限公司 | 姓名: 
2026-04-13 16:32:03,835 [INFO] 
处理: 0594_[临时公告]ST致生关于公司法定代表人、董事长被纳入失信被执行人的公告.pdf
2026-04-13 16:32:03,974 [INFO]   分类: 个人被纳入 | 公司:  | 姓名: 卜巩岸
2026-04-13 16:32:03,974 [INFO] 
处理: 0595_[临时公告]源和药业关于补发公司、控股股东、实际控制人、董事、高级管理人员被纳入失信被执行人的声明公告.pdf
2026-04-13 16:32:04,070 [INFO]   分类: 公司及个人被纳入 | 公司:  | 姓名: 
2026-04-13 16:32:04,070 [INFO] 
处理: 0596_[临时公告]精英天成关于公司、控股股东、实际控制人、董事、高级管理人员被纳入失信被执行人的公告(补发).pdf
2026-04-13 16:32:04,402 [INFO]   分类: 公司及个人被纳入 | 公司: 贵州精英天成科技股份有限公司 | 姓名: 刘敏，舒孝友，舒孝忠
2026-04-13 16:32:04,403 [INFO] 
处理: 0597_[临时公告]久源林业关于公司及董事长、实际控制人、子公司被纳入失信被执行人名单的提示性公告(补发).pdf
2026-04-13 16:32:04,434 [INFO]   分类:  | 公司:  | 姓名: 
2026-04-13 16:32:04,435 [INFO] 
处理: 0598_[临时公告]和索信息广州和索信息科技股份有限公司公司被纳入失信被执行人的公告.pdf
2026-04-13 16:32:04,450 [INFO]   分类:  | 公司:  | 姓名: 
2026-04-13 16:32:04,450 [INFO] 
处理: 0599_[临时公告]金正食品关于公司及其控股股东、实际控制人、董事、高级管理人员被撤销失信被执行人信息的公告.pdf
2026-04-13 16:32:04,546 [INFO]   分类: 公司及个人被撤销 | 公司:  | 姓名: 单俊凤
2026-04-13 16:32:04,546 [INFO] 
处理: 0600_[临时公告]功夫谷关于福建功夫谷股份有限公司被纳入失信被执行人的公告(补发).pdf
2026-04-13 16:32:04,738 [INFO]   分类: 公司被纳入 | 公司: 以上公司，福建功夫谷股份有限公司 | 姓名: 
2026-04-13 16:32:04,738 [INFO] 
处理: 0601_[临时公告]百年巧匠关于公司及实际控制人和控股股东被纳入失信被执行人并已申请撤销并办结的公告(补发).pdf
2026-04-13 16:32:05,036 [INFO]   分类: 公司及个人被纳入 | 公司: 河北百年巧匠文化传播股份有限公司 | 姓名: 周翔云，裴艳丽，郭漫笳
2026-04-13 16:32:05,037 [INFO] 
处理: 0602_[临时公告]福吉佳关于法定代表人、董事长被出具限制消费令、未被纳入失信被执行人的补充说明公告.pdf
2026-04-13 16:32:05,124 [INFO]   分类: 其他 | 公司: 北京新亚趣香食品有限公司 | 姓名: 王芳
2026-04-13 16:32:05,124 [INFO] 
处理: 0603_[临时公告]中瀛鑫中瀛鑫2019-002：关于补发公司及实际控制人被纳入失信被执行人名单及被出具限制消费令的声明公告.pdf
2026-04-13 16:32:05,127 [INFO]   分类:  | 公司:  | 姓名: 
2026-04-13 16:32:05,128 [INFO] 
处理: 0604_[临时公告]ST奥盖克关于补发银行账户被冻结及资产被查封、诉讼、行政处罚、纳入失信被执行人的声明公告.pdf
2026-04-13 16:32:05,405 [INFO]   分类: 公司被纳入 | 公司:  | 姓名: 
2026-04-13 16:32:05,405 [INFO] 
处理: 0605_[临时公告]ST奥盖克关于补发银行账户被冻结及资产被查封、诉讼、行政处罚、纳入失信被执行人的声明公告.pdf
2026-04-13 16:32:05,656 [INFO]   分类: 公司被纳入 | 公司:  | 姓名: 
2026-04-13 16:32:05,656 [INFO] 
处理: 0606_[临时公告]ST奥盖克关于补发银行账户被冻结及资产被查封、诉讼、行政处罚、纳入失信被执行人的声明公告.pdf
2026-04-13 16:32:05,811 [INFO]   分类: 公司被纳入 | 公司:  | 姓名: 
2026-04-13 16:32:05,812 [INFO] 
处理: 0607_[临时公告]ST奥盖克关于补发银行账户被冻结及资产被查封、诉讼、行政处罚、纳入失信被执行人的声明公告.pdf
2026-04-13 16:32:06,103 [INFO]   分类: 公司被纳入 | 公司:  | 姓名: 
2026-04-13 16:32:06,103 [INFO] 
处理: 0608_[临时公告]ST奥盖克关于补发银行账户被冻结及资产被查封、诉讼、行政处罚、纳入失信被执行人的声明公告.pdf
2026-04-13 16:32:06,313 [INFO]   分类: 公司被纳入 | 公司:  | 姓名: 
2026-04-13 16:32:06,313 [INFO] 
处理: 0609_[临时公告]ST奥盖克关于补发银行账户被冻结及资产被查封、诉讼、行政处罚、纳入失信被执行人的声明公告.pdf
2026-04-13 16:32:06,586 [INFO]   分类: 公司被纳入 | 公司:  | 姓名: 
2026-04-13 16:32:06,586 [INFO] 
处理: 0610_[临时公告]ST奥盖克关于补发银行账户被冻结及资产被查封、诉讼、行政处罚、纳入失信被执行人的声明公告.pdf
2026-04-13 16:32:06,832 [INFO]   分类: 公司被纳入 | 公司:  | 姓名: 
2026-04-13 16:32:06,832 [INFO] 
处理: 0611_[临时公告]ST奥盖克关于补发银行账户被冻结及资产被查封、诉讼、行政处罚、纳入失信被执行人的声明公告.pdf
2026-04-13 16:32:07,141 [INFO]   分类: 公司被纳入 | 公司:  | 姓名: 
2026-04-13 16:32:07,141 [INFO] 
处理: 0612_[临时公告]雨田润关于补发公司控股股东、实际控制人、 董事、高级管理人员被纳入失信被执行人的公告声明.pdf
2026-04-13 16:32:07,411 [INFO]   分类: 个人被纳入 | 公司:  | 姓名: 
2026-04-13 16:32:07,411 [INFO] 
处理: 0613_[临时公告]图灵汽车关于补发控股股东、实际控制人、董事长兼总经理被纳入失信被执行人公告的声明公告.pdf
2026-04-13 16:32:07,543 [INFO]   分类: 个人被纳入 | 公司:  | 姓名: 冯浩
2026-04-13 16:32:07,543 [INFO] 
处理: 0614_[临时公告]中瀛鑫中瀛鑫2019-040：关于补发公司及实际控制人被纳入失信被执行人名单及被出具限制消费令的声明公告(1).pdf
2026-04-13 16:32:07,685 [INFO]   分类: 其他 | 公司:  | 姓名: 陈文明
2026-04-13 16:32:07,685 [INFO] 
处理: 0615_[临时公告]图灵汽车关于补发控股股东、实际控制人、董事长兼总经理被纳入失信被执行人公告的声明公告.pdf
2026-04-13 16:32:07,817 [INFO]   分类: 个人被纳入 | 公司:  | 姓名: 冯浩
2026-04-13 16:32:07,817 [INFO] 
处理: 0616_[临时公告]精英天成关于补发《公司及控股股东、实际控制人、董事、高级管理人员被纳入失信被执行人公告》的说明公告.pdf
2026-04-13 16:32:07,948 [INFO]   分类: 公司及个人被纳入 | 公司:  | 姓名: 
2026-04-13 16:32:07,948 [INFO] 
处理: 0617_[券商公告]凯英信业中泰证券股份有限公司关于凯英信业及实际控制人被列为失信被执行人及涉诉的风险提示公告.pdf
2026-04-13 16:32:08,318 [INFO]   分类: 个人被纳入 | 公司:  | 姓名: 贾立东
2026-04-13 16:32:08,319 [INFO] 
处理: 0618_[临时公告]ST励思关于公司被纳入失信被执行人、公司及实际控制人被采取限制消费措施暨公司涉及调解事项的公告(补发).pdf
2026-04-13 16:32:08,547 [INFO]   分类: 其他 | 公司: 北京励思信息技术股份有限公司 | 姓名: 
2026-04-13 16:32:08,547 [INFO] 
处理: 0619_[临时公告]嘉尚传媒2019-009关于补发关于实际控制人、董事长、总经理被纳入失信被执行人的公告的声明公告.pdf
2026-04-13 16:32:08,596 [INFO]   分类: 个人被纳入 | 公司:  | 姓名: 张笑童
2026-04-13 16:32:08,596 [INFO] 
处理: 0620_[临时公告]百年巧匠关于补发公司及实际控制人和控股股东被纳入失信被执行人并已申请撤销并办结的声明公告.pdf
2026-04-13 16:32:08,685 [INFO]   分类: 公司及个人被纳入 | 公司:  | 姓名: 和控股
2026-04-13 16:32:08,685 [INFO] 
处理: 0621_[券商公告]ST致生中银证券关于ST致生被纳入失信被执行人、实际控制人被纳入限制消费人员的风险提示性公告.pdf
2026-04-13 16:32:08,731 [INFO]   分类: 其他 | 公司:  | 姓名: 卜巩岸
2026-04-13 16:32:08,731 [INFO] 
处理: 0622_[临时公告]世胜股份872282-世胜股份-2019-004-关于共同实际控制人之一被纳入失信被执行人的补发声明公告.pdf
2026-04-13 16:32:08,801 [INFO]   分类: 个人被纳入 | 公司:  | 姓名: 
2026-04-13 16:32:08,801 [INFO] 
处理: 0623_[临时公告]优利得关于公司、控股股东、实际控制人、董事长、董事、总经理、副总经理被纳入失信被执行人的公告.pdf
2026-04-13 16:32:08,988 [INFO]   分类: 公司及个人被纳入 | 公司: 厦门优利得科技股份有限公司 | 姓名: 宋沧艺，蔡宗仰
2026-04-13 16:32:08,988 [INFO] 
处理: 0624_[临时公告]ST致生关于公司法定代表人、董事长被撤销失信被执行人名单的公告.pdf
2026-04-13 16:32:09,091 [INFO]   分类: 个人被撤销 | 公司:  | 姓名: 卜巩岸
2026-04-13 16:32:09,091 [INFO] 
处理: 0625_[券商公告]卓佳股份关于卓佳股份对外担保事项、被纳入失信被执行人、涉诉及持续经营不确定性风险提示公告.pdf
2026-04-13 16:32:09,279 [INFO]   分类: 公司被纳入 | 公司:  | 姓名: 
2026-04-13 16:32:09,280 [INFO] 
处理: 0626_[临时公告]ST东和关于公司及公司控股股东、实际控制人、董事长、高级管理人员被纳入失信被执行人的公告(补发).pdf
2026-04-13 16:32:09,769 [INFO]   分类: 公司及个人被纳入 | 公司: 河南东和环保科技股份有限公司 | 姓名: 李栋
2026-04-13 16:32:09,769 [INFO] 
处理: 0627_[临时公告]ST森瑞关于控股子公司及公司董事长实际控制人被纳入失信被执行人名单的提示性公告（更正后）.pdf
2026-04-13 16:32:09,870 [INFO]   分类: 公司及个人被纳入 | 公司:  | 姓名: 
2026-04-13 16:32:09,870 [INFO] 
处理: 0628_[临时公告]ST森瑞关于控股子公司及公司董事长实际控制人被纳入失信被执行人名单的提示性公告（已取消）.pdf
2026-04-13 16:32:10,006 [INFO]   分类: 公司及个人被纳入 | 公司:  | 姓名: 
2026-04-13 16:32:10,007 [INFO] 
处理: 0629_[临时公告]ST励思关于补发公司被纳入失信被执行人、公司及实际控制人被采取限制消费措施暨公司涉及调解事项的声明公告.pdf
2026-04-13 16:32:10,139 [INFO]   分类: 公司及个人被纳入 | 公司:  | 姓名: 
2026-04-13 16:32:10,139 [INFO] 
处理: 0630_[券商公告]康沃动力联储证券有限责任公司关于康沃动力及其实际控制人被列为失信被执行人及限制消费人员的的风险提示公告.pdf
2026-04-13 16:32:10,157 [INFO]   分类:  | 公司:  | 姓名: 
2026-04-13 16:32:10,157 [INFO] 
处理: 0631_[临时公告]七维航测关于公司、控股股东、实际控制人及董事长、财务负责人被纳入失信被执行人的公告(补发).pdf
2026-04-13 16:32:10,374 [INFO]   分类: 公司及个人被纳入 | 公司: 北京七维航测科技股份有限公司 | 姓名: 杨娜，祁伟
2026-04-13 16:32:10,374 [INFO] 
处理: 0632_[券商公告]双发股份信达证券关于双发股份被列为失信被执行人、被出具限制消费令、控股股东股权曾被司法冻结的风险提示性公告.pdf
2026-04-13 16:32:11,114 [INFO]   分类: 个人被纳入 | 公司: 河南双发石油装备制造股份有限公司 | 姓名: 刘忠林
2026-04-13 16:32:11,114 [INFO] 
处理: 0633_[券商公告]唐人科技安信证券股份有限公司关于唐人科技被列为失信被执行人等事项的风险提示公告.pdf
2026-04-13 16:32:11,156 [INFO]   分类:  | 公司:  | 姓名: 
2026-04-13 16:32:11,156 [INFO] 
处理: 0634_[临时公告]ST欧迅关于北京欧迅体育文化股份有限公司被列入失信被执行人名单的风险提示公告.pdf
2026-04-13 16:32:11,215 [INFO]   分类: 公司被纳入 | 公司: 北京欧迅体育文化股份有限公司，股份有限公司，迅体育文化股份有限公司 | 姓名: 
2026-04-13 16:32:11,215 [INFO] 
处理: 0635_[临时公告]ST致生关于公司法定代表人、董事长被纳入失信被执行人名单的公告(补发).pdf
2026-04-13 16:32:11,319 [INFO]   分类: 个人被纳入 | 公司:  | 姓名: 卜巩岸
2026-04-13 16:32:11,319 [INFO] 
处理: 0636_[临时公告]东和环保关于公司及公司控股股东、实际控制人、董事长、高级管理人员被纳入失信被执行人的公告（补发）(补发).pdf
2026-04-13 16:32:11,988 [INFO]   分类: 公司及个人被纳入 | 公司: 河南东和环保科技股份有限公司 | 姓名: 李栋
2026-04-13 16:32:11,988 [INFO] 
处理: 0637_[临时公告]功夫谷关于补发福建功夫谷股份有限公司被纳入失信被执行人的公告的声明公告.pdf
2026-04-13 16:32:12,118 [INFO]   分类: 公司被纳入 | 公司: 上事项发生后应及时披露关于公司，福建功夫谷股份有限公司 | 姓名: 
2026-04-13 16:32:12,118 [INFO] 
处理: 0638_[临时公告]ST胜龙关于公司实际控制人、法定代表人、董事长兼总经理被纳入失信被执行人的公告.pdf
2026-04-13 16:32:12,253 [INFO]   分类: 个人被纳入 | 公司:  | 姓名: 施智华
2026-04-13 16:32:12,253 [INFO] 
处理: 0639_[临时公告]大菲5关于沈阳菲菲澳家现代农业股份有限公司解除被纳入失信被执行人名单的公告.pdf
2026-04-13 16:32:12,280 [INFO]   分类:  | 公司:  | 姓名: 
2026-04-13 16:32:12,281 [INFO] 
处理: 0640_[临时公告]七维航测关于补发公司、控股股东、实际控制人及董事长、财务负责人被纳入失信被执行人的声明公告.pdf
2026-04-13 16:32:12,418 [INFO]   分类: 公司及个人被纳入 | 公司: 该事项发生后应及时披露关于公司 | 姓名: 杨娜，祁伟
2026-04-13 16:32:12,418 [INFO] 
处理: 0641_[临时公告]德尔能2019-032东莞市德尔能新能源股份有限公司：关于补发公司被纳入失信被执行人公告的声明.pdf
2026-04-13 16:32:12,507 [INFO]   分类: 公司被纳入 | 公司:  | 姓名: 
2026-04-13 16:32:12,507 [INFO] 
处理: 0642_[临时公告]德尔能2019-032东莞市德尔能新能源股份有限公司：关于补发公司被纳入失信被执行人公告的声明.pdf
2026-04-13 16:32:12,617 [INFO]   分类: 公司被纳入 | 公司:  | 姓名: 
2026-04-13 16:32:12,617 [INFO] 
处理: 0643_[临时公告]ST东和关于补发公司及公司控股股东、实际控制人、董事长、高级管理人员被纳入失信被执行人公告的声明公告.pdf
2026-04-13 16:32:12,691 [INFO]   分类: 公司及个人被纳入 | 公司:  | 姓名: 
2026-04-13 16:32:12,691 [INFO] 
处理: 0644_[券商公告]大富装饰五矿证券有限公司关于安徽大富装饰股份有限公司被纳入失信被执行人的风险提示公告.pdf
2026-04-13 16:32:12,696 [INFO]   分类:  | 公司:  | 姓名: 
2026-04-13 16:32:12,696 [INFO] 
处理: 0645_[临时公告]ST森瑞关于控股子公司及公司董事长实际控制人被纳入失信被执行人名单的提示性公告(更正公告).pdf
2026-04-13 16:32:12,805 [INFO]   分类: 公司及个人被纳入 | 公司:  | 姓名: 
2026-04-13 16:32:12,805 [INFO] 
处理: 0646_[临时公告]东和环保关于补发公司及公司控股股东、实际控制人、董事长、高级管理人员被纳入失信被执行人公告的声明公告.pdf
2026-04-13 16:32:12,880 [INFO]   分类: 公司及个人被纳入 | 公司:  | 姓名: 
2026-04-13 16:32:12,880 [INFO] 
处理: 0647_[券商公告]唐人科技安信证券股份有限公司关于唐人科技实际控制人被列为失信被执行人等事项的风险提示公告.pdf
2026-04-13 16:32:12,918 [INFO]   分类:  | 公司:  | 姓名: 
2026-04-13 16:32:12,918 [INFO] 
处理: 0648_[临时公告]ST致生关于补发公司法定代表人、董事长被纳入失信被执行人名单的提示性公告.pdf
2026-04-13 16:32:12,976 [INFO]   分类: 个人被纳入 | 公司:  | 姓名: 卜巩岸
2026-04-13 16:32:12,976 [INFO] 
处理: 0649_[临时公告]ST勃达关于挂牌公司子公司河南勃达微波电气自动化设备有限公司被纳入失信被执行人的公告.pdf
2026-04-13 16:32:13,073 [INFO]   分类: 公司被纳入 | 公司: 河南勃达微波电气自动化设备有限公司，法院已撤销挂牌公司 | 姓名: 
2026-04-13 16:32:13,073 [INFO] 
处理: 0650_[券商公告]ST格林申万宏源关于重庆格林绿化设计建设股份有限公司被列为失信被执行人的风险提示性公告.pdf
2026-04-13 16:32:13,078 [INFO]   分类:  | 公司:  | 姓名: 
2026-04-13 16:32:13,078 [INFO] 
处理: 0651_[券商公告]星光珠宝光大证券关于星光珠宝集团股份有限公司被纳入失信被执行人名单的风险提示性公告.pdf
2026-04-13 16:32:13,231 [INFO]   分类: 公司被纳入 | 公司: 获知星光珠宝集团股份有限公司 | 姓名: 
2026-04-13 16:32:13,231 [INFO] 
处理: 0652_[临时公告]歌瑞农牧关于公司及公司控股股东、实际控制人、董事长、董事会秘书、总经理、董事被纳入失信被执行人并采取限制消费措施的公告(补发).pdf
2026-04-13 16:32:13,565 [INFO]   分类: 其他 | 公司: 河南歌瑞农牧股份有限公司 | 姓名: 刘跟明，原蒲，毛政永，毛磊
2026-04-13 16:32:13,565 [INFO] 
处理: 0653_[临时公告]万芳园艺关于公司及公司法定代表人被纳入失信被执行人名单的公告[2019-019](补发).pdf
2026-04-13 16:32:13,792 [INFO]   分类: 公司及个人被纳入 | 公司: 福建万芳园林艺术股份有限公司 | 姓名: 李源
2026-04-13 16:32:13,797 [INFO] 
处理: 0654_[临时公告]古城股份2019-025-871895-古城股份-关于补发公司实际控制人、董事长兼总经理被纳入失信被执行人公告的声明.pdf
2026-04-13 16:32:13,868 [INFO]   分类: 个人被纳入 | 公司:  | 姓名: 
2026-04-13 16:32:13,868 [INFO] 
处理: 0655_[临时公告]ST天富关于公司及公司控股股东、实际控制人、控股子公司、高级管理人员被纳入失信被执行人及被出具限制消费令的公告(补发).pdf
2026-04-13 16:32:14,606 [INFO]   分类: 其他 | 公司: 广东天富电气股份有限公司 | 姓名: 公告，董秘，郭丽珍，郭振清，陈莉慧
2026-04-13 16:32:14,606 [INFO] 
处理: 0656_[券商公告]汉泓影院财通证券关于西藏汉泓影院管理股份有限公司控股子公司被纳入失信被执行人的风险提示性公告.pdf
2026-04-13 16:32:14,808 [INFO]   分类: 公司被纳入 | 公司: 杭州传奇泰丽电影院有限公司 | 姓名: 
2026-04-13 16:32:14,808 [INFO] 
处理: 0657_[券商公告]和索信息五矿证券有限公司关于广州和索信息科技股份有限公司被纳入失信被执行人的风险提示公告.pdf
2026-04-13 16:32:14,840 [INFO]   分类:  | 公司:  | 姓名: 
2026-04-13 16:32:14,840 [INFO] 
处理: 0658_[券商公告]佑康股份主办券商关于深圳市佑康健康管理股份有限公司被纳入失信被执行人名单的风险提示性公告.pdf
2026-04-13 16:32:14,852 [INFO]   分类:  | 公司:  | 姓名: 
2026-04-13 16:32:14,852 [INFO] 
处理: 0659_[临时公告]ST励思关于北京励思信息技术股份有限公司被纳入失信被执行人、公司及实际控制人被采取限制消费措施的公告(补发).pdf
2026-04-13 16:32:14,985 [INFO]   分类: 其他 | 公司: 北京励思信息技术股份有限公司 | 姓名: 
2026-04-13 16:32:14,985 [INFO] 
处理: 0660_[券商公告]山东科耐新时代证券关于山东科耐及张天恒被纳入失信被执行人及公司实际控制人被列为限制消费人员的 风险提示性公告.pdf
2026-04-13 16:32:15,386 [INFO]   分类: 个人被纳入 | 公司: 山东科耐燃气冰箱制造股份有限公司 | 姓名: 张天恒
2026-04-13 16:32:15,386 [INFO] 
处理: 0661_[券商公告]华坤股份东莞证券关于华坤股份股东涉及被纳入执行人名单和失信被执行人名单以及股权被质押和冻结情况的风险提示性公告.pdf
2026-04-13 16:32:15,424 [INFO]   分类:  | 公司:  | 姓名: 
2026-04-13 16:32:15,425 [INFO] 
处理: 0662_[临时公告]金塔股份关于公司的分公司被纳入失信被执行人名单及实际控制人、董事长、总经理被纳入限制消费人员名单的公告(补发)(补发).pdf
2026-04-13 16:32:15,684 [INFO]   分类: 其他 | 公司: 的分公司 | 姓名: 杨景宇
2026-04-13 16:32:15,684 [INFO] 
处理: 0663_[券商公告]力天世纪五矿证券关于力天世纪未能规范履行信息披露义务、控股股东兼实际控制人被列为失信被执行人的风险提示性公告.pdf
2026-04-13 16:32:16,072 [INFO]   分类: 个人被纳入 | 公司:  | 姓名: 饶国煌
2026-04-13 16:32:16,072 [INFO] 
处理: 0664_[券商公告]ST东河财通证券关于重庆东河水电股份有限公司被纳入失信被执行人名单及涉诉事项的风险提示性公告.pdf
2026-04-13 16:32:17,695 [INFO]   分类: 公司被纳入 | 公司: 对于公司 | 姓名: 
2026-04-13 16:32:17,695 [INFO] 
处理: 0665_[临时公告]歌瑞农牧2019-026 关于补发公司及公司控股股东、实际控制人、董事长、董事会秘书、总经理、董事被纳入失信被执行人公告的声明.pdf
2026-04-13 16:32:17,762 [INFO]   分类: 公司及个人被纳入 | 公司:  | 姓名: 于近日
2026-04-13 16:32:17,762 [INFO] 
处理: 0666_[券商公告]国遥博诚五矿证券有限公司关于吉林省国遥博诚科技股份有限公司被纳入失信被执行人的风险提示公告.pdf
2026-04-13 16:32:17,767 [INFO]   分类:  | 公司:  | 姓名: 
2026-04-13 16:32:17,767 [INFO] 
处理: 0667_[券商公告]ST东河财通证券关于重庆东河水电股份有限公司被纳入失信被执行人名单及涉诉事项的风险提示性公告.pdf
2026-04-13 16:32:17,778 [INFO]   分类:  | 公司:  | 姓名: 
2026-04-13 16:32:17,779 [INFO] 
处理: 0668_[临时公告]欧美克关于公司控股子公司被纳入被执行人信息、失信被执行人及其法定代表人限制高消费的公告(补发).pdf
2026-04-13 16:32:18,246 [INFO]   分类: 个人被纳入 | 公司: 成都鼎鸿石油技术有限公司 | 姓名: 
2026-04-13 16:32:18,247 [INFO] 
处理: 0669_[券商公告]意昂股份财通证券股份有限公司关于福建意昂机电股份公司再次被纳入失信被执行人名单的风险提示公告.pdf
2026-04-13 16:32:18,278 [INFO]   分类:  | 公司:  | 姓名: 
2026-04-13 16:32:18,278 [INFO] 
处理: 0670_[临时公告]万芳园艺关于补发公司及公司法定代表人被纳入失信被执行人名单的公告的声明公告[2019-018].pdf
2026-04-13 16:32:18,391 [INFO]   分类: 公司及个人被纳入 | 公司:  | 姓名: 李源于
2026-04-13 16:32:18,391 [INFO] 
处理: 0671_[券商公告]德润能源西南证券股份有限公司关于胜利德润能源股份有限公司被纳入失信被执行人等相关情况的风险提示公告.pdf
2026-04-13 16:32:18,597 [INFO]   分类: 公司被纳入 | 公司: 西南证券股份有限公司关于胜利德润能源股份有限公司 | 姓名: 
2026-04-13 16:32:18,598 [INFO] 
处理: 0672_[临时公告]ST励思关于补发北京励思信息技术股份有限公司被纳入失信被执行人、公司及实际控制人被采取限制消费措施的声明公告.pdf
2026-04-13 16:32:18,654 [INFO]   分类: 公司被纳入 | 公司: 北京励思信息技术股份有限公司 | 姓名: 
2026-04-13 16:32:18,655 [INFO] 
处理: 0673_[券商公告]德尔能安信证券关于东莞市德尔能新能源股份有限公司被纳入失信被执行人及实际控制人被出具限制消费令的风险提示性公告.pdf
2026-04-13 16:32:19,132 [INFO]   分类: 其他 | 公司: 东莞市德尔能新能源股份有限公司 | 姓名: 刘厚德
2026-04-13 16:32:19,133 [INFO] 
处理: 0674_[券商公告]建润电子万联证券关于福建建润电子科技股份有限公司及其实际控制人被纳入失信被执行人的风险提示性公告.pdf
2026-04-13 16:32:19,996 [INFO]   分类: 公司及个人被纳入 | 公司:  | 姓名: 刘玉珍，张天生，陈先菊
2026-04-13 16:32:19,996 [INFO] 
处理: 0675_[券商公告]天风证券关于韶华文化实际控制人被刑事拘留、取保候审的进展情况、实际控制人之一被纳入失信被执行人及经营状况的风险提示公告.pdf
2026-04-13 16:32:20,013 [INFO]   分类:  | 公司:  | 姓名: 
2026-04-13 16:32:20,013 [INFO] 
处理: 0676_[券商公告]英大证券有限责任公司关于江苏金宏泰科技股份有限公司实际控制人再次被纳入失信被执行人的风险提示公告.pdf
2026-04-13 16:32:20,122 [INFO]   分类: 个人被纳入 | 公司:  | 姓名: 赖泳村
2026-04-13 16:32:20,122 [INFO] 
处理: 0677_[券商公告]意昂股份财通证券股份有限公司关于福建意昂机电股份公司及实际控制人被纳入失信被执行人名单的风险提示公告.pdf
2026-04-13 16:32:20,133 [INFO]   分类:  | 公司:  | 姓名: 
2026-04-13 16:32:20,135 [INFO] 
处理: 0678_[券商公告]春鹏电气海通证券股份有限公司关于山东春鹏彩虹智能电气股份公司再次被纳入失信被执行人名单的风险提示公告.pdf
2026-04-13 16:32:20,288 [INFO]   分类: 公司被纳入 | 公司:  | 姓名: 
2026-04-13 16:32:20,288 [INFO] 
处理: 0679_[临时公告]易电通关于补发公司银行账户冻结、被纳入失信被执行人和被执行人、公司及实际控制人管林根被限制消费以及公司涉及诉讼等事项的声明公告.pdf
2026-04-13 16:32:20,547 [INFO]   分类: 其他 | 公司: 挂牌公司 | 姓名: 管林根
2026-04-13 16:32:20,547 [INFO] 
处理: 0680_[券商公告]蓝海之略中信建投证券股份有限公司关于珠海市蓝海之略医疗股份有限公司被列为失信被执行人的风险提示性公告.pdf
2026-04-13 16:32:20,691 [INFO]   分类: 公司被纳入 | 公司: 珠海市蓝海之略医疗股份有限公司 | 姓名: 
2026-04-13 16:32:20,691 [INFO] 
处理: 0681_[券商公告]ST东河财通证券关于重庆东河水电股份有限公司实际控制人被纳入失信被执行人名单及被出具限制消费令的风险提示性公告.pdf
2026-04-13 16:32:20,696 [INFO]   分类:  | 公司:  | 姓名: 
2026-04-13 16:32:20,696 [INFO] 
处理: 0682_[券商公告]开源证券关于河南古城实业股份有限公司实际控制人、董事长兼总经理被纳入失信被执行人及被出具限制消费令的风险提示公告.pdf
2026-04-13 16:32:20,699 [INFO]   分类:  | 公司:  | 姓名: 
2026-04-13 16:32:20,700 [INFO] 
处理: 0683_[券商公告]中邮展鸿国融证券股份有限公司关于北京中邮展鸿通信设备股份有限公司被列为失信被执行人的风险提示.pdf
2026-04-13 16:32:20,739 [INFO]   分类: 公司被纳入 | 公司:  | 姓名: 
2026-04-13 16:32:20,739 [INFO] 
处理: 0684_[券商公告]蓝海之略中信建投证券股份有限公司关于珠海市蓝海之略医疗股份有限公司被列为失信被执行人的风险提示性公告.pdf
2026-04-13 16:32:20,902 [INFO]   分类: 公司被纳入 | 公司: 珠海市蓝海之略医疗股份有限公司 | 姓名: 
2026-04-13 16:32:20,903 [INFO] 
处理: 0685_[券商公告]元亨利爱建证券有限责任公司关于元亨利珠宝股份有限公司及实际控制人再次被纳入失信被执行人名单的风险提示公告.pdf
2026-04-13 16:32:21,104 [INFO]   分类: 公司及个人被纳入 | 公司: 元亨利珠宝股份有限公司 | 姓名: 多次，谢宗选，黄旭文
2026-04-13 16:32:21,104 [INFO] 
处理: 0686_[券商公告]海通证券股份有限公司关于湖北华奥安防科技运营股份有限公司被列入失信被执行人名单的风险提示公告.pdf
2026-04-13 16:32:21,223 [INFO]   分类: 公司被纳入 | 公司: 湖北华奥安防科技运营股份有限公司 | 姓名: 
2026-04-13 16:32:21,223 [INFO] 
处理: 0687_[券商公告]元亨利爱建证券有限责任公司关于元亨利珠宝股份有限公司及实际控制人再次被纳入失信被执行人名单的风险提示公告.pdf
2026-04-13 16:32:21,445 [INFO]   分类: 公司及个人被纳入 | 公司: 元亨利珠宝股份有限公司 | 姓名: 谢宗选，黄旭文
2026-04-13 16:32:21,445 [INFO] 
处理: 0688_[券商公告]ST励思国信证券关于北京励思信息技术股份有限公司被纳入失信被执行人、公司及实际控制人被采取限制消费措施的风险提示公告.pdf
2026-04-13 16:32:21,640 [INFO]   分类: 其他 | 公司: 北京励思信息技术股份有限公司 | 姓名: 黎峰
2026-04-13 16:32:21,640 [INFO] 
处理: 0689_[临时公告]金塔股份公司的分公司被纳入失信被执行人名单及实际控制人、董事长、总经理被纳入限制消费人员名单的公告补发声明公告.pdf
2026-04-13 16:32:21,799 [INFO]   分类: 其他 | 公司: 公司的分公司 | 姓名: 
2026-04-13 16:32:21,799 [INFO] 
处理: 0690_[临时公告]ST天富2019-050 关于补发公司及公司控股股东、实际控制人、控股子公司、高级管理人员被纳入失信被执行人及被出具限制消费令的声明公告.pdf
2026-04-13 16:32:21,879 [INFO]   分类: 其他 | 公司:  | 姓名: 
2026-04-13 16:32:21,879 [INFO] 
处理: 0691_[券商公告]奔腾集团大通证券股份有限公司关于奔腾科技实业集团股份有限公司被列为失信被执行人的风险提示公告.pdf
2026-04-13 16:32:21,894 [INFO]   分类:  | 公司:  | 姓名: 
2026-04-13 16:32:21,896 [INFO] 
处理: 0692_[券商公告]西南证券股份有限公司关于深圳市浩丰科技股份有限公司及其实际控制人被纳入失信被执行人的风险提示公告.pdf
2026-04-13 16:32:22,044 [INFO]   分类: 公司及个人被纳入 | 公司: 深圳市浩丰科技股份有限公司 | 姓名: 廖兴池
2026-04-13 16:32:22,044 [INFO] 
处理: 0693_[券商公告]西南证券股份有限公司关于深圳市浩丰科技股份有限公司子公司被纳入失信被执行人的风险提示公告.pdf
2026-04-13 16:32:22,237 [INFO]   分类: 公司被纳入 | 公司: 东莞市浩阳五金科技有限公司，份存在子公司，司子公司，桂阳县浩丰科技有限公司，深圳市浩丰科技股份有限公司子公司 | 姓名: 
2026-04-13 16:32:22,237 [INFO] 
处理: 0694_[券商公告]大洋股份国融证券股份有限公司关于常州大洋线缆股份有限公司被纳入失信被执行人名单的风险提示性公告.pdf
2026-04-13 16:32:22,241 [INFO]   分类:  | 公司:  | 姓名: 
2026-04-13 16:32:22,241 [INFO] 
处理: 0695_[券商公告]科捷锂电安信证券关于宁夏科捷锂电池股份有限公司停产及其控股股东、共同实际控制人被纳入失信被执行人及被采取限制消费措施的风险提示性公告.pdf
2026-04-13 16:32:22,260 [INFO]   分类:  | 公司:  | 姓名: 
2026-04-13 16:32:22,261 [INFO] 
处理: 0696_[券商公告]主办券商关于深圳市佑康健康管理股份有限公司及实际控制人被出具限制消费令、董事被纳入失信被执行人名单的风险提示性公告.pdf
2026-04-13 16:32:22,269 [INFO]   分类:  | 公司:  | 姓名: 
2026-04-13 16:32:22,269 [INFO] 
处理: 0697_[券商公告]洁诺股份中国民族证券有限责任公司关于杭州洁诺清洁用品股份有限公司被纳入失信被执行人名单的风险提示性公告.pdf
2026-04-13 16:32:22,367 [INFO]   分类: 公司被纳入 | 公司: 杭州洁诺清洁用品股份有限公司 | 姓名: 
2026-04-13 16:32:22,367 [INFO] 
处理: 0698_[券商公告]华安奥特首创证券关于华安奥特（北京）科技股份有限公司实际控制人被纳入失信被执行人名单的风险提示性公告.pdf
2026-04-13 16:32:22,572 [INFO]   分类: 个人被纳入 | 公司:  | 姓名: 
2026-04-13 16:32:22,573 [INFO] 
处理: 0699_[券商公告]安澳智能兴业证券股份有限公司关于安澳智能未给员工缴纳社会保险、被纳入失信被执行人、现金及备用金管理不规范的风险揭示公告.pdf
2026-04-13 16:32:22,698 [INFO]   分类: 公司被纳入 | 公司:  | 姓名: 
2026-04-13 16:32:22,698 [INFO] 
处理: 0700_[券商公告]蓝海之略中信建投证券股份有限公司关于珠海市蓝海之略医疗股份有限公司子公司被列为失信被执行人的风险提示性公告.pdf
2026-04-13 16:32:22,793 [INFO]   分类: 公司被纳入 | 公司:  | 姓名: 
2026-04-13 16:32:22,793 [INFO] 
处理: 0701_[券商公告]宇航重工西南证券股份有限公司关于洛阳宇航重工科技股份有限公司被纳入失信被执行人的风险提示公告.pdf
2026-04-13 16:32:24,028 [INFO]   分类: 公司被纳入 | 公司:  | 姓名: 
2026-04-13 16:32:24,028 [INFO] 
处理: 0702_[券商公告]蓝华科技国都证券股份有限公司关于安徽蓝华金属科技股份有限公司被纳入失信被执行人的风险提示公告.pdf
2026-04-13 16:32:24,693 [INFO]   分类: 公司被纳入 | 公司: 安徽蓝华金属科技股份有限公司 | 姓名: 
2026-04-13 16:32:24,693 [INFO] 
处理: 0703_[券商公告]建润电子万联证券关于福建建润电子科技股份有限公司实际控制人、董事长被纳入失信被执行人的风险提示性公告.pdf
2026-04-13 16:32:25,164 [INFO]   分类: 个人被纳入 | 公司:  | 姓名: 张天生
2026-04-13 16:32:25,164 [INFO] 
处理: 0704_[券商公告]大菲5国信证券股份有限公司关于沈阳菲菲澳家现代农业股份有限公司被纳入失信被执行人名单的风险提示公告.pdf
2026-04-13 16:32:25,490 [INFO]   分类: 公司被纳入 | 公司: 沈阳菲菲澳家现代农业股份有限公司 | 姓名: 
2026-04-13 16:32:25,490 [INFO] 
处理: 0705_[券商公告]ST长乐情国融证券关于湖南长乐情食品科技股份有限公司实际控制人、董事被列入失信被执行人的风险提示性公告.pdf
2026-04-13 16:32:25,945 [INFO]   分类: 个人被纳入 | 公司:  | 姓名: 胡健
2026-04-13 16:32:25,945 [INFO] 
处理: 0706_[券商公告]奔腾集团大通证券股份有限公司关于奔腾科技实业集团股份有限公司及实际控制人被列为失信被执行人的风险提示公告.pdf
2026-04-13 16:32:25,954 [INFO]   分类:  | 公司:  | 姓名: 
2026-04-13 16:32:25,954 [INFO] 
处理: 0707_[券商公告]ST绿色国融证券股份有限公司关于北京绿色空间生物科技股份有限公司被纳入失信被执行人的风险提示公告.pdf
2026-04-13 16:32:26,166 [INFO]   分类: 公司被纳入 | 公司: 北京绿色空间生物技股份有限公司，北京绿色空间生物科技股份有限公司，北京绿色空间生物科技股份有限公司关于公司 | 姓名: 
2026-04-13 16:32:26,167 [INFO] 
处理: 0708_[券商公告]鼎浩股份江海证券有限公司关于如皋市鼎浩液压机械股份有限公司实际控制人被纳入失信被执行人名单的风险提示公告.pdf
2026-04-13 16:32:26,175 [INFO]   分类:  | 公司:  | 姓名: 
2026-04-13 16:32:26,176 [INFO] 
处理: 0709_[券商公告]西南证券股份有限公司关于深圳市浩丰科技股份有限公司及其控股股东、实际控制人被纳入失信被执行人的风险提示公告.pdf
2026-04-13 16:32:26,660 [INFO]   分类: 公司及个人被纳入 | 公司: 深圳市浩丰科技股份有限公司 | 姓名: 和高级，廖兴池
2026-04-13 16:32:26,660 [INFO] 
处理: 0710_[券商公告]铭阳股份浙商证券股份有限公司关于浙江铭阳工程管理股份有限公司及实际控制人被列入失信被执行人等重大风险提示性公告.pdf
2026-04-13 16:32:26,667 [INFO]   分类:  | 公司:  | 姓名: 
2026-04-13 16:32:26,668 [INFO] 
处理: 0711_[券商公告]攀高股份长城国瑞关于北京攀高文化传媒股份有限公司被纳入失信被执行人、涉及新增诉讼、实际控制人被出具限制消费令的风险提示性公告.pdf
2026-04-13 16:32:27,285 [INFO]   分类: 其他 | 公司: 北京攀高文化传媒股份有限公司，挂牌公司 | 姓名: 华音因
2026-04-13 16:32:27,285 [INFO] 
处理: 0712_[券商公告]韶华文化天风证券关于韶华文化实际控制人被刑事拘留、取保候审的进展情况、实际控制人之一被纳入失信被执行人及持续经营能力的风险提示公告.pdf
2026-04-13 16:32:27,304 [INFO]   分类:  | 公司:  | 姓名: 
2026-04-13 16:32:27,304 [INFO] 
处理: 0713_[券商公告]爱珂科技方正证券股份有限公司关于宁波爱珂智能科技股份有限公司及其控股股东、实际控制人被纳入失信联合惩戒对象的风险提示性公告.pdf
2026-04-13 16:32:27,314 [INFO]   分类:  | 公司:  | 姓名: 
2026-04-13 16:32:27,314 [INFO] 
处理: 0714_[券商公告]歌瑞农牧中原证券股份有限公司关于河南歌瑞农牧股份有限公司被采取限制消费措施、实际控制人被纳入失信被执行人及被采取限制消费措施的风险提示性公告.pdf
2026-04-13 16:32:29,931 [INFO]   分类: 个人被纳入 | 公司:  | 姓名: 毛磊
2026-04-13 16:32:29,934 [INFO] 
处理: 0715_[券商公告]西典展览华融证券关于北京西典展览股份有限公司被纳入失信被执行人名单及持续经营能力存在重大不确定性的风险提示性公告.pdf
2026-04-13 16:32:30,807 [INFO]   分类: 公司被纳入 | 公司: 北京西典展览股份有限公司 | 姓名: 
2026-04-13 16:32:30,809 [INFO] 
处理: 0716_[券商公告]雪阳坯衫中原证券股份有限公司关于河南雪阳坯衫股份有限公司控股股东、实际控制人及监事会主席被纳入失信被执行人的风险提示性公告.pdf
2026-04-13 16:32:32,426 [INFO]   分类: 个人被纳入 | 公司: 邓州雪阳集团股份有限公司 | 姓名: 刘红中，杨天岳
2026-04-13 16:32:32,426 [INFO] 
处理: 0717_[券商公告]金百万开源证券股份有限公司关于北京金百万餐饮股份有限公司被纳入失信被执行人名单、部分银行账户冻结的风险提示公告.pdf
2026-04-13 16:32:33,817 [INFO]   分类: 公司被纳入 | 公司: 北京金百万餐饮股份有限公司 | 姓名: 
2026-04-13 16:32:33,817 [INFO] 
处理: 0718_[券商公告]爱珂科技方正证券股份有限公司关于宁波爱珂智能科技股份有限公司及其控股股东、实际控制人被纳入失信联合惩戒对象的风险提示性公告.pdf
2026-04-13 16:32:34,887 [INFO]   分类: 公司及个人被纳入 | 公司:  | 姓名: 施杰军，程雪薇
2026-04-13 16:32:34,893 [INFO] 
处理: 0719_[券商公告]金塔股份湘财证券关于金塔股份的分公司被纳入失信被执行人名单及公司实际控制人、董事长、总经理被纳入限制消费人员名单等事项的风险提示公告.pdf
2026-04-13 16:32:36,355 [INFO]   分类: 其他 | 公司: 股份有限公司的分公司 | 姓名: 杨景宇
2026-04-13 16:32:36,355 [INFO] 
处理: 0720_[券商公告]歌瑞农牧中原证券股份有限公司关于河南歌瑞农牧股份有限公司公司及控股股东、实际控制人被列为失信被执行人及信息披露不及时的风险提示公告.pdf
2026-04-13 16:32:38,617 [INFO]   分类: 公司及个人被纳入 | 公司: 河南歌瑞农牧股份有限公司 | 姓名: 原蒲，毛政永，毛磊向，田永坤
2026-04-13 16:32:38,617 [INFO] 
处理: 0721_[券商公告]欧美克申万宏源关于欧美克控股子公司被纳入被执行人信息、失信被执行人及其法定代表人限制高消费的风险提示性公告.pdf
2026-04-13 16:32:38,760 [INFO]   分类:  | 公司:  | 姓名: 
2026-04-13 16:32:38,760 [INFO] 
处理: 0722_[临时公告]荣邦医疗大连荣邦医疗卫生用品股份有限公司关于公司及控股股东、实际控制人、董事、高级管理人员被纳入失信被执行人的公告的补发声明公告.pdf
2026-04-13 16:32:39,532 [INFO]   分类: 公司及个人被纳入 | 公司: 用品股份有限公司关于公司 | 姓名: 
2026-04-13 16:32:39,532 [INFO] 
处理: 0723_[券商公告]久源林业五矿证券有限公司关于浙江久源林业科技股份有限公司及董事长、实际控制人、子公司被列入失信被执行人名单的风险提示公告.pdf
2026-04-13 16:32:39,548 [INFO]   分类:  | 公司:  | 姓名: 
2026-04-13 16:32:39,548 [INFO] 
处理: 0724_[券商公告]颍元股份国融证券股份有限公司关于安徽颍元农业科技股份有限公司控股股东、实际控制人被纳入失信被执行人的风险提示公告.pdf
2026-04-13 16:32:39,922 [INFO]   分类: 个人被纳入 | 公司:  | 姓名: 梁亦才
2026-04-13 16:32:39,922 [INFO] 
处理: 0725_[券商公告]澳泰药剂安信证券股份有限公司关于山东澳泰药剂股份有限公司存在新增诉讼、被列入失信被执行人及未及时履行信息披露义务的风险提示公告.pdf
2026-04-13 16:32:39,935 [INFO]   分类:  | 公司:  | 姓名: 
2026-04-13 16:32:39,935 [INFO] 
处理: 0726_[券商公告]天行装饰方正证券股份有限公司关于杭州天行建筑装饰股份有限公司涉及诉讼、仲裁、公司及相关人员被列入失信被执行人等的风险提示公告.pdf
2026-04-13 16:32:42,290 [INFO]   分类: 公司被纳入 | 公司:  | 姓名: 
2026-04-13 16:32:42,290 [INFO] 
处理: 0727_[券商公告]纽麦特安信证券股份有限公司关于安徽纽麦特新材料科技股份有限公司为失信被执行人提供连带责任担保的风险提示性公告.pdf
2026-04-13 16:32:42,342 [INFO]   分类:  | 公司:  | 姓名: 
2026-04-13 16:32:42,342 [INFO] 
处理: 0728_[券商公告]颍元股份国融证券股份有限公司关于安徽颍元农业科技股份有限公司控股股东、实际控制人被纳入失信被执行人的风险提示公告.pdf
2026-04-13 16:32:42,672 [INFO]   分类: 个人被纳入 | 公司:  | 姓名: 梁亦才
2026-04-13 16:32:42,672 [INFO] 
处理: 0729_[券商公告]中创水务国融证券股份有限公司关于南京中创水务集团股份有限公司控股股东及实际控制人被纳入失信被执行人名单的风险提示公告.pdf
2026-04-13 16:32:42,721 [INFO]   分类:  | 公司:  | 姓名: 
2026-04-13 16:32:42,721 [INFO] 
处理: 0730_[券商公告]康杰股份东海证券股份有限公司关于江苏康杰机械股份有限公司被纳入失信被执行人、不能规范履行信息披露义务的风险提示性公告.pdf
2026-04-13 16:32:43,522 [INFO]   分类: 公司被纳入 | 公司: 主办券商要求公司针对公司，江苏康杰机械股份有限公司 | 姓名: 
2026-04-13 16:32:43,522 [INFO] 
处理: 0731_[券商公告]樵森科技国融证券股份有限公司关于安徽樵森电气科技股份有限公司及其控股股东、实际控制人被纳入失信被执行人的风险提示公告.pdf
2026-04-13 16:32:45,971 [INFO]   分类: 公司及个人被纳入 | 公司: 安徽樵森电气科技股份有限公司 | 姓名: 王波，王运安
2026-04-13 16:32:45,971 [INFO] 
处理: 0732_[券商公告]兴邦车业华创证券有限责任公司关于河北兴邦车业股份有限公司股票被暂停转让进展及被纳入失信被执行人的风险提示公告.pdf
2026-04-13 16:32:47,834 [INFO]   分类: 公司被纳入 | 公司:  | 姓名: 
2026-04-13 16:32:47,835 [INFO] 
处理: 0733_[券商公告]世胜股份开源证券股份有限公司关于广州世胜信息科技股份有限公司被纳入失信被执行人及多名董监高辞职的风险提示公告.pdf
2026-04-13 16:32:48,915 [INFO]   分类: 公司被纳入 | 公司:  | 姓名: 
2026-04-13 16:32:48,917 [INFO] 
处理: 0734_[券商公告]兴邦车业华创证券有限责任公司关于河北兴邦车业股份有限公司股票被暂停转让进展及被纳入失信被执行人的风险提示公告.pdf
2026-04-13 16:32:50,335 [INFO]   分类: 公司被纳入 | 公司:  | 姓名: 
2026-04-13 16:32:50,337 [INFO] 
处理: 0735_[券商公告]ST掌柜网信证券有限责任公司 关于苏州掌柜软件股份有限公司被纳入失信被执行人名单及持续经营能力存在重大不确定性的风险提示性公告.pdf
2026-04-13 16:32:50,621 [INFO]   分类: 公司被纳入 | 公司: 苏州掌柜软件股份有限公司 | 姓名: 
2026-04-13 16:32:50,623 [INFO] 
处理: 0736_[券商公告]颍元股份国融证券股份有限公司关于安徽颍元农业科技股份有限公司控股股东、实际控制人被纳入失信被执行人的风险提示公告.pdf
2026-04-13 16:32:50,880 [INFO]   分类: 个人被纳入 | 公司:  | 姓名: 梁亦才
2026-04-13 16:32:50,880 [INFO] 
处理: 0737_[券商公告]功夫谷华福证券有限责任公司关于福建功夫谷股份有限公司再次被纳入失信被执行人名单且无法规范履行信息披露义务的风险提示公告.pdf
2026-04-13 16:32:50,919 [INFO]   分类:  | 公司:  | 姓名: 
2026-04-13 16:32:50,919 [INFO] 
处理: 0738_[券商公告]兴邦车业华创证券有限责任公司关于河北兴邦车业股份有限公司股票被暂停转让进展及被纳入失信被执行人的风险提示公告.pdf
2026-04-13 16:32:51,752 [INFO]   分类: 公司被纳入 | 公司:  | 姓名: 
2026-04-13 16:32:51,752 [INFO] 
处理: 0739_[券商公告]兴邦车业华创证券有限责任公司关于河北兴邦车业股份有限公司股票被暂停转让进展及被纳入失信被执行人的风险提示公告.pdf
2026-04-13 16:32:52,466 [INFO]   分类: 公司被纳入 | 公司:  | 姓名: 
2026-04-13 16:32:52,466 [INFO] 
处理: 0740_[券商公告]永平资源安信证券股份有限公司关于山东永平再生资源股份有限公司为失信被执行人提供连带责任担保的风险提示性公告.pdf
2026-04-13 16:32:52,516 [INFO]   分类:  | 公司:  | 姓名: 
2026-04-13 16:32:52,516 [INFO] 
处理: 0741_[券商公告]金大股份国信证券股份有限公司关于金大智能技术股份有限公司控股股东、实际控制人及全资子公司仍为失信被执行人的风险揭示公告.pdf
2026-04-13 16:32:53,071 [INFO]   分类: 个人被纳入 | 公司: 及全资子公司，实际控制人及全资子公司 | 姓名: 和高级，章小理，董监高，进行
2026-04-13 16:32:53,071 [INFO] 
处理: 0742_[券商公告]兴邦车业华创证券有限责任公司关于河北兴邦车业股份有限公司股票被暂停转让进展及被纳入失信被执行人的风险提示公告.pdf
2026-04-13 16:32:54,628 [INFO]   分类: 公司被纳入 | 公司:  | 姓名: 
2026-04-13 16:32:54,628 [INFO] 
处理: 0743_[券商公告]锦聚成财富证券有限责任公司关于天津市锦聚成商贸股份有限公司涉及诉讼、被列入失信被执行人名单、财产被查封、扣押、冻结等相关风险的提示公告.pdf
2026-04-13 16:32:59,990 [INFO]   分类: 公司被纳入 | 公司:  | 姓名: 
2026-04-13 16:32:59,990 [INFO] 
处理: 0744_[券商公告]兴邦车业华创证券有限责任公司关于河北兴邦车业股份有限公司股票被暂停转让进展及被纳入失信被执行人的风险提示公告.pdf
2026-04-13 16:33:00,931 [INFO]   分类: 公司被纳入 | 公司:  | 姓名: 
2026-04-13 16:33:00,931 [INFO] 
处理: 0745_[券商公告]颍元股份国融证券股份有限公司关于安徽颍元农业科技股份有限公司及其控股股东、实际控制人被纳入失信被执行人的风险提示公告.pdf
2026-04-13 16:33:01,236 [INFO]   分类: 公司及个人被纳入 | 公司: 安徽颍元农业科技股份有限公司 | 姓名: 尚未向，梁亦才
2026-04-13 16:33:01,236 [INFO] 
处理: 0746_[券商公告]华安奥特首创证券关于华安奥特（北京）科技股份有限公司被纳入失信被执行人名单、2019年半年度报告的风险提示性公告.pdf
2026-04-13 16:33:01,753 [INFO]   分类: 公司被纳入 | 公司: 科技股份有限公司 | 姓名: 
2026-04-13 16:33:01,753 [INFO] 
处理: 0747_[券商公告]ST洋股国融证券股份有限公司关于常州大洋线缆股份有限公司及控股股东、高级管理人员被纳入失信被执行人名单的风险提示性公告.pdf
2026-04-13 16:33:02,205 [INFO]   分类: 公司及个人被纳入 | 公司:  | 姓名: 
2026-04-13 16:33:02,205 [INFO] 
处理: 0748_[券商公告]鸿立光电华安证券股份有限公司关于宁波鸿立光电科技股份有限公司持续经营能力存在重大不确定性及董事长被纳入失信人名单的风险提示公告.pdf
2026-04-13 16:33:02,489 [INFO]   分类: 个人被纳入 | 公司:  | 姓名: 张昆鹏，陶佳
2026-04-13 16:33:02,489 [INFO] 
处理: 0749_[券商公告]图灵汽车西南证券股份有限公司关于天津图灵汽车科技股份有限公司及北京分公司被列入失信被执行人名单的风险提示性公告.pdf
2026-04-13 16:33:02,819 [INFO]   分类: 公司被纳入 | 公司: 主办券商发现图灵汽车及北京分公司，北京分公司，天津图灵汽车科技股份有限公司及北京分公司，天津鸿逸汽车科技发展股份有限公司 | 姓名: 
2026-04-13 16:33:02,825 [INFO] 
处理: 0750_[券商公告]中航前海华鑫证券有限责任公司关于常州中航前海新材料股份有限公司控股股东、实际控制人再次被纳入失信被执行人的风险提示性公告.pdf
2026-04-13 16:33:03,179 [INFO]   分类: 个人被纳入 | 公司:  | 姓名: 连志杰
2026-04-13 16:33:03,180 [INFO] 
处理: 0751_[券商公告]天力重科国融证券股份有限公司关于江阴天力重科安装股份有限公司、全资子公司及控股股东、实际控制人被纳入失信被执行人等事项的风险提示性公告.pdf
2026-04-13 16:33:04,158 [INFO]   分类: 公司及个人被纳入 | 公司:  | 姓名: 钱君
2026-04-13 16:33:04,158 [INFO] 
处理: 0752_[券商公告]亚风快运东吴证券股份有限公司关于深圳市亚风快运股份有限公司存在新增诉讼、被列入失信被执行人及未及时履行信息披露义务的重大风险提示公告.pdf
2026-04-13 16:33:06,141 [INFO]   分类: 公司被纳入 | 公司:  | 姓名: 
2026-04-13 16:33:06,141 [INFO] 
处理: 0753_[券商公告]浙商证券股份有限公司关于北京飞扬天下网络科技股份有限公司及实际控制人被列入失信被执行人等重大风险提示性公告.pdf
2026-04-13 16:33:06,183 [INFO]   分类:  | 公司:  | 姓名: 
2026-04-13 16:33:06,183 [INFO] 
处理: 0754_[券商公告]虎符智能国信证券股份有限公司关于虎符智能科技股份有限公司控股股东、实际控制人被纳入失信被执行人名单的风险提示公告.pdf
2026-04-13 16:33:06,437 [INFO]   分类: 个人被纳入 | 公司:  | 姓名: 和高级，董监高
2026-04-13 16:33:06,437 [INFO] 
处理: 0755_[券商公告]嘉成股份东吴证券关于张家港嘉成建设材料股份有限公司未能规范履行信息披露义务、法定代表人及子公司被列为失信被执行人的风险提示性公告.pdf
2026-04-13 16:33:06,849 [INFO]   分类: 个人被纳入 | 公司: 法定代表人及子公司 | 姓名: 戴乐已，秦天
2026-04-13 16:33:06,849 [INFO] 
处理: 0756_[券商公告]图灵汽车西南证券关于天津图灵汽车科技股份有限公司的控股股东、实际控制人、董事长兼总经理被纳入失信被执行人及被出具限制消费令的风险提示性公告.pdf
2026-04-13 16:33:07,512 [INFO]   分类: 其他 | 公司:  | 姓名: 冯浩曾
2026-04-13 16:33:07,512 [INFO] 
处理: 0757_[券商公告]华安奥特首创证券关于华安奥特（北京）科技股份有限公司被纳入失信被执行人名单、债务违约、持续经营能力存在重大不确定性等风险的提示性公告.pdf
2026-04-13 16:33:10,261 [INFO]   分类: 公司被纳入 | 公司: 科技股份有限公司 | 姓名: 
2026-04-13 16:33:10,261 [INFO] 
处理: 0758_[券商公告]ST长乐情国融证券股份有限公司关于湖南长乐情食品科技股份有限公司、公司实际控制人及董事被纳入失信被执行人的风险提示性公告.pdf
2026-04-13 16:33:10,973 [INFO]   分类: 公司及个人被纳入 | 公司: 湖南长乐情食品科技股份有限公司 | 姓名: 湛伟于，胡健
2026-04-13 16:33:10,973 [INFO] 
处理: 0759_[券商公告]图灵汽车西南证券股份有限公司关于天津图灵汽车科技股份有限公司的控股股东及实际控制人被列入失信被执行人名单及相关风险的提示性公告.pdf
2026-04-13 16:33:11,898 [INFO]   分类: 个人被纳入 | 公司:  | 姓名: 冯浩，和高级
2026-04-13 16:33:11,903 [INFO] 
处理: 0760_[券商公告]金开利国融证券股份有限公司关于深圳市金开利科技股份有限公司及董事、高级管理人员被纳入失信被执行人员名单的风险提示性公告.pdf
2026-04-13 16:33:12,746 [INFO]   分类: 公司及个人被纳入 | 公司: 深圳市金开利科技股份有限公司 | 姓名: 徐伟，金开利
2026-04-13 16:33:12,746 [INFO] 
处理: 0761_[券商公告]中航前海华鑫证券有限责任公司关于常州中航前海新材料股份有限公司控股股东、实际控制人兼董事长被纳入失信被执行人的风险提示性公告.pdf
2026-04-13 16:33:13,133 [INFO]   分类: 个人被纳入 | 公司:  | 姓名: 连志杰
2026-04-13 16:33:13,133 [INFO] 
处理: 0762_[券商公告]中云创广州证券股份有限公司关于河南中云创光电科技股份有限公司及其实际控制人、监事被列为失信被执行人和限制消费人员的风险提示公告.pdf
2026-04-13 16:33:13,994 [INFO]   分类: 公司及个人被纳入 | 公司:  | 姓名: 孙国忠，石灿因
2026-04-13 16:33:13,994 [INFO] 
处理: 0763_[券商公告]印克电商华福证券有限责任公司关于上海印克电子商务股份有限公司被列为失信被执行人及其法定代表人、实际控制人、董事长被列为限制消费人员的风险提示公告.pdf
2026-04-13 16:33:14,940 [INFO]   分类: 其他 | 公司: 上海印克电子商务股份有限公司 | 姓名: 王品仕
2026-04-13 16:33:14,940 [INFO] 
处理: 0764_[券商公告]智坤科技财达证券股份有限公司关于深圳市智坤科技股份有限公司再次被列入失信被执行人名单、违规对外担保进展等相关事项的风险提示公告.pdf
2026-04-13 16:33:16,214 [INFO]   分类: 公司被纳入 | 公司: 份有限公司 | 姓名: 
2026-04-13 16:33:16,214 [INFO] 
处理: 0765_[券商公告]ST光慧长江证券股份有限公司关于北京光慧鸿途科技股份有限公司被纳入失信执行名单及其法定代表人被纳入限制消费人员等相关事项的风险提示公告.pdf
2026-04-13 16:33:16,266 [INFO]   分类:  | 公司:  | 姓名: 
2026-04-13 16:33:16,266 [INFO] 
处理: 0766_[券商公告]伟力盛世大同证券有限责任公司关于天津伟力盛世节能科技股份有限公司子公司及公司董事长、总经理、实际控制人被纳入失信被执行人的风险提示公告.pdf
2026-04-13 16:33:16,281 [INFO]   分类:  | 公司:  | 姓名: 
2026-04-13 16:33:16,281 [INFO] 
处理: 0767_[券商公告]七维航测东北证券股份有限公司关于北京七维航测科技股份有限公司预计无法按时披露2018年年度报告、新增失信被执行人等风险提示公告.pdf
2026-04-13 16:33:16,650 [INFO]   分类: 其他 | 公司:  | 姓名: 
2026-04-13 16:33:16,650 [INFO] 
处理: 0768_[券商公告]洁诺股份中国民族证券有限责任公司关于杭州洁诺清洁用品股份有限公司子公司杭州鲜生友请供应链有限公司被纳入失信被执行人名单的风险提示性公告.pdf
2026-04-13 16:33:17,132 [INFO]   分类: 公司被纳入 | 公司: 公司子公司 | 姓名: 
2026-04-13 16:33:17,132 [INFO] 
处理: 0769_[券商公告]金开利国融证券股份有限公司关于深圳市金开利科技股份有限公司董事、高级管理人员被纳入失信被执行人员名单、募集资金被司法扣划和违规担保的风险提示性公告.pdf
2026-04-13 16:33:18,209 [INFO]   分类: 个人被纳入 | 公司:  | 姓名: 徐伟于，王益，钱伟东
2026-04-13 16:33:18,209 [INFO] 
处理: 0770_[券商公告]方正证券股份有限公司关于湖南贵之步科教股份有限公司董事会、监事会及高级管理人员延期换届、公司及控股股东、实际控制人、董事长兼总经理被列入失信被执行人.pdf
2026-04-13 16:33:18,773 [INFO]   分类: 公司及个人被纳入 | 公司: 湖南贵之步科教股份有限公司 | 姓名: 郑靖
2026-04-13 16:33:18,775 [INFO] 
处理: 0771_券商公告]法兰智联方正承销保荐关于深圳市法兰智联股份有限公司重要资产被司法冻结、未规范履行信息披露义务、持续经营能力存在重大不确定性、公司及实际控制人被纳入失信.pdf
2026-04-13 16:33:19,483 [INFO]   分类: 公司及个人被纳入 | 公司:  | 姓名: 沈硕果，邱丽纯
2026-04-13 16:33:19,530 [INFO] 
结果已保存: D:\This computer\desktop\2019年失信人文件-pdf（771）\失信人信息提取结果_分类版.csv
2026-04-13 16:33:19,530 [INFO] 
完成！共 771 条记录
2026-04-13 16:33:19,530 [INFO] 分类[公司被纳入]: 297 条
2026-04-13 16:33:19,530 [INFO] 分类[公司被撤销]: 21 条
2026-04-13 16:33:19,530 [INFO] 分类[个人被纳入]: 214 条
2026-04-13 16:33:19,532 [INFO] 分类[个人被撤销]: 8 条
2026-04-13 16:33:19,532 [INFO] 分类[公司及个人被纳入]: 136 条
2026-04-13 16:33:19,532 [INFO] 分类[公司及个人被撤销]: 4 条
2026-04-13 16:33:19,532 [INFO] 分类[其他]: 28 条
